3.2 Sug‘urta to‘lovlari to`g`risidagi ma`lumotlar,3.2 Sug‘urta to‘lovlari to`g`risidagi ma`lumotlar,3.2 Sug‘urta to‘lovlari to`g`risidagi ma`lumotlar,3.2 Sug‘urta to‘lovlari to`g`risidagi ma`lumotlar,3.2 Sug‘urta to‘lovlari to`g`risidagi ma`lumotlar,3.2 Sug‘urta to‘lovlari to`g`risidagi ma`lumotlar,3.2 Sug‘urta to‘lovlari to`g`risidagi ma`lumotlar,3.2 Sug‘urta to‘lovlari to`g`risidagi ma`lumotlar,3.2 Sug‘urta to‘lovlari to`g`risidagi ma`lumotlar,3.2 Sug‘urta to‘lovlari to`g`risidagi ma`lumotlar,3.2 Sug‘urta to‘lovlari to`g`risidagi ma`lumotlar
,,,,,,,,,,mln. so‘m
№,Hudud,Sug‘urta to‘lovlari,Sug‘urta to‘lovlari,Sug‘urta to‘lovlari,shu jumladan,shu jumladan,shu jumladan,shu jumladan,shu jumladan,shu jumladan
№,Hudud,Sug‘urta to‘lovlari,Sug‘urta to‘lovlari,Sug‘urta to‘lovlari,Umumiy sug‘urta sohasi,Umumiy sug‘urta sohasi,Umumiy sug‘urta sohasi,Hayotni sug`urta qilish sohasi,Hayotni sug`urta qilish sohasi,Hayotni sug`urta qilish sohasi
№,Hudud,2025-07-01 00:00:00,2026-07-01 00:00:00,"O‘zgarish,%",2025-07-01 00:00:00,2026-07-01 00:00:00,"O‘zgarish,%",2025-07-01 00:00:00,2026-07-01 00:00:00,"O‘zgarish,%"
,Umumiy,1245375.969328846,2252963.6232526484,0.8090630289476424,1180917.9241630225,2156402.6482124478,0.826039391976205,64458.045165823554,96560.97504020046,0.49804380185265495
1,Qoraqalpog‘iston Respublikasi,60151.26219251999,15622.555196129999,-0.7402788465829946,59805.9987879,15320.089733919998,-0.743836905253398,345.26340461999996,302.46546221,-0.12395736657090484
2,Andijon,11977.956039359999,19547.42794243,0.6319502157293315,11647.545621379999,19224.87436736,0.6505515404096129,330.41041798000003,322.55357506999997,-0.023779041102982568
3,Buxoro,13223.69496225,17242.939765429997,0.3039426434634067,12935.05328328,16938.58254375,0.30951007102885364,288.64167897000004,304.35722168,0.0544465468953752
4,Jizzax,9432.332916419999,14122.4086510136,0.497233905562114,9156.889168079999,13917.822293843601,0.5199290980128644,275.44374834,204.58635716999999,-0.25724813722232553
5,Qashqadaryo,20032.51455528,16722.394274271854,-0.1652373830491336,19402.36282042,16219.018431870001,-0.16406993405976777,630.15173486,503.3758424018519,-0.20118312058017862
6,Navoiy,18474.620375280003,14264.73861023,-0.22787379007165098,17465.43700167,12106.716492950001,-0.3068185759226988,1009.18337361,2158.0221172799997,1.1383845331898717
7,Namangan,25765.126051159998,12458.706623729999,-0.5164507792823672,19294.16758731,6072.39695931,-0.6852729234453272,6470.95846385,6386.3096644199995,-0.013081338707842227
8,Samarqand,23484.600999699996,16055.763096349998,-0.31632804421266936,23190.931734109996,15654.893486619998,-0.32495625160267894,293.66926559,400.86960973,0.36503766890494216
9,Surxandaryo,44196.441278289996,10863.55909112,-0.7541983296185353,43961.56292511999,10726.63416098,-0.7559997086716242,234.87835317,136.92493014,-0.41703895530595525
10,Sirdaryo,26226.426217760007,9363.854734640003,-0.6429610860095384,26163.658272100005,9288.280844700002,-0.644993037743323,62.76794566,75.57388994000002,0.20402044619027304
11,Toshkent,34331.519266333606,37523.07570235,0.09296286631702078,28017.045243043605,28476.010302349998,0.0163816367973475,6314.474023289999,9047.065400000001,0.43275043441959604
12,Farg‘ona,80617.42011420746,63892.94280086,-0.20745488121121425,76279.42305889999,60676.31040498,-0.20455205385955633,4337.997055307471,3216.63239588,-0.2584982527951464
13,Xorazm,13497.632935870002,16198.028006979997,0.2000643434252598,13409.394905510002,15772.511937249998,0.17622846134309733,88.23803036,425.51606973,3.8223659117723763
14,Toshkent shahri,863964.4214244151,1989085.2287571128,1.3022767829695057,820188.453754199,1916008.506252564,1.3360588624267193,43775.96767021608,73076.72250454861,0.6693342578984938
