,2025-yil yanvar-iyun,2026-yil yanvar-iyun
Sug‘urta tashkilotlari soni,34,35
hayotni sug`urta qilish sohasi,6,7
umumiy sug‘urta sohasi,28,28
To‘lovlarni kafolatlash jamg‘armasi a'zolari bo‘lgan sug‘urta  tashkilotlarining soni,25,25
Sug‘urta tashkilotlarining umumiy ustav kapitali (trln. so‘mda),3.12856772824,4.292958301885999
,,
,,
,,
,,
,,
,,
,,
,2025-yil yanvar-iyun,2026-yil yanvar-iyun
"Jami investitsiyalar, shu jumladan:","8,3 trln. so`m","10,7 trln. so`m"
Depozitlar (omonatlar),0.6090311274873301,0.6509431642936837
Qimmatli qog‘ozlar,0.16664593307107767,0.14198316618312498
Ko‘chmas mulk,0.18672029107025942,0.1651121921372625
Tashkilotlar ustav fondidiagi ishtiroki,0.012696774013408296,0.007327596713123428
Boshqa investitsiyalar,0.02490587435792449,0.03463388067280539
,,
,,
,,
,,
,,
,,
,,
,,
,,
,,
,2025-yil yanvar-iyun,2026-yil yanvar-iyun
Sug‘urta mukofotlari,"6,2 trln. so`m",8 trln. so`m
majburiy sug‘urta,0.06666576637895934,0.10919437785802247
ixtiyoriy sug‘urta,0.8717087989527263,0.8253698927050142
hayotni sug`urta qilish sohasi,0.06162543466831444,0.06543572943696345
,,
,2025-yil yanvar-iyun,2026-yil yanvar-iyun
Sug‘urta to‘lovlari,"1,2 trln. so`m","2,3 trln. so`m"
majburiy sug‘urta,0.16210813255044826,0.10049690555915239
ixtiyoriy sug‘urta,0.7861339672130955,0.8566435586546898
hayotni sug`urta qilish sohasi,0.051757900236456204,0.042859535786157865
