2 BO‘LIM. SUG‘URTA KOMPANIYALARI KESIMIDAGI KO‘RSATKICHLAR,2 BO‘LIM. SUG‘URTA KOMPANIYALARI KESIMIDAGI KO‘RSATKICHLAR,2 BO‘LIM. SUG‘URTA KOMPANIYALARI KESIMIDAGI KO‘RSATKICHLAR,2 BO‘LIM. SUG‘URTA KOMPANIYALARI KESIMIDAGI KO‘RSATKICHLAR,2 BO‘LIM. SUG‘URTA KOMPANIYALARI KESIMIDAGI KO‘RSATKICHLAR,2 BO‘LIM. SUG‘URTA KOMPANIYALARI KESIMIDAGI KO‘RSATKICHLAR,2 BO‘LIM. SUG‘URTA KOMPANIYALARI KESIMIDAGI KO‘RSATKICHLAR,2 BO‘LIM. SUG‘URTA KOMPANIYALARI KESIMIDAGI KO‘RSATKICHLAR,2 BO‘LIM. SUG‘URTA KOMPANIYALARI KESIMIDAGI KO‘RSATKICHLAR,2 BO‘LIM. SUG‘URTA KOMPANIYALARI KESIMIDAGI KO‘RSATKICHLAR,2 BO‘LIM. SUG‘URTA KOMPANIYALARI KESIMIDAGI KO‘RSATKICHLAR,2 BO‘LIM. SUG‘URTA KOMPANIYALARI KESIMIDAGI KO‘RSATKICHLAR,2 BO‘LIM. SUG‘URTA KOMPANIYALARI KESIMIDAGI KO‘RSATKICHLAR,2 BO‘LIM. SUG‘URTA KOMPANIYALARI KESIMIDAGI KO‘RSATKICHLAR
2.1 Umumiy sug`urta sohasidagi sug`urta mukofotlari to`g`risidagi ma`lumotlar,2.1 Umumiy sug`urta sohasidagi sug`urta mukofotlari to`g`risidagi ma`lumotlar,2.1 Umumiy sug`urta sohasidagi sug`urta mukofotlari to`g`risidagi ma`lumotlar,2.1 Umumiy sug`urta sohasidagi sug`urta mukofotlari to`g`risidagi ma`lumotlar,2.1 Umumiy sug`urta sohasidagi sug`urta mukofotlari to`g`risidagi ma`lumotlar,2.1 Umumiy sug`urta sohasidagi sug`urta mukofotlari to`g`risidagi ma`lumotlar,2.1 Umumiy sug`urta sohasidagi sug`urta mukofotlari to`g`risidagi ma`lumotlar,2.1 Umumiy sug`urta sohasidagi sug`urta mukofotlari to`g`risidagi ma`lumotlar,2.1 Umumiy sug`urta sohasidagi sug`urta mukofotlari to`g`risidagi ma`lumotlar,2.1 Umumiy sug`urta sohasidagi sug`urta mukofotlari to`g`risidagi ma`lumotlar,2.1 Umumiy sug`urta sohasidagi sug`urta mukofotlari to`g`risidagi ma`lumotlar,2.1 Umumiy sug`urta sohasidagi sug`urta mukofotlari to`g`risidagi ma`lumotlar,2.1 Umumiy sug`urta sohasidagi sug`urta mukofotlari to`g`risidagi ma`lumotlar,2.1 Umumiy sug`urta sohasidagi sug`urta mukofotlari to`g`risidagi ma`lumotlar
,,,,,,,,,,,,,mln. so‘mda
№,Sug‘urta kompaniyalari nomi,Sof sug`urta mukofotlari *,Sof sug`urta mukofotlari *,Sof sug`urta mukofotlari *,Qayta sug`urtaga berilgan sug`uta mukofotlari,Qayta sug`urtaga berilgan sug`uta mukofotlari,Qayta sug`urtaga berilgan sug`uta mukofotlari,Qayta sug`urta bo`yicha qabul qilingan sug`uta mukofotlari,Qayta sug`urta bo`yicha qabul qilingan sug`uta mukofotlari,Qayta sug`urta bo`yicha qabul qilingan sug`uta mukofotlari,Umumiy sug`urta mukofotlari,Umumiy sug`urta mukofotlari,Umumiy sug`urta mukofotlari
№,Sug‘urta kompaniyalari nomi,2024-03-31 00:00:00,2025-03-31 00:00:00,"O‘zgarish, %",2024-03-31 00:00:00,2025-03-31 00:00:00,"O‘zgarish, %",2024-03-31 00:00:00,2025-03-31 00:00:00,"O‘zgarish, %",2024-03-31 00:00:00,2025-03-31 00:00:00,"O‘zgarish, %"
,Umumiy,1610448.5948140773,1624273.0571029438,0.008584230712724183,551788.2178846023,810567.7524818704,0.46898343641579476,438087.1457823984,556037.101079703,0.2692385668761239,2162236.8126986795,2434840.8095848146,0.1260749957105296
1,"""APEX INSURANCE"" AJ",751167.4694063254,466809.75371435063,-0.378554353420966,152400.85690250059,254440.43718752087,0.6695472870621768,26168.308986945718,82676.38295534589,2.1594086953264617,903568.326308826,721250.1909018715,-0.20177570428098524
2,"""MY-INSURANCE"" AJ",105842.0277544135,150142.91947293447,0.4185567175764324,137.38933340650925,207.3995785225793,0.5095755498639976,0,1272.0006317168002,0,105979.41708782001,150350.31905145705,0.4186747123440868
3,"""O‘ZBEKINVEST"" EISK AJ",70490.8125777274,142450.7119,1.0208408257874075,199988.24154538606,148471.6937,-0.25759788399206807,165818.64632958322,113805.3763,-0.31367564010986426,270479.05412311346,290922.4056,0.07558201333986236
4,"""GROSS SUG‘URTA KOMPANIYASI""  AJ",85073.59519010426,117339.6108309579,0.3792718007126943,26482.440949907308,89275.50568120398,2.3711207305275406,39447.65746329299,70150.40098194171,0.7783160140045926,111556.03614001157,206615.11651216188,0.8521195594727276
5,"""KAPITAL SUG‘URTA"" AJ",49077.57042335187,84554.49739509549,0.7228745568640282,260.12463,26100.444875824298,>+1000%,2140.4665626772003,28440.880569870504,>+1000%,49337.69505335187,110654.94227091978,1.242807292705138
6,"""KAFOLAT SUG‘URTA KOMPANIYASI"" AJ",97096.20058200022,77890.58228414008,-0.1977998951837514,53947.23504178,64575.68250649001,0.19701561083675,75324.11622378022,105345.99849063008,0.3985693264247261,151043.4356237802,142466.26479063008,-0.056786121142756496
7,"""KAFIL SUG’URTA"" AJ",38379.01665809846,74258.25454210001,0.9348660025251214,3619.6092074212256,3758.8513379,0.038468829782311476,520.14872305,1156.7146838331,1.22381529084694,41998.62586551969,78017.10588000002,0.8576109163621712
8,"""TRUST-INSURANCE"" AJ",14898.735926240355,68227.40937178399,3.5794092673069438,67.33634320084546,1029.6060489379533,>+1000%,0,2492.98514459349,0,14966.0722694412,69257.01542072195,3.6276012953736627
9,"""ALSKOM"" AJ",39260.18824671699,58319.70318806403,0.48546672322542483,140.2364251930112,12875.592779442657,>+1000%,0,0,0,39400.424671910005,71195.29596750668,0.8069677309408392
10,"""IMPEX-INSURANCE"" AJ",20625.502823,48910.07475264836,1.3713397521687352,676.303874,2741.2890188165998,3.053339222505474,1940.125497,5139.550165134868,1.6490812955564533,21301.806697,51651.36377146496,1.4247409858779343
11,"""EUROASIA INSURANCE""  AJ QK",22438.988778723,42370.91044744,0.8882718319114613,3355.8409965598994,748.5602805599999,-0.7769380964928447,19160.05808339287,43099.0316747351,1.249420721333383,25794.8297752829,43119.470728,0.6716323039789123
12,"""INSON"" AJ",49752.28069149899,40428.794022406466,-0.18739817631487188,1442.686401,953.9551788,-0.3387646974846614,3641.814950865889,3844.0602528864993,0.05553420608933579,51194.96709249899,41382.74920120647,-0.1916637210365586
13,"""ASIA INSURANCE SUG‘URTA KOMPANIYASI"" AJ",11802.669410465998,35616.08082527362,2.017629282549515,6109.732922115601,515.0636897964005,-0.9156978387824437,1162.7574489034998,1996.222000953461,0.7168000109016137,17912.402332581598,36131.14451507002,1.0171021085959868
14,"""TEMIRYO‘L SUG‘URTA""  AJ",30313.77149917932,33857.8762442045,0.11691401530558898,43650.106994274,34433.419091278,-0.21114926257122435,41119.38517759678,8067.996945970501,-0.8037909148902787,73963.87849345332,68291.2953354825,-0.07669396566964659
15,"""SQB INSURANCE SUG‘URTA KOMPANIYASI""  AJ",31969.56036,25625.09232,-0.19845340281682877,3683.5557999999996,10775.7617,1.9253694758743713,6084.536999999999,5645.0833999999995,-0.07222465735683747,35653.11616,36400.85402,0.02097258081578035
16,"""ISHONCH SUG‘URTA KOMPANIYASI""  AJ",11234.595650000001,19660.2933,0.7499778285300369,142.76104999999998,40.293099999999995,-0.7177584502215415,0,0,0,11377.3567,19700.5864,0.7315609345358751
17,"""GLOBAL INSURANCE GROUP"" AJ",7205.973300029999,15377.0635,1.133932899798003,0,0,0,0,0,0,7205.973300029999,15377.0635,1.133932899798003
18,"""INGO-UZBEKISTON"" AJ",15047.621440802714,15314.386345679046,0.01772804465647848,9583.150633095001,32276.156935770003,2.368011019706366,11290.49005889,26032.585337029002,1.3057090703101277,24630.772073897715,47590.54328144905,0.9321579988912645
19,"""XALQ SUG‘URTA""  AJ",15304.749975904662,14256.803243940007,-0.06847199291817974,242.9017,0,-1,131.04803085,473.53548632999997,2.6134498416997767,15547.651675904663,14256.803243940007,-0.08302529918168788
20,"""INFINITY INSURANCE"" AJ",18120.965990270604,13633.346347451936,-0.24764792590130869,2623.3297005599984,1011.61461114,-0.6143776320132188,1692.57919196,707.0620313618849,-0.582257636912628,20744.295690830604,14644.960958591935,-0.29402467180096636
21,"""SEMURG SUG‘URTA"" AJ QK",11452.70933269774,13429.021550852996,0.1725628548445599,591.1074972922669,13349.636950347003,>+1000%,0,0,0,12043.816829990006,26778.6585012,1.223436214549455
22,"""NEO INSURANCE CORP"" AJ",14832.221362479999,13397.73616132,-0.09671411760268855,4.6693299999999995,2768.9763529999996,>+1000%,363.91417099999995,376.6592919600001,0.035022326624373434,14836.89069248,16166.71251432,0.08962941423528936
23,"""O‘ZAGROSUG‘URTA"" AJ",24771.890199999998,13341.015799999994,-0.4614453845754575,30394.3585,42701.4535,0.4049137934594016,30273.5137,18164.391,-0.39999065916157595,55166.2487,56042.4693,0.01588327320867844
24,"""MOSAIC INSURANCE COMPANY"" AJ QK",8590.082291410003,10566.635496050005,0.23009712102717983,11145.208536909999,1295.1909201199999,-0.8837894404729469,6572.05462875,5355.480372620001,-0.18511322940134944,19735.29082832,11861.826416170004,-0.3989535538463731
25,"""ALFA INVEST SUG‘URTA KOMPANIYASI"" AJ",39533.271179999996,10036.189160000009,-0.7461330959863157,706.4578799999999,66141.36798,>+1000%,3979.1254099999996,31721.314409999995,6.971931301858616,40239.72906,76177.55714,0.8930931922134568
26,"""ARIA SUG‘URTA TASHKILOTI"" AJ",4969.175181,7275.587890000001,0.46414397258899953,170.58070899999998,0,-1,0,0,0,5139.755889999999,7275.587890000001,0.41555125296038153
27,"""IMKON SUG’URTA""  AJ",9284.02780087575,6950.280012649998,-0.2513723394931684,175.291,74.593,-0.5744618947920885,1225.8678438600275,73.38895278999999,-0.940133063153927,9459.31880087575,7024.873012649998,-0.2573595244512078
28,"""HAMKOR SUG’URTA"" AJ",7034.121230000001,4218.6169836,-0.40026382178232667,0,5.2064764,0,0,0,0,7034.121230000001,4223.82346,-0.39952364739099056
29,"**""OMAD SUG‘URTA"" AJ",4878.79955076,13.81,-0.9971693856539261,46.703981,0,-1,30.5303,0,-1,4925.5035317599995,13.81,-0.9971962257440378
* Sug'urta mukofotlari hajmini sun'iy oshirib yuborilishini oldini olish maqsadida sug`urta  tashkilotlari renkingi sof sug`urta mukofotlari bo`yicha shakllantirilgan.,* Sug'urta mukofotlari hajmini sun'iy oshirib yuborilishini oldini olish maqsadida sug`urta  tashkilotlari renkingi sof sug`urta mukofotlari bo`yicha shakllantirilgan.,* Sug'urta mukofotlari hajmini sun'iy oshirib yuborilishini oldini olish maqsadida sug`urta  tashkilotlari renkingi sof sug`urta mukofotlari bo`yicha shakllantirilgan.,* Sug'urta mukofotlari hajmini sun'iy oshirib yuborilishini oldini olish maqsadida sug`urta  tashkilotlari renkingi sof sug`urta mukofotlari bo`yicha shakllantirilgan.,* Sug'urta mukofotlari hajmini sun'iy oshirib yuborilishini oldini olish maqsadida sug`urta  tashkilotlari renkingi sof sug`urta mukofotlari bo`yicha shakllantirilgan.,* Sug'urta mukofotlari hajmini sun'iy oshirib yuborilishini oldini olish maqsadida sug`urta  tashkilotlari renkingi sof sug`urta mukofotlari bo`yicha shakllantirilgan.,* Sug'urta mukofotlari hajmini sun'iy oshirib yuborilishini oldini olish maqsadida sug`urta  tashkilotlari renkingi sof sug`urta mukofotlari bo`yicha shakllantirilgan.,* Sug'urta mukofotlari hajmini sun'iy oshirib yuborilishini oldini olish maqsadida sug`urta  tashkilotlari renkingi sof sug`urta mukofotlari bo`yicha shakllantirilgan.,* Sug'urta mukofotlari hajmini sun'iy oshirib yuborilishini oldini olish maqsadida sug`urta  tashkilotlari renkingi sof sug`urta mukofotlari bo`yicha shakllantirilgan.,* Sug'urta mukofotlari hajmini sun'iy oshirib yuborilishini oldini olish maqsadida sug`urta  tashkilotlari renkingi sof sug`urta mukofotlari bo`yicha shakllantirilgan.,* Sug'urta mukofotlari hajmini sun'iy oshirib yuborilishini oldini olish maqsadida sug`urta  tashkilotlari renkingi sof sug`urta mukofotlari bo`yicha shakllantirilgan.,* Sug'urta mukofotlari hajmini sun'iy oshirib yuborilishini oldini olish maqsadida sug`urta  tashkilotlari renkingi sof sug`urta mukofotlari bo`yicha shakllantirilgan.,* Sug'urta mukofotlari hajmini sun'iy oshirib yuborilishini oldini olish maqsadida sug`urta  tashkilotlari renkingi sof sug`urta mukofotlari bo`yicha shakllantirilgan.,* Sug'urta mukofotlari hajmini sun'iy oshirib yuborilishini oldini olish maqsadida sug`urta  tashkilotlari renkingi sof sug`urta mukofotlari bo`yicha shakllantirilgan.
** Sug`urta tashkiloti litsenziyasi bekor qilingan.,** Sug`urta tashkiloti litsenziyasi bekor qilingan.,** Sug`urta tashkiloti litsenziyasi bekor qilingan.,** Sug`urta tashkiloti litsenziyasi bekor qilingan.,** Sug`urta tashkiloti litsenziyasi bekor qilingan.,** Sug`urta tashkiloti litsenziyasi bekor qilingan.,** Sug`urta tashkiloti litsenziyasi bekor qilingan.,** Sug`urta tashkiloti litsenziyasi bekor qilingan.,,,,,,
*** Sug`urta tashkiloti faoliyati vaqtincha to‘xtatilgan.,*** Sug`urta tashkiloti faoliyati vaqtincha to‘xtatilgan.,*** Sug`urta tashkiloti faoliyati vaqtincha to‘xtatilgan.,*** Sug`urta tashkiloti faoliyati vaqtincha to‘xtatilgan.,*** Sug`urta tashkiloti faoliyati vaqtincha to‘xtatilgan.,*** Sug`urta tashkiloti faoliyati vaqtincha to‘xtatilgan.,*** Sug`urta tashkiloti faoliyati vaqtincha to‘xtatilgan.,*** Sug`urta tashkiloti faoliyati vaqtincha to‘xtatilgan.,,,,,,
