,2024-yil yanvar-mart,2025-yil yanvar-mart
Sug‘urta tashkilotlari soni,37,34
hayotni sug`urta qilish sohasi,6,6
umumiy sug‘urta sohasi,31,28
To‘lovlarni kafolatlash jamg‘armasi a'zolari bo‘lgan sug‘urta  tashkilotlarining soni,25,25
Sug‘urta tashkilotlarining umumiy ustav kapitali (trln. so‘mda),2.32735655654,3.03069508004
,,
,,
,,
,,
,,
,,
,,
,2024-yil yanvar-mart,2025-yil yanvar-mart
"Jami investitsiyalar, shu jumladan:","6,1 trln. so`m","7,3 trln. so`m"
Depozitlar (omonatlar),0.664,0.691950715580759
Qimmatli qog‘ozlar,0.217,0.18851698649082937
Ko‘chmas mulk,0.095,0.07750906080868708
Tashkilotlar ustav fondidiagi ishtiroki,0.015,0.015
Boshqa investitsiyalar,0.008999999999999966,0.0270232371197245
,,
,,
,,
,,
,,
,,
,,
,,
,,
,,
,2024-yil yanvar-mart,2025-yil yanvar-mart
Sug‘urta mukofotlari,"2,2 trln. so`m","2,6 trln. so`m"
majburiy sug‘urta,0.06712131181345457,0.08322987241836627
ixtiyoriy sug‘urta,0.9095161603770907,0.8423958929257587
hayotni sug`urta qilish sohasi,0.023362527809454546,0.07437423465587516
,,
,2024-yil yanvar-mart,2025-yil yanvar-mart
Sug‘urta to‘lovlari,"0,6 trln. so`m","0,6 trln. so`m"
majburiy sug‘urta,0.157825830655456,0.14007294060288783
ixtiyoriy sug‘urta,0.7519784561560883,0.7864428172444524
hayotni sug`urta qilish sohasi,0.09019571318845578,0.07348424215265989
