№;категория_проф_риска;КСТ;код_ОКЭД_IFUT;вид_деятельности
1;1;0,571;01619;Предоставление прочих услуг в области сельского хозяйства
2;1;0,571;18200;Отображение записей на информационных носителях
3;1;0,571;41100;Разработка строительных проектов
4;1;0,571;46110;Деятельность агентов по оптовой торговле сельскохозяйственным сырьём, живыми животными, текстильным сырьём и полуфабрикатами
5;1;0,571;46120;Деятельность агентов по оптовой торговле топливом, рудами, металлами и химическими веществами
6;1;0,571;46130;Деятельность агентов по оптовой торговле древесиной и строительными материалами
7;1;0,571;46140;Деятельность агентов по оптовой торговле машинами, оборудованием, промышленным оборудованием, водными и воздушными судами
8;1;0,571;46150;Деятельность агентов по оптовой торговле мебелью, товарами для дома, скобяными изделиями и прочими металлическими изделиями
9;1;0,571;46160;Деятельность агентов по оптовой торговле текстильными изделиями, одеждой, обувью, меховыми и кожаными изделиями
10;1;0,571;46170;Деятельность агентов по оптовой торговле продуктами питания, включая напитки и табачные изделия
11;1;0,571;46180;Деятельность агентов, специализирующихся на оптовой торговле отдельными видами или группами товаров, не включённых в другие категории
12;1;0,571;46190;Деятельность агентов по оптовой торговле широким ассортиментом товаров
13;1;0,571;59000;Производство кино- и видеофильмов, телевизионных программ, фонограмм и музыкальных записей
14;1;0,571;59100;Производство кино- и видеофильмов и телевизионных программ
15;1;0,571;59110;Производство кино- и видеофильмов и телевизионных программ
16;1;0,571;59120;Послепроизводственный этап кино-, видеофильмов и телевизионных программ
17;1;0,571;59130;Распространение кинофильмов, видео- и телевизионных программ
18;1;0,571;59140;Демонстрация кинофильмов
19;1;0,571;59200;Деятельность по изданию фонограмм и музыкальных записей
20;1;0,571;60000;Деятельность по созданию программ, телевещанию и радиовещанию
21;1;0,571;60100;Радиовещание
22;1;0,571;60200;Деятельность по созданию и демонстрации телевизионных программ
23;1;0,571;61000;Связь
24;1;0,571;61100;Предоставление услуг проводной связи
25;1;0,571;61200;Предоставление услуг беспроводной связи
26;1;0,571;61300;Предоставление услуг спутниковой связи
27;1;0,571;61900;Предоставление прочих телекоммуникационных услуг
28;1;0,571;62000;Компьютерное программирование, консультации и другие вспомогательные услуги
29;1;0,571;62010;Деятельность в области компьютерного программирования
30;1;0,571;62020;Консультационные услуги в области компьютерных технологий
31;1;0,571;62030;Деятельность по управлению компьютерным оборудованием
32;1;0,571;62090;Другие виды деятельности в сфере информационных технологий и компьютерных систем
33;1;0,571;63000;Деятельность в области предоставления информационных услуг
34;1;0,571;63100;Услуги по размещению и обработке данных, веб-порталы
35;1;0,571;63110;Услуги по размещению и обработке данных
36;1;0,571;63120;Веб-порталы
37;1;0,571;63900;Другие виды информационных услуг
38;1;0,571;63910;Деятельность информационных агентств
39;1;0,571;63990;Прочая деятельность по предоставлению информационных услуг, не включённая в другие категории
40;1;0,571;64000;Финансовые услуги, кроме услуг по страхованию и пенсионному обеспечению
41;1;0,571;64100;Денежно-кредитное посредничество
42;1;0,571;64110;Деятельность Центрального банка
43;1;0,571;64190;Прочие виды денежно-кредитного посредничества
44;1;0,571;64200;Деятельность холдинговых компаний
45;1;0,571;64300;Тресты, фонды и аналогичные финансовые организации
46;1;0,571;64900;Прочие виды финансовых услуг, за исключением услуг по страхованию и пенсионному обеспечению
47;1;0,571;64910;Финансовый лизинг
48;1;0,571;64920;Прочие виды кредитования
49;1;0,571;64990;Прочие виды финансовых услуг, за исключением услуг по страхованию и пенсионному обеспечению, не включённые в другие категории
50;1;0,571;65000;Деятельность по страхованию, перестрахованию и негосударственных пенсионных фондов, кроме обязательного социального страхования
51;1;0,571;65100;Страхование
52;1;0,571;65110;Страхование жизни
53;1;0,571;65120;Страхование, кроме страхования жизни
54;1;0,571;65200;Перестрахование
55;1;0,571;65300;Деятельность пенсионных фондов
56;1;0,571;66000;Вспомогательная деятельность по предоставлению финансовых услуг и страхованию
57;1;0,571;66100;Вспомогательная деятельность по предоставлению финансовых услуг, кроме страхования и пенсионного обеспечения
58;1;0,571;66110;Управление финансовыми рынками
59;1;0,571;66120;Брокерские услуги по ценным бумагам и товарным контрактам
60;1;0,571;66190;Прочая вспомогательная деятельность по предоставлению финансовых услуг, кроме страхования и пенсионного обеспечения
61;1;0,571;66200;Вспомогательная деятельность в области страхования и пенсионного обеспечения
62;1;0,571;66210;Деятельность по оценке страхового риска и ущерба
63;1;0,571;66220;Деятельность страховых агентов и брокеров
64;1;0,571;66290;Прочая вспомогательная деятельность в области страхования и пенсионного обеспечения
65;1;0,571;66300;Управление фондами
66;1;0,571;68000;Операции с недвижимым имуществом
67;1;0,571;68100;Купля-продажа собственного недвижимого имущества
68;1;0,571;68200;Сдача в аренду и управление собственным или арендованным недвижимым имуществом
69;1;0,571;68201;Сдача в аренду и управление помещениями для организации торговли
70;1;0,571;68202;дача в аренду и управление нежилыми помещениями
71;1;0,571;68203;Сдача в аренду и управление многоквартирными домами и жилыми помещениями
72;1;0,571;68204;Сдача в аренду и управление землями
73;1;0,571;68300;Операции с недвижимым имуществом за вознаграждение или на основании договора
74;1;0,571;68310;Деятельность агентств по операциям с недвижимым имуществом
75;1;0,571;68320;Управление недвижимым имуществом за вознаграждение или на основании договора
76;1;0,571;68321;Управление недвижимым имуществом, предназначенным или не предназначенным для производственных целей, непригодным для проживания
77;1;0,571;68329;Услуги по управлению недвижимым имуществом, не включённым в другие категории
78;1;0,571;69000;Деятельность в сфере права и бухгалтерского учёта
79;1;0,571;69100;Юридические услуги
80;1;0,571;69101;Деятельность адвокатской организации
81;1;0,571;69102;Деятельность нотариусов
82;1;0,571;69109;Другие юридические услуги
83;1;0,571;69200;"Деятельность в области бухгалтерского учета и аудита; консультации по налогообложению"
84;1;0,571;69201;Деятельность в области бухгалтерского учета
85;1;0,571;69202;Аудиторская деятельность
86;1;0,571;69203;Услуги консультантов по вопросам налогообложения
87;1;0,571;70000;"Деятельность головных компаний; консультации по вопросам управления"
88;1;0,571;70100;Деятельность головных компаний
89;1;0,571;70200;Консультации по вопросам управления
90;1;0,571;70210;Деятельность в области общественных связей и коммуникаций
91;1;0,571;70220;Консультирование по вопросам коммерческой деятельности и управления
92;1;0,571;71000;Деятельность в области архитектурных и инженерных исследований, технических испытаний и анализа
93;1;0,571;71100;Деятельность в области архитектурных и инженерных исследований и предоставление технических консультаций в этих областях
94;1;0,571;71110;Деятельность в области архитектуры
95;1;0,571;71120;Деятельность в области архитектурных исследований и предоставление технических консультаций в этом области
96;1;0,571;71200;технические испытания и анализы
97;1;0,571;72000;научные исследования и разработки
98;1;0,571;72100;Научные исследования и экспериментальные разработки в области естественных наук и инженерии
99;1;0,571;72110;Научные исследования и экспериментальные разработки в области биотехнологий
100;1;0,571;72190;Другие исследования и разработки в области естественных наук и инженерии
101;1;0,571;72200;Исследования и экспериментальные разработки в области социальных и гуманитарных наук
102;1;0,571;73000;Рекламная деятельность и исследование рыночной конъюнктуры
103;1;0,571;73100;Рекламная деятельность
104;1;0,571;73110;Рекламные агентства
105;1;0,571;73120;Размещение рекламы в средствах массовой информации
106;1;0,571;74000;Прочая профессиональная, научная и техническая деятельность
107;1;0,571;74100;Специализированная дизайнерская деятельность
108;1;0,571;74300;Письменный и устный перевод
109;1;0,571;74900;Профессиональная, научная и техническая деятельность, не включённая в другие категории
110;1;0,571;77000;Профессиональная, научная и техническая деятельность, не включённая в другие категории
111;1;0,571;77100;Аренда и лизинг моторных транспортных средств
112;1;0,571;77110;Аренда и лизинг легковых автомобилей и легких моторных транспортных средств
113;1;0,571;77120;Аренда и лизинг грузовых транспортных средств
114;1;0,571;77130;Краткосрочная аренда автомобилей и автотранспортных средств сроком до 30 дней
115;1;0,571;77200;Аренда и лизинг личных вещей и бытовых товаров
116;1;0,571;77210;Аренда и лизинг оборудования для отдыха и спорта
117;1;0,571;77220;Аренда видеозаписей и дисков
118;1;0,571;77290;Аренда и лизинг прочих личных вещей и бытовых товаров
119;1;0,571;77300;Аренда и лизинг прочих машин, оборудования и материальных средств
120;1;0,571;77310;Аренда и лизинг сельскохозяйственной техники и оборудования
121;1;0,571;77320;Аренда и лизинг строительной техники и оборудования для строительства гражданских объектов
122;1;0,571;77330;Аренда и лизинг офисной техники и оборудования, включая вычислительную технику
123;1;0,571;77340;Аренда и лизинг водного транспортного средства и оборудования
124;1;0,571;77350;Аренда и лизинг воздушного транспортного средства и оборудования
125;1;0,571;77390;Аренда и лизинг машин, оборудования и материальных средств, не включенных в другие категории
126;1;0,571;77400;Аренда и лизинг интеллектуальной собственности и подобных продуктов, за исключением произведений, защищенных авторским правом
127;1;0,571;78000;Трудоустройство
128;1;0,571;78100;Деятельность агентств по трудоустройству
129;1;0,571;78200;Деятельность агентств по временной занятости
130;1;0,571;78300;Деятельность прочих организаций, занимающихся работой с персоналом
131;1;0,571;84000;"Государственное управление и оборона; обязательное социальное обеспечение"
132;1;0,571;84100;"Общее государственное управление; социально-экономическое управление"
133;1;0,571;84110;Общее государственное управление
134;1;0,571;84111;Деятельность органов государственной власти и управления республиканского уровня
135;1;0,571;84112;Деятельность территориальных органов государственной власти и управления
136;1;0,571;84113;Деятельность органов местного самоуправления
137;1;0,571;84119;Управление государственными службами, не включенными в другие категории
138;1;0,571;84120;Управление учреждениями, предоставляющими медицинские и культурные услуги, а также прочие социальные услуги, кроме социального обеспечения
139;1;0,571;84130;Содействие и управление эффективной экономической деятельностью
140;1;0,571;84200;Оказание услуг обществу государством
141;1;0,571;84210;Международная деятельность
142;1;0,571;84220;Оборонная деятельность
143;1;0,571;84230;Деятельность в области юстиции и суд
144;1;0,571;84240;Деятельность по обеспечению общественного порядка и безопасности
145;1;0,571;84300;Деятельность в сфере обязательного социального обеспечения
146;1;0,571;85000;Образование
147;1;0,571;85100;Дошкольное образование
148;1;0,571;85200;Дошкольное образование
149;1;0,571;85300;Среднее образование
150;1;0,571;85310;Общее среднее образование
151;1;0,571;85320;Техническое и профессиональное среднее образование
152;1;0,571;85400;Высшее образование
153;1;0,571;85410;Послесреднее образование
154;1;0,571;85420;Высшее образование
155;1;0,571;85500;Другие виды образования
156;1;0,571;85510;Образование в области спорта, включая обучение для досуга
157;1;0,571;85520;Образование в сфере культуры
158;1;0,571;85530;Деятельность школ подготовки водителей транспортных средств
159;1;0,571;85590;Другие виды образования, не включённые в другие категории
160;1;0,571;85600;Вспомогательная деятельность в сфере образования
161;1;0,571;86000;Вспомогательная деятельность в сфере образования
162;1;0,571;86100;Деятельность больничных учреждений
163;1;0,571;86200;Деятельность в области общей медицинской практики и стоматологии
164;1;0,571;86210;Деятельность в области общей медицинской практики
165;1;0,571;86220;Деятельность в области специализированной медицинской практики
166;1;0,571;86230;Деятельность в области стоматологии
167;1;0,571;86900;Прочая деятельность в сфере здравоохранения
168;1;0,571;87000;Уход с предоставлением жилья
169;1;0,571;87100;Медицинское обслуживание с предоставлением жилья
170;1;0,571;87200;Деятельность, связанная с проживанием лиц с умственными и физическими недостатками, психическими и наркологическими заболеваниями
171;1;0,571;87300;Уход за пожилыми и инвалидами с предоставлением жилья
172;1;0,571;87900;Другие виды ухода с предоставлением жилья
173;1;0,571;88000;Социальные услуги без предоставления жилья
174;1;0,571;88100;Социальные услуги для пожилых и инвалидов без предоставления жилья
175;1;0,571;88900;Другие социальные услуги без предоставления жилья
176;1;0,571;88910;Дневной уход за детьми
177;1;0,571;88990;Прочие социальные услуги без предоставления жилья, не включённые в другие категории
178;1;0,571;90000;Деятельность в сфере творчества, искусства и развлечений
179;1;0,571;90010;Деятельность театров
180;1;0,571;90020;Техническая поддержка постановок
181;1;0,571;90030;Деятельность в области искусства
182;1;0,571;90040;Деятельность театров и концертных залов
183;1;0,571;91000;Библиотеки, архивы, музеи и другие учреждения культуры
184;1;0,571;91010;Деятельность библиотек и архивов
185;1;0,571;91020;Деятельность музеев
186;1;0,571;91030;Деятельность по сохранению исторических мест и зданий, культурных памятников
187;1;0,571;91040;Деятельность ботанических садов, зоопарков и заповедников
188;1;0,571;93000;Деятельность в области спорта, отдыха и организации развлечений
189;1;0,571;93100;Спортивная деятельность
190;1;0,571;93110;Деятельность спортивных объектов
191;1;0,571;93120;Деятельность спортивных клубов
192;1;0,571;93130;Деятельность фитнес-клубов
193;1;0,571;93190;Прочая спортивная деятельность
194;1;0,571;93200;Деятельность по организации отдыха и развлечений
195;1;0,571;93210;Деятельность парков отдыха и тематических парков
196;1;0,571;93290;Прочая деятельность по организации отдыха и развлечений
197;1;0,571;94000;Деятельность членских организаций
198;1;0,571;94100;Деятельность коммерческих, предпринимательских и профессиональных членских организаций
199;1;0,571;94110;Деятельность членских организаций в сфере коммерции и предпринимательства
200;1;0,571;94120;Деятельность профессиональных членских организаций
201;1;0,571;94200;Деятельность профсоюзов
202;1;0,571;94900;Деятельность других профессиональных членских организаций
203;1;0,571;94910;Деятельность религиозных организаций
204;1;0,571;94920;Деятельность политических организаций
205;1;0,571;94990;Деятельность членских организаций, не включённых в другие категории
206;1;0,571;97000;Деятельность домашних хозяйств, нанимающих домашнюю прислугу
207;1;0,571;98000;Производство товаров и услуг для собственного потребления домашними хозяйствами
208;1;0,571;98100;Производство товаров для собственного потребления домашними хозяйствами
209;1;0,571;98200;Производство услуг для собственного потребления домашними хозяйствами
210;1;0,571;99000;Деятельность экстерриториальных организаций
211;2;0,857;35130;Распределение электроэнергии
212;2;0,857;35140;Продажа электроэнергии
213;2;0,857;53000;Деятельность почтовой и курьерской связи
214;2;0,857;53100;Почтовая связь на основе обязательств универсального обслуживания
215;2;0,857;53200;Прочая деятельность почтовой и курьерской связи
216;2;0,857;55300;Деятельность туристических баз, зон отдыха и парков развлечений
217;2;0,857;73200;Исследование конъюнктуры рынка и изучение общественного мнения
218;2;0,857;74200;Исследование конъюнктуры рынка и изучение общественного мнения
219;2;0,857;79000;Деятельность туроператоров, турагентств и прочих организаций в сфере туризма
220;2;0,857;79100;Деятельность туристических агентств и туроператоров
221;2;0,857;79110;Деятельность туристических агентств
222;2;0,857;79120;Деятельность туроператоров
223;2;0,857;79900;Прочие услуги по бронированию и сопутствующие услуги
224;2;0,857;81000;Прочие услуги по бронированию и сопутствующие услуги
225;2;0,857;81100;Комплексное обслуживание объектов
226;2;0,857;81200;Деятельность по уборке
227;2;0,857;81210;Общая уборка зданий
228;2;0,857;81220;Прочая деятельность по уборке зданий и промышленных объектов
229;2;0,857;81290;Прочие виды услуг по уборке
230;2;0,857;81300;"Деятельность по благоустройству; проектирование ландшафта"
231;2;0,857;82000;Деятельность в области административного, хозяйственного и прочего вспомогательного обслуживания
232;2;0,857;82100;Деятельность в области административного и вспомогательного обслуживания
233;2;0,857;82110;Комплексное предоставление административно-управленческих услуг
234;2;0,857;82190;Копирование документов, подготовка документов и прочие специализированные офисные услуги
235;2;0,857;82200;Деятельность справочных и информационных служб
236;2;0,857;82300;Организация конференций и торгово-промышленных выставок
237;2;0,857;82900;Прочая вспомогательная деятельность в сфере хозяйственной деятельности, не включённая в другие категории
238;2;0,857;82910;Деятельность агентств по сбору платежей и кредитных бюро
239;2;0,857;82920;Деятельность по упаковке
240;2;0,857;82990;Прочие виды вспомогательной деятельности в сфере хозяйственной деятельности, не включённые в другие категории
241;2;0,857;92000;Услуги по организации азартных игр и заключению пари
242;2;0,857;96020;Услуги парикмахерских и салонов красоты
243;2;0,857;96030;Организация похорон и сопутствующая деятельность
244;2;0,857;96040;Деятельность по обеспечению физического комфорта
245;2;0,857;96090;Прочие персональные услуги, не включённые в другие категории
246;3;1,143;11050;Производство пиво
247;3;1,143;11060;Производство солода (пророщенная и дроблёная пшеница, ячмень и др.)
248;3;1,143;32910;Производство метёлок и щёток
249;3;1,143;45000;Оптовая и розничная торговля автомобилями и мотоциклами и их ремонт
250;3;1,143;45100;Торговля автотранспортными средствами
251;3;1,143;45110;Торговля автомобилями и легковыми автотранспортными средствами
252;3;1,143;45111;Оптовая торговля автомобилями и легковыми автотранспортными средствами
253;3;1,143;45112;Розничная торговля автомобилями и легковыми автотранспортными средствами
254;3;1,143;45190;Торговля прочими автотранспортными средствами
255;3;1,143;45191;Оптовая торговля прочими автотранспортными средствами
256;3;1,143;45192;Розничная торговля прочими автотранспортными средствами
257;3;1,143;45300;Торговля автозапчастями, узлами и принадлежностями
258;3;1,143;45310;Оптовая торговля автозапчастями, узлами и принадлежностями
259;3;1,143;45320;Розничная торговля автозапчастями, узлами и принадлежностями
260;3;1,143;45400;"Торговля мотоциклами, их деталями, узлами и принадлежностями; техническое обслуживание и ремонт мотоциклов"
261;3;1,143;45401;Оптовая торговля мотоциклами, их деталями, узлами и принадлежностями
262;3;1,143;45402;Розничная торговля автозапчастями, узлами и принадлежностями
263;3;1,143;46000;"Торговля мотоциклами, их деталями, узлами и принадлежностями; техническое обслуживание и ремонт мотоциклов"
264;3;1,143;46100;Оптовая торговля мотоциклами, их деталями, узлами и принадлежностями
265;3;1,143;47000;Розничная торговля, кроме торговли автомобилями и мотоциклами
266;3;1,143;47100;Розничная торговля в неспециализированных магазинах
267;3;1,143;47110;Розничная торговля в неспециализированных магазинах преимущественно продуктами питания, включая напитки и табачные изделия
268;3;1,143;47190;Розничная торговля в неспециализированных магазинах прочими товарами
269;3;1,143;47200;Розничная торговля в специализированных магазинах преимущественно продуктами питания, включая напитки и табачные изделия
270;3;1,143;47210;Розничная торговля фруктами и овощами в специализированных магазинах
271;3;1,143;47220;Розничная торговля мясом и мясными продуктами в специализированных магазинах
272;3;1,143;47230;Розничная торговля рыбой, ракообразными и моллюсками в специализированных магазинах
273;3;1,143;47240;Розничная торговля хлебобулочными изделиями, мучными и кондитерскими изделиями в специализированных магазинах
274;3;1,143;47250;Розничная торговля напитками в специализированных магазинах
275;3;1,143;47251;Розничная торговля алкогольными напитками
276;3;1,143;47252;Розничная торговля безалкогольными напитками и пивом
277;3;1,143;47260;Розничная торговля табачными изделиями в специализированных магазинах
278;3;1,143;47290;Розничная торговля прочими продуктами питания в специализированных магазинах
279;3;1,143;47300;Розничная торговля моторным топливом в специализированных магазинах
280;3;1,143;47400;Розничная торговля информационным и телекоммуникационным оборудованием в специализированных магазинах
281;3;1,143;47410;Розничная торговля компьютерами, периферийным оборудованием и программным обеспечением в специализированных магазинах
282;3;1,143;47420;Розничная торговля телекоммуникационным оборудованием в специализированных магазинах
283;3;1,143;47430;Розничная торговля аудио- и видеотехникой в специализированных магазинах
284;3;1,143;47500;Розничная торговля прочим оборудованием для дома в специализированных магазинах
285;3;1,143;47510;Розничная торговля текстильными изделиями в специализированных магазинах
286;3;1,143;47520;Розничная торговля в специализированных магазинах скобяными изделиями, лакокрасочными материалами и стеклом
287;3;1,143;47530;Розничная торговля в специализированных магазинах коврами, настенными и напольными покрытиями
288;3;1,143;47531;Розничная торговля коврами и ковровыми изделиями в специализированных магазинах
289;3;1,143;47539;Розничная торговля прочими настенными и напольными покрытиями в специализированных магазинах
290;3;1,143;47540;Розничная торговля бытовыми электротоварами в специализированных магазинах
291;3;1,143;47590;Розничная торговля мебелью, осветительным оборудованием и прочими бытовыми предметами в специализированных магазинах
292;3;1,143;47591;Розничная торговля мебелью в специализированных магазинах
293;3;1,143;47599;Розничная торговля осветительным оборудованием и прочими бытовыми предметами в специализированных магазинах
294;3;1,143;47600;Розничная торговля товарами для культурного отдыха, спорта и досуга в специализированных магазинах
295;3;1,143;47610;Розничная торговля книгами в специализированных магазинах
296;3;1,143;47620;Розничная торговля газетами, журналами и канцелярскими товарами в специализированных магазинах
297;3;1,143;47630;Розничная торговля видео- и аудиозаписями в специализированных магазинах
298;3;1,143;47640;Розничная торговля спортивными товарами в специализированных магазинах
299;3;1,143;47650;Розничная торговля играми и игрушками в специализированных магазинах
300;3;1,143;47700;Розничная торговля прочими товарами в специализированных магазинах
301;3;1,143;47710;Розничная торговля одеждой в специализированных магазинах
302;3;1,143;47711;Розничная торговля трикотажными и чулочно-носочными изделиями в специализированных магазинах
303;3;1,143;47712;Розничная торговля одеждой (кроме трикотажных и чулочно-носочных изделий) в специализированных магазинах
304;3;1,143;47720;Розничная торговля обувью и кожаными изделиями в специализированных магазинах
305;3;1,143;47721;Розничная торговля обувью в специализированных магазинах
306;3;1,143;47722;Розничная торговля кожаными изделиями в специализированных магазинах
307;3;1,143;47730;Розничная торговля фармацевтическими товарами в специализированных магазинах
308;3;1,143;47740;Розничная торговля медицинскими и ортопедическими товарами в специализированных магазинах
309;3;1,143;47750;Розничная торговля косметическими товарами и предметами личной гигиены в специализированных магазинах
310;3;1,143;47760;Розничная торговля цветами и другими растениями, семенами, удобрениями, домашними животными и кормами для них в специализированных магазинах
311;3;1,143;47770;Розничная торговля часами и ювелирными изделиями в специализированных магазинах
312;3;1,143;47780;Розничная торговля прочими новыми товарами в специализированных магазинах
313;3;1,143;47790;Розничная торговля бывшими в употреблении товарами
314;3;1,143;47800;Розничная торговля через палатки и рынки
315;3;1,143;47810;Розничная торговля продуктами питания, напитками и табачными изделиями на палатках и рынках
316;3;1,143;47820;Розничная торговля текстильными изделиями, одеждой и обувью на палатках и рынках
317;3;1,143;47890;Розничная торговля прочими товарами на палатках и рынках
318;3;1,143;47900;Розничная торговля вне магазинов, палаток и рынков
319;3;1,143;47910;Розничная торговля по почте и через Интернет
320;3;1,143;47990;Прочая розничная торговля вне магазинов, палаток и рынков
321;3;1,143;55000;Услуги в сфере проживания
322;3;1,143;55100;Услуги гостиниц и аналогичных средств размещения
323;3;1,143;55200;Предоставление жилья на выходные и краткосрочное проживание
324;3;1,143;55900;Прочие услуги по предоставлению жилья
325;3;1,143;56000;Услуги по доставке продуктов питания и напитков
326;3;1,143;56100;Услуги ресторанов и доставка продуктов питания
327;3;1,143;56200;Прочие услуги по доставке готовой пищи и продуктов питания по заказу
328;3;1,143;56210;Доставка готовой пищи по заказу
329;3;1,143;56290;Прочие виды организации питания
330;3;1,143;56300;Доставка напитков
331;3;1,143;80000;Деятельность по обеспечению безопасности и проведению расследований
332;3;1,143;80100;Деятельность служб частной охраны
333;3;1,143;80200;Деятельность в сфере охранных систем
334;3;1,143;80300;Проведение расследований
335;4;1,429;12000;Производство табачных изделий
336;4;1,429;18000;Издательская и полиграфическая деятельность
337;4;1,429;18100;Полиграфическая деятельность и сопутствующие услуги
338;4;1,429;18110;Издание газет
339;4;1,429;18120;Прочие виды полиграфической деятельности
340;4;1,429;18130;Подготовка печатных форм и информационная деятельность
341;4;1,429;18140;Переплётно-брошюровочные и отделочные работы и сопутствующие услуги
342;4;1,429;20400;Производство мыла, моющих средств, чистящих и полировальных препаратов, парфюмерии и косметики
343;4;1,429;20410;Производство мыла, моющих, чистящих и полировальных средств
344;4;1,429;20420;Производство парфюмерии и косметических средств
345;4;1,429;20530;Производство эфирных масел
346;4;1,429;23420;Производство санитарно-гигиенических изделий из керамики
347;4;1,429;23440;Производство прочих технических керамических изделий
348;4;1,429;26520;Производство часов
349;4;1,429;32000;Производство прочих готовых изделий
350;4;1,429;32100;Производство ювелирных изделий, бижутерии и аналогичных изделий
351;4;1,429;32110;Чеканка монет
352;4;1,429;32120;Производство ювелирных и аналогичных изделий
353;4;1,429;32130;Производство бижутерии и аналогичных изделий
354;4;1,429;32900;Производство прочих готовых изделий, не включённых в другие категории
355;4;1,429;36000;Сбор, обработка и распределение воды
356;4;1,429;37000;Канализационные системы
357;4;1,429;38110;Сбор неопасных отходов
358;4;1,429;39000;Прочие услуги в сфере утилизации и восстановления отходов
359;4;1,429;45200;Ремонт и техническое обслуживание автотранспортных средств
360;4;1,429;45201;Техническое обслуживание и ремонт легковых автомобилей
361;4;1,429;45202;Техническое обслуживание и ремонт прочих автомобилей
362;4;1,429;45203;Мойка, полировка и аналогичная деятельность в отношении автомобилей
363;4;1,429;45209;Прочие виды технического обслуживания и ремонта автотранспортных средств, не включённые в другие категории
364;4;1,429;45403;Техническое обслуживание и ремонт мотоциклов
365;4;1,429;46200;Оптовая торговля сельскохозяйственным сырьём и живыми животными
366;4;1,429;46210;Оптовая торговля зерном, необработанным табаком, семенами и кормами для животных
367;4;1,429;46211;Оптовая торговля зерном, семенами и кормами для животных
368;4;1,429;46212;Оптовая торговля необработанным табаком
369;4;1,429;46220;Оптовая торговля цветами и другими растениями
370;4;1,429;46230;Оптовая торговля живыми животными
371;4;1,429;46240;Оптовая торговля кожей и кожаными изделиями
372;4;1,429;46300;Оптовая торговля продуктами питания, включая напитки и табачные изделия
373;4;1,429;46310;Оптовая торговля фруктами и овощами
374;4;1,429;46320;Оптовая торговля мясом и мясными продуктами
375;4;1,429;46330;Оптовая торговля молочными продуктами, яйцами, пищевыми жирами и маслами
376;4;1,429;46340;Оптовая торговля напитками
377;4;1,429;46341;Оптовая торговля алкогольными напитками
378;4;1,429;46342;Оптовая торговля безалкогольными напитками и пивом
379;4;1,429;46350;Оптовая торговля табачными изделиями
380;4;1,429;46360;Оптовая торговля сахаром, шоколадом и кондитерскими изделиями
381;4;1,429;46370;Оптовая торговля кофе, чаем, какао и специями
382;4;1,429;46380;Оптовая торговля прочими продуктами питания, включая рыбу, ракообразных и моллюсков
383;4;1,429;46390;Неспециализированная оптовая торговля продуктами питания, напитками и табачными изделиями
384;4;1,429;46400;Оптовая торговля непродовольственными потребительскими товарами
385;4;1,429;46410;Оптовая торговля текстильными изделиями
386;4;1,429;46420;Оптовая торговля одеждой и обувью
387;4;1,429;46421;Оптовая торговля одеждой
388;4;1,429;46422;Оптовая торговля обувью
389;4;1,429;46430;Оптовая торговля бытовыми электротоварами
390;4;1,429;46431;Оптовая торговля бытовой радио- и телеаппаратурой
391;4;1,429;46432;Оптовая торговля аудио- и видеокассетами, записанными CD и DVD
392;4;1,429;46439;Оптовая торговля прочими бытовыми электротоварами
393;4;1,429;46440;Оптовая торговля фарфором, стеклянной посудой и чистящими средствами
394;4;1,429;46450;Оптовая торговля парфюмерией и косметикой
395;4;1,429;46460;Оптовая торговля фармацевтическими товарами
396;4;1,429;46470;Оптовая торговля мебелью, коврами и осветительными приборами для дома
397;4;1,429;46471;Оптовая торговля мебелью и коврами для дома
398;4;1,429;46472;Оптовая торговля осветительными приборами
399;4;1,429;46480;Оптовая торговля часами и ювелирными изделиями
400;4;1,429;46490;Оптовая торговля прочими бытовыми товарами
401;4;1,429;46500;Оптовая торговля информационно-коммуникационным оборудованием
402;4;1,429;46510;Оптовая торговля компьютерами, периферийными устройствами и программным обеспечением
403;4;1,429;46520;Оптовая торговля электронным и телекоммуникационным оборудованием и его запасными частями
404;4;1,429;46600;Оптовая торговля прочим оборудованием, машинами и запасными частями
405;4;1,429;46610;Оптовая торговля сельскохозяйственной техникой, оборудованием и их запчастями
406;4;1,429;46620;Оптовая торговля механическими машинами
407;4;1,429;46630;Оптовая торговля техникой для горнодобывающей и строительной промышленности
408;4;1,429;46640;Оптовая торговля оборудованием для текстильной, швейной и трикотажной промышленности
409;4;1,429;46650;Оптовая торговля офисной мебелью
410;4;1,429;46660;Оптовая торговля прочим офисным оборудованием и техникой
411;4;1,429;46690;Оптовая торговля прочими машинами и оборудованием
412;4;1,429;46700;Прочая специализированная оптовая торговля
413;4;1,429;46710;Оптовая торговля твёрдым, жидким и газообразным топливом и аналогичными продуктами
414;4;1,429;46720;Оптовая торговля металлами и металлическими рудами
415;4;1,429;46730;Оптовая торговля древесиной, строительными материалами и санитарно-техническим оборудованием
416;4;1,429;46740;Оптовая торговля металлическими изделиями, водопроводным и отопительным оборудованием
417;4;1,429;46750;Оптовая торговля химической продукцией
418;4;1,429;46760;Оптовая торговля прочей промежуточной продукцией
419;4;1,429;46770;Оптовая торговля отходами и ломом
420;4;1,429;46900;Неспециализированная оптовая торговля
421;4;1,429;49500;Транспортировка грузов по трубопроводам
422;4;1,429;58000;Издательская деятельность
423;4;1,429;58100;Издание книг, периодических изданий и прочая издательская деятельность
424;4;1,429;58110;Издание книг
425;4;1,429;58120;Издание справочников и каталогов
426;4;1,429;58130;Издание газет
427;4;1,429;58140;Издание журналов и периодических изданий
428;4;1,429;58190;Прочие виды издательской деятельности
429;4;1,429;58200;Разработка программного обеспечения
430;4;1,429;58210;Разработка компьютерных игр
431;4;1,429;58290;Разработка прочего программного обеспечения
432;4;1,429;68322;Деятельность товариществ собственников жилья
433;5;1,714;03200;Аквакультура
434;5;1,714;03210;Морская аквакультура
435;5;1,714;03220;Пресноводная аквакультура
436;5;1,714;10720;Производство сухарей и печенья, кондитерских изделий длительного хранения из теста
437;5;1,714;10820;Производство какао, шоколада и сахаристых кондитерских изделий
438;5;1,714;11000;Производство напитков
439;5;1,714;11010;Перегонка, очистка и смешивание алкогольных напитков
440;5;1,714;11020;Производство вин из винограда
441;5;1,714;11030;Производство сидра (яблочного вина) и других плодовых вин
442;5;1,714;11040;Производство прочих не перегнанных ферментированных (броженных) напитков
443;5;1,714;11070;"Производство безалкогольных напитков; бутилированной минеральной и другой воды"
444;5;1,714;14000;Производство одежды
445;5;1,714;14100;Производство одежды, кроме меховой
446;5;1,714;14110;Производство одежды из кожи
447;5;1,714;14120;Производство корсетов
448;5;1,714;14130;Производство прочей верхней одежды
449;5;1,714;14140;Производство нижнего белья
450;5;1,714;14190;Производство прочей одежды и аксессуаров
451;5;1,714;26800;Производство магнитных и оптических носителей информации
452;5;1,714;33179;Ремонт прочего транспорта, не включённого в другие категории
453;5;1,714;35230;Продажа газообразного топлива по трубопроводам
454;5;1,714;38200;Обработка и удаление отходов
455;5;1,714;38210;Обработка и удаление неопасных отходов
456;5;1,714;38220;Обработка и удаление опасных отходов
457;5;1,714;84250;Деятельность по обеспечению безопасности в чрезвычайных ситуациях
458;5;1,714;95000;Ремонт компьютеров, предметов личного пользования и бытовых товаров
459;5;1,714;95100;Ремонт компьютеров и коммуникационного оборудования
460;5;1,714;95110;Ремонт компьютеров и периферийного оборудования
461;5;1,714;95120;Ремонт коммуникационного оборудования
462;5;1,714;95200;Ремонт предметов личного пользования и бытовых товаров
463;5;1,714;95210;Ремонт бытовой электроники
464;5;1,714;95220;Ремонт бытовых товаров, садового и домашнего инвентаря
465;5;1,714;95230;Ремонт обуви и кожаных изделий
466;5;1,714;95240;Ремонт мебели и предметов домашнего обихода
467;5;1,714;95250;Ремонт часов и ювелирных изделий
468;5;1,714;95290;Ремонт прочих предметов личного пользования и бытовых товаров
469;5;1,714;96000;Прочие услуги личного характера
470;5;1,714;96010;Стирка и химическая чистка текстильных и меховых изделий
471;6;2;10400;Производство растительных и животных жиров и масел
472;6;2;10410;Производство растительных и животных жиров и масел
473;6;2;10420;Производство маргарина и прочих пищевых жиров
474;6;2;10500;Производство молочной продукции
475;6;2;10510;Переработка молока и производство сыра
476;6;2;10520;Производство мороженого
477;6;2;10700;Производство хлеба и мучных изделий
478;6;2;10710;Производство хлеба, свежих кондитерских изделий, тортов и пирожных
479;6;2;10730;Производство макаронных и аналогичных мучных изделий
480;6;2;15000;Производство кожи и сопутствующих изделий
481;6;2;15100;"Дубление и обработка кожи; производство чемоданов и аналогичных изделий, сбруи; обработка и окраска меха"
482;6;2;15110;"Дубление и обработка кожи; обработка и окраска меха"
483;6;2;15120;Производство чемоданов, женских сумок и прочих изделий, кроме кожаных
484;6;2;19000;Производство кокса и продуктов переработки нефти
485;6;2;19100;Производство продуктов коксовых печей
486;6;2;20152;Производство азотных соединений
487;6;2;21000;Производство основных фармацевтических продуктов и препаратов
488;6;2;21100;Производство основных фармацевтических продуктов
489;6;2;21200;Производство фармацевтических препаратов
490;6;2;35112;Производство электроэнергии гидроэлектростанциями
491;6;2;49000;Сухопутный и трубопроводный транспорт
492;6;2;49100;Пассажирские и междугородние железнодорожные перевозки
493;6;2;52000;Складское хозяйство и вспомогательная транспортная деятельность
494;6;2;52100;Хранение и складирование
495;6;2;52240;Обработка грузов
496;6;2;52290;Прочие услуги по сопровождению транспортировки
497;6;2;52291;Организация перевозок железнодорожным, автомобильным, морским или воздушным транспортом
498;6;2;52292;Услуги таможенных агентов
499;6;2;52299;Прочие сопутствующие транспортировке услуги, не включённые в другие категории
500;6;2;75000;Ветеринарная деятельность
501;7;2,286;14300;Производство тканых и трикотажных изделий
502;7;2,286;14310;Производство тканых, трикотажных и чулочно-носочных изделий
503;7;2,286;14390;Производство прочих тканых и трикотажных изделий
504;7;2,286;23300;Производство строительных материалов из глины
505;7;2,286;23310;Производство керамических плиток и покрытий
506;8;2,571;06000;Добыча сырой нефти и природного газа
507;8;2,571;06100;Добыча сырой нефти
508;8;2,571;06200;Добыча природного газа
509;8;2,571;08930;Добыча соли
510;8;2,571;10830;Производство чая и кофе
511;8;2,571;10840;Производство пряностей и лекарственных растений
512;8;2,571;10850;Производство готовых пищевых продуктов
513;8;2,571;10890;Производство прочих не классифицированных пищевых продуктов
514;8;2,571;19200;Производство продуктов переработки нефти
515;8;2,571;20000;Производство химических продуктов
516;8;2,571;20100;Производство основных химических веществ, удобрений и азотных соединений, пластмасс и синтетического каучука в первичных формах
517;8;2,571;20110;Производство промышленных газов
518;8;2,571;20520;Производство клея
519;8;2,571;22200;Производство изделий из пластмассы
520;8;2,571;22210;Производство пластмассовых плит, лент, труб и профилей
521;8;2,571;22220;Производство пластиковых упаковочных изделий
522;8;2,571;23630;Производство сухих бетонных смесей
523;8;2,571;23640;Производство радиационного, электромедицинского и электротерапевтического оборудования
524;8;2,571;26600;Производство сельскохозяйственной и лесозаготовительной техники
525;8;2,571;28300;Производство машин и оборудования для текстильной, швейной, меховой и кожевенной промышленности
526;8;2,571;28940;Производство велосипедов и инвалидных колясок/кресел
527;8;2,571;30920;Обеспечение электроэнергией, газом, паром и кондиционирование воздуха
528;8;2,571;35000;Производство, передача и распределение электроэнергии
529;8;2,571;35100;Производство электроэнергии
530;8;2,571;35110;Производство электроэнергии тепловыми электростанциями
531;8;2,571;35111;Производство электроэнергии другими электростанциями
532;8;2,571;35119;Передача электроэнергии
533;8;2,571;35120;Производство и распределение газообразного топлива
534;8;2,571;35200;Производство газа
535;8;2,571;35210;Распределение газообразного топлива через системы газоснабжения
536;8;2,571;35220;Системы передачи пара и кондиционирования воздуха
537;8;2,571;35300;Сбор, обработка, уничтожение и утилизация отходов
538;8;2,571;38000;Сбор отходов
539;8;2,571;38100;Сбор опасных отходов
540;8;2,571;38120;Восстановление материалов
541;8;2,571;38300;Уничтожение обломков
542;8;2,571;38310;Утилизация сортированных материалов
543;8;2,571;38320;Сортировка и переработка металлических отходов для получения вторичного сырья
544;8;2,571;38321;Сортировка и переработка неметаллических отходов для получения вторичного сырья
545;8;2,571;38322;Отделочные и строительные работы
546;8;2,571;43300;Штукатурные работы
547;8;2,571;43310;Покрытие полов и отделка стен
548;8;2,571;43330;Другие отделочные работы
549;8;2,571;43390;Производство изделий из пластмассы
550;9;2,857;10600;Производство мукомольной продукции, крахмала и крахмалистых продуктов
551;9;2,857;10610;Производство продукции мукомольно-крупяной промышленности
552;9;2,857;10620;Производство крахмала и крахмалистых продуктов
553;9;2,857;10800;Производство прочих пищевых продуктов
554;9;2,857;10810;Производство сахара
555;9;2,857;10900;Производство готовых кормов для животных
556;9;2,857;10910;Производство готовых кормов для животных, выращиваемых на фермах
557;9;2,857;10920;Производство готовых кормов для домашних животных
558;9;2,857;20120;Производство красок и пигментов
559;9;2,857;20200;Производство пестицидов и прочих агрохимических веществ
560;9;2,857;20300;Производство красок, лаков и подобных красильных материалов, типографских красок и мастик
561;9;2,857;22230;Производство пластиковых изделий для строительства
562;9;2,857;22290;Производство прочих пластиковых изделий
563;9;2,857;23000;Производство прочих неметаллических минеральных продуктов
564;9;2,857;32200;Производство музыкальных инструментов
565;9;2,857;49200;Железнодорожные грузовые перевозки
566;9;2,857;50000;Водный транспорт
567;9;2,857;50100;Морской и прибрежный пассажирский транспорт
568;9;2,857;50200;Морской и прибрежный грузовой транспорт
569;9;2,857;50300;Речной пассажирский транспорт
570;9;2,857;50400;Речной грузовой транспорт
571;9;2,857;51000;Воздушный транспорт
572;9;2,857;51100;Воздушные пассажирские перевозки
573;9;2,857;51200;Воздушные грузовые перевозки и космическая транспортная система
574;9;2,857;51210;Воздушные грузовые перевозки
575;9;2,857;51220;Космическая транспортная система
576;9;2,857;52200;Вспомогательная деятельность по перевозкам
577;9;2,857;52210;Услуги в области сухопутного транспорта
578;9;2,857;52220;Услуги в области водного транспорта
579;9;2,857;52230;Услуги в области воздушного транспорта
580;10;3,143;01470;Птицеводство
581;10;3,143;15200;Производство обуви
582;10;3,143;17000;Производство бумаги и бумажной продукции
583;10;3,143;17100;Производство массы для бумаги и целлюлозы, бумаги и картона
584;10;3,143;17110;Производство массы для бумаги и целлюлозы
585;10;3,143;17120;Производство бумаги и картона
586;10;3,143;17200;Производство изделий из бумаги и картона
587;10;3,143;17210;Производство гофрированной бумаги и картона, бумажной и картонной тары (емкостей)
588;10;3,143;17220;Производство хозяйственной и санитарно-гигиенической бумаги
589;10;3,143;17230;Производство писчей бумаги
590;10;3,143;17240;Производство оберточной бумаги
591;10;3,143;17290;Производство прочих изделий из бумаги и картона
592;10;3,143;20160;Производство пластмассы в первичных формах
593;10;3,143;20170;Производство синтетического каучука в первичных формах
594;10;3,143;25120;Производство металлических дверей и окон
595;10;3,143;25290;Производство других металлических цистерн, резервуаров и контейнеров
596;10;3,143;25700;Производство посуды, металлических ручных инструментов и изделий из металла для общего пользования
597;10;3,143;25710;Производство посуды
598;10;3,143;25720;Производство замков, крючков и петель
599;10;3,143;25730;Производство инструментов
600;10;3,143;25900;Производство других готовых металлических изделий
601;10;3,143;25910;Производство металлических бочек и подобных емкостей
602;10;3,143;25920;Производство упаковочных материалов из легких металлов
603;10;3,143;25930;Производство изделий из проволоки, цепей и пружин
604;10;3,143;25940;Производство крепежных и резьбовых изделий
605;10;3,143;25990;Производство готовых металлических изделий, не включенных в другие категории
606;10;3,143;26200;Производство компьютеров и периферийного оборудования
607;10;3,143;26300;Производство коммуникационного оборудования
608;10;3,143;26400;Производство бытовой электроники
609;10;3,143;29310;Производство электрических и электронных комплектующих для автотранспортных средств
610;10;3,143;30000;Производство прочего транспортного оборудования
611;10;3,143;30100;Строительство морских судов и лодок
612;10;3,143;30110;Строительство судов и плавучих конструкций
613;10;3,143;30120;Строительство прогулочных и спортивных лодок
614;10;3,143;30990;Производство прочих транспортных средств и оборудования, не включенных в другие категории
615;10;3,143;32400;Производство игр и игрушек
616;10;3,143;32990;Производство прочих изделий, не включенных в другие категории
617;10;3,143;33000;Ремонт и монтаж машин и оборудования
618;10;3,143;33100;Ремонт готовых металлических изделий, машин и оборудования
619;10;3,143;33110;Ремонт готовых металлических изделий
620;10;3,143;33120;Ремонт машин и оборудования
621;10;3,143;33130;Ремонт электронного и оптического оборудования
622;10;3,143;33140;Ремонт электрического оборудования
623;10;3,143;33150;Ремонт и техническое обслуживание судов и лодок
624;10;3,143;33160;Ремонт и техническое обслуживание воздушных судов и космических аппаратов
625;10;3,143;43130;Бурение поисковое
626;10;3,143;49300;Прочий пассажирский транспорт по суше
627;10;3,143;49310;Городской и пригородный пассажирский транспорт по суше
628;10;3,143;49320;Таксомоторная деятельность
629;10;3,143;49390;Прочие виды пассажирских перевозок по суше, не включённые в другие категории
630;10;3,143;49400;Услуги по перевозке грузов и вывозу отходов автомобильным транспортом
631;10;3,143;49410;Перевозка грузов автомобильным транспортом
632;10;3,143;49420;Услуги по переезду (переезд)
633;11;3,429;01613;Обслуживание сельскохозяйственного орошения
634;11;3,429;02000;Лесное хозяйство и подготовка древесины
635;11;3,429;02100;Лесное хозяйство и иная лесозаготовительная деятельность
636;11;3,429;02200;Подготовка древесины
637;11;3,429;02300;Сбор лесных продуктов, кроме древесины
638;11;3,429;03000;Рыболовство и аквакультура
639;11;3,429;03100;Рыболовство
640;11;3,429;03110;Рыболовство в морях
641;11;3,429;03120;Рыболовство в пресных водах
642;11;3,429;10000;Производство пищевых продуктов
643;11;3,429;10100;Переработка и консервирование мяса, производство мясных продуктов
644;11;3,429;10110;Переработка мяса
645;11;3,429;10111;Забой крупного рогатого скота, переработка и упаковка мяса
646;11;3,429;10112;Производство свежего, охлажденного и замороженного мяса
647;11;3,429;10119;Прочая деятельность по переработке мяса
648;11;3,429;10120;Переработка мяса домашней птицы
649;11;3,429;10130;Производство продуктов из мяса и мяса домашней птицы
650;11;3,429;10131;Производство соленого, сушеного или копченого мяса, мяса птицы и пищевых субпродуктов
651;11;3,429;10132;Производство колбасных изделий
652;11;3,429;10139;Производство прочих мясных продуктов, не включенных в другие категории
653;11;3,429;10200;Переработка и консервирование рыбы, ракообразных и моллюсков
654;11;3,429;10300;Переработка и консервирование фруктов и овощей
655;11;3,429;10310;Переработка и консервирование картофеля
656;11;3,429;10320;Производство фруктовых и овощных соков
657;11;3,429;10390;Другие виды переработки и консервирования фруктов и овощей
658;11;3,429;10860;Производство детского питания и диетических продуктов питания
659;11;3,429;20130;Производство прочих основных неорганических химических веществ
660;11;3,429;20140;Производство прочих основных органических химических веществ
661;11;3,429;20150;Производство удобрений и азотистых соединений
662;11;3,429;20151;Производство удобрений
663;11;3,429;20500;Производство прочих химических веществ
664;11;3,429;20510;Производство взрывчатых веществ
665;11;3,429;20590;Производство прочих химических веществ, не включенных в другие категории
666;11;3,429;20600;Производство синтетических волокон
667;11;3,429;23900;Производство абразивных изделий и прочих неметаллических минеральных продуктов, не включенных в другие категории
668;11;3,429;23910;Производство абразивных изделий
669;11;3,429;26000;Производство компьютеров, электронных и оптических изделий
670;11;3,429;26100;Производство электронных компонентов и плат (схем)
671;11;3,429;26110;Производство электронных компонентов
672;11;3,429;26120;Производство электронных нагрузочных панелей
673;11;3,429;29100;Производство моторных транспортных средств
674;11;3,429;29200;"Производство кузовов для автотранспортных средств; производство прицепов и полуприцепов"
675;11;3,429;30910;Производство мотоциклов
676;11;3,429;41000;Строительство зданий и сооружений
677;11;3,429;41200;Строительство жилых и нежилых зданий
678;11;3,429;41201;Строительство жилых зданий
679;11;3,429;41202;Строительство нежилых зданий
680;11;3,429;42000;Строительство гражданских объектов
681;11;3,429;42100;Строительство автомобильных дорог и железных дорог
682;11;3,429;42110;Строительство дорог и шоссейных дорог
683;11;3,429;42200;Строительство инженерных сооружений
684;11;3,429;42210;Строительство распределительных инженерных объектов
685;11;3,429;42220;Строительство распределительных объектов для электроснабжения и телекоммуникаций
686;11;3,429;42900;Строительство прочих инженерных сооружений
687;11;3,429;42910;Строительство гидротехнических сооружений
688;11;3,429;42990;Строительство прочих инженерных сооружений, не включенных в другие категории
689;11;3,429;43000;Специализированные строительные работы
690;11;3,429;43100;Снос существующих зданий и подготовка площадок для строительства
691;11;3,429;43110;Демонтаж зданий по частям и снос
692;11;3,429;43120;Подготовительные работы на строительных площадках
693;11;3,429;43200;Электротехнические, сантехнические и другие монтажные работы
694;11;3,429;43210;Электротехнические и монтажные работы
695;11;3,429;43220;Монтаж систем водоснабжения, отопления и кондиционирования воздуха
696;11;3,429;43290;Прочие строительные и монтажные работы
697;11;3,429;43291;Изоляционные работы
698;11;3,429;43299;Прочие строительные и монтажные работы, не включенные в другие категории
699;11;3,429;43320;Плотницкие работы
700;11;3,429;43340;Малярные и стекольные работы
701;11;3,429;43900;Прочие специализированные строительные работы
702;11;3,429;43910;Кровельные работы
703;12;3,714;01410;Разведение молочных пород крупного рогатого скота
704;12;3,714;01420;Разведение других пород крупного рогатого скота и буйволов
705;12;3,714;01430;Разведение лошадей и других копытных пород
706;12;3,714;01431;Разведение лошадей
707;12;3,714;01432;Разведение ослов, мулов и других копытных пород
708;12;3,714;01440;Разведение верблюдов и верблюдообразных
709;12;3,714;01450;Разведение овец и коз
710;12;3,714;01451;Разведение овец каракульской породы
711;12;3,714;01452;Разведение овец, не относящихся к каракульской породе
712;12;3,714;01453;Разведение коз
713;12;3,714;01460;Разведение свиней и поросят
714;12;3,714;01490;Разведение других видов животных
715;12;3,714;01491;Разведение тутового шелкопряда
716;12;3,714;01492;Разведение пчёл
717;12;3,714;01493;Разведение кроликов и других мелких животных
718;12;3,714;01499;Разведение животных, не включённых в другие категории
719;12;3,714;01500;Смешанное сельское хозяйство
720;12;3,714;01600;Вспомогательные виды деятельности в сельском хозяйстве
721;12;3,714;01610;Вспомогательные виды деятельности в растениеводстве
722;12;3,714;01611;Обеспечение сельхозтехники операторами и техническим персоналом
723;12;3,714;01612;Защита растений от болезней, вредителей и грызунов
724;12;3,714;01620;Вспомогательные виды деятельности в животноводстве
725;12;3,714;01630;Сельскохозяйственная деятельность после уборки урожая
726;12;3,714;23320;Производство кирпича, черепицы и изделий из обожжённой глины, не включённых в другие категории
727;12;3,714;23520;Производство извести и гипса для строительства
728;12;3,714;23600;Производство изделий из бетона, гипса и цемента
729;12;3,714;23610;Производство бетонных изделий для строительства
730;12;3,714;23620;Производство гипсовых изделий для строительных целей
731;12;3,714;23700;Резка, обработка и отделка камня
732;12;3,714;25620;Основные технологические процессы машиностроения
733;12;3,714;26500;"Производство измерительных, испытательных и навигационных приборов; производство часов всех видов"
734;12;3,714;26510;Производство приборов для измерения, контроля, испытаний и навигации
735;12;3,714;26700;Производство оптических приборов и фототехники
736;12;3,714;27000;Производство электрического оборудования
737;12;3,714;27100;Производство электрических двигателей, генераторов, трансформаторов и распределительных и управляющих устройств
738;12;3,714;27110;Производство электрических двигателей, генераторов и трансформаторов
739;12;3,714;27120;Производство распределительных и управляющих электрических устройств
740;12;3,714;27200;Производство батарей и аккумуляторов
741;12;3,714;27300;Производство электрических проводов и кабелей
742;12;3,714;27310;Производство оптических волоконных кабелей
743;12;3,714;27320;Производство других видов электрических проводов и кабелей
744;12;3,714;27330;Производство электрических приборов
745;12;3,714;27400;Производство электрических осветительных приборов
746;12;3,714;28120;Производство гидравлического и пневматического оборудования
747;12;3,714;28130;Производство других насосов и компрессоров
748;12;3,714;28140;Производство других кранов и вентилей
749;12;3,714;28930;Производство оборудования для пищевой промышленности, напитков и табачных изделий
750;12;3,714;28950;Производство машин и оборудования для изготовления бумаги и картона
751;12;3,714;28960;Производство оборудования для переработки пластмасс и резины
752;13;4;01000;Земледелие и животноводство, охота и услуги в этих сферах
753;13;4;01100;Выращивание сезонных культур
754;13;4;01110;Выращивание семян зерновых (кроме риса), бобовых и масличных культур
755;13;4;01111;Выращивание зерновых культур (кроме риса)
756;13;4;01112;Выращивание бобовых культур
757;13;4;01113;Выращивание масличных культур и их семян
758;13;4;01120;Выращивание риса
759;13;4;01130;Выращивание овощей, бахчевых и корнеплодных культур
760;13;4;01131;Выращивание овощей
761;13;4;01132;Выращивание бахчевых культур
762;13;4;01133;Выращивание корнеплодных культур, богатых крахмалом и инулином, и их семян
763;13;4;01139;Выращивание других корнеплодных культур, их семян, грибов и трюфелей
764;13;4;01140;Выращивание сахарного тростника
765;13;4;01150;Выращивание табака
766;13;4;01160;Выращивание волокнистых технических культур
767;13;4;01161;Выращивание хлопка
768;13;4;01162;Выращивание льна
769;13;4;01169;Выращивание других волокнистых (технических) культур
770;13;4;01190;Выращивание других сезонных культур
771;13;4;01191;Выращивание кормовых культур и их семян
772;13;4;01192;Выращивание цветов и их семян
773;13;4;01199;Выращивание других однолетних культур, не включённых в другие категории
774;13;4;01200;Выращивание многолетних культур
775;13;4;01210;Выращивание винограда
776;13;4;01220;Выращивание тропических и субтропических фруктов
777;13;4;01230;Выращивание цитрусовых
778;13;4;01240;Выращивание косточковых и семечковых фруктов
779;13;4;01250;Выращивание других видов плодовых деревьев, кустарников и орехов
780;13;4;01260;Выращивание масличных плодов
781;13;4;01270;Выращивание культур для производства напитков
782;13;4;01280;Выращивание пряностей, ароматических, сильнодействующих наркотических и фармацевтических растений
783;13;4;01290;Выращивание других многолетних культур
784;13;4;01300;Производство саженцев
785;13;4;01400;Животноводство
786;13;4;01640;Обработка семян и подготовка к посеву
787;13;4;02400;Техническое обслуживание в сфере лесного хозяйства
788;13;4;16000;Производство изделий из древесины и пробки (кроме мебели), изделий из лыка и плетеных материалов
789;13;4;16100;Доска и шлифовка древесины
790;13;4;16200;Производство шпона, фанеры, плит и панелей из древесины
791;13;4;16210;Производство паркетных покрытий
792;13;4;16220;Производство других деревянных строительных конструкций и столярных изделий
793;13;4;16230;Производство деревянной посуды
794;13;4;16240;"Производство других изделий из древесины; изделий из пробки, лыка и плетеных материалов"
795;13;4;16290;Производство изделий из резины и пластмассы
796;13;4;22000;Производство изделий из резины
797;13;4;22100;"Производство резиновых покрышек и камер; восстановление резиновых покрышек"
798;13;4;22110;Производство резиновых шин, покрышек и камер
799;13;4;22111;Восстановление резиновых шин и покрышек
800;13;4;22112;Производство других изделий из резины
801;13;4;22190;Производство стекла и изделий из стекла
802;13;4;23100;Производство листового стекла
803;13;4;23110;Формовка и обработка листового стекла
804;13;4;23120;Производство полых стеклянных изделий
805;13;4;23130;Производство стекловолокна
806;13;4;23140;Производство других стеклянных изделий, включая технические изделия, и их обработка
807;13;4;23190;Производство огнеупорных изделий
808;13;4;23200;Производство керамических изоляционных материалов и прокладок
809;13;4;23430;Производство цемента, извести и штукатурных изделий
810;13;4;23500;Производство цемента
811;13;4;23510;Производство волокнистого цемента
812;13;4;23650;Производство изделий из бетона, строительного гипса и цемента
813;13;4;23690;Металлургическая промышленность
814;13;4;24000;Производство чугуна, стали и железных сплавов
815;13;4;24100;Производство стальных труб, трубопроводов, профилей, фитингов
816;13;4;24200;Выращивание других видов плодовых деревьев, кустарников и орехов
817;13;4;24300;Производство других изделий из стали путем первичной обработки
818;13;4;25000;Производство готовых металлических изделий, кроме машин и оборудования
819;13;4;25100;Производство металлических строительных конструкций и изделий
820;13;4;25110;Производство металлических строительных конструкций и изделий (повтор)
821;13;4;25200;Производство металлических цистерн, резервуаров и контейнеров
822;13;4;28000;Производство машин и оборудования, не отнесенных к другим категориям
823;13;4;28100;Производство машин и оборудования общего назначения
824;13;4;28110;Производство двигателей и турбин, кроме авиационных, а также двигателей для автомобилей и мотоциклов
825;13;4;28150;Производство подшипников, зубчатых колес, зубчатых передач и элементов приводов
826;13;4;28200;Производство других машин и оборудования общего назначения
827;13;4;29000;Производство автотранспортных средств, прицепов и полуприцепов
828;13;4;29300;Производство комплектующих и аксессуаров для автотранспортных средств
829;13;4;29320;Производство прочих комплектующих и аксессуаров для автотранспортных средств
830;13;4;30200;Производство железнодорожных локомотивов и подвижного состава
831;13;4;30300;Производство воздушных и космических летательных аппаратов
832;13;4;30900;Производство транспортного оборудования, не включенного в другие категории
833;13;4;31000;Производство мебели
834;13;4;31010;Производство офисной и магазинной мебели
835;13;4;31020;Производство кухонной мебели
836;13;4;31030;Производство матрасов
837;13;4;31090;Производство прочей мебели
838;13;4;32300;Производство спортивных товаров
839;13;4;32500;Производство медицинских и стоматологических инструментов и оборудования
840;13;4;33190;Ремонт прочего оборудования
841;14;4,286;01700;Охота и отлов диких животных, услуги в этих областях
842;14;4,286;07000;Добыча металлических руд
843;14;4,286;07100;Добыча железной руды
844;14;4,286;07200;Добыча цветных металлических руд
845;14;4,286;07210;Добыча урановых и ториевых руд
846;14;4,286;13000;Производство текстильных изделий
847;14;4,286;13100;Подготовка и прядение текстильных волокон
848;14;4,286;13102;Подготовка и прядение шерстяных волокон
849;14;4,286;13103;Подготовка и прядение шелковых волокон
850;14;4,286;13200;Текстильное производство
851;14;4,286;13202;Производство шерстяных тканей
852;14;4,286;13203;Производство шелковых тканей
853;14;4,286;13209;Производство прочих тканей
854;14;4,286;13300;Украшение текстильных изделий
855;14;4,286;13900;Производство прочих текстильных изделий
856;14;4,286;13910;Производство тканых и трикотажных полотен
857;14;4,286;13920;Производство готовых текстильных изделий, кроме одежды
858;14;4,286;13930;Производство ковров и ковровых изделий
859;14;4,286;13950;Производство нетканых изделий, кроме одежды
860;14;4,286;13960;Производство прочих технических и промышленных текстильных изделий
861;14;4,286;13990;Производство текстильных изделий, не включенных в другие категории
862;14;4,286;14200;Производство швейных изделий
863;14;4,286;24310;Холодная вытяжка
864;14;4,286;24320;Холодная прокатка лент и узких полос
865;14;4,286;24330;Холодное формование и фальцовка
866;14;4,286;24340;Производство проволоки путем холодного растяжения и натяжения
867;14;4,286;24420;Производство алюминия
868;14;4,286;24430;Производство свинца, цинка, олова
869;14;4,286;24440;Производство меди
870;14;4,286;24450;Производство прочих цветных металлов
871;14;4,286;24460;Производство ядерных топлив
872;14;4,286;24500;Литьё металлов
873;14;4,286;24510;Литьё чугуна
874;14;4,286;24520;Литьё стали
875;14;4,286;24530;Литьё лёгких металлов
876;14;4,286;24540;Литьё прочих цветных металлов
877;14;4,286;25210;Производство радиаторов и котлов центрального отопления
878;14;4,286;25400;Производство оружия и боеприпасов
879;14;4,286;25500;"Молотковая обработка листового металла, штамповка, формовка, профилирование на роликовых станках; порошковая металлургия"
880;14;4,286;25600;"Обработка металлов и нанесение покрытий; основные технологические процессы машиностроения"
881;14;4,286;25610;Обработка металлов и нанесение покрытий
882;14;4,286;27500;Производство бытовых приборов
883;14;4,286;27510;Производство бытовых электроприборов
884;14;4,286;27520;Производство бытовых неэлектрических приборов
885;14;4,286;27900;Производство прочих электрических приборов
886;14;4,286;28210;Производство плит, печей и горелок для печей
887;14;4,286;28220;Производство подъемно-транспортного оборудования
888;14;4,286;28230;Производство офисной техники и оборудования (кроме компьютеров и периферийных устройств)
889;14;4,286;28250;Производство промышленного холодильного и вентиляционного оборудования
890;14;4,286;28290;Производство универсальных машин и оборудования, не включенных в другие категории
891;14;4,286;28400;Производство оборудования и механических устройств для обработки металлов под давлением
892;14;4,286;28410;Производство оборудования для обработки металлов под давлением
893;14;4,286;28900;Производство другой техники специального назначения
894;14;4,286;28990;Производство другой техники специального назначения, не включенной в другие категории
895;14;4,286;30400;Производство военной боевой техники
896;14;4,286;33170;Ремонт и техническое обслуживание других видов транспортного оборудования
897;14;4,286;33171;Ремонт и техническое обслуживание железнодорожных локомотивов и подвижного состава, включая трамваи, вагоны метро и троллейбусы
898;14;4,286;33200;Монтаж (сборка) промышленной техники и оборудования
899;15;4,571;08000;Деятельность, связанная с горнодобывающей промышленностью
900;15;4,571;08100;Обработка открытых каменных, грунтовых и песчаных карьеров
901;15;4,571;08110;Добыча камня, известняка, гипса, буры и сланцев для строительства и отделки
902;15;4,571;08121;Добыча глины и каолина
903;15;4,571;08122;Обогащение каолина и других каолиновых глин, а также первичная переработка
904;15;4,571;08129;Разработка прочих карьерных месторождений, не включенных в другие категории
905;15;4,571;13201;Производство пряжи
906;16;4,857;08900;Деятельность, связанная с горнодобывающей промышленностью и разработкой открытых шахт, не включенная в другие категории
907;16;4,857;08910;Добыча минерального сырья для химической промышленности и производства удобрений
908;16;4,857;13109;Подготовка и прядение других волокон
909;16;4,857;13940;Производство канатов, тросов, веревок, шпагатов и плетение сетей
910;16;4,857;28920;Производство техники для горнодобывающей промышленности и подземных шахт
911;17;5,143;23400;Производство других изделий из фаянса и керамики
912;17;5,143;23410;Производство бытовых и декоративных керамических изделий
913;17;5,143;23490;Производство других керамических изделий
914;17;5,143;24400;Производство основных драгоценных и цветных металлов
915;17;5,143;24410;Производство благородных (драгоценных) металлов
916;17;5,143;25300;Производство паровых котлов, кроме центральных отопительных котлов
917;17;5,143;28240;Производство ручных электрических инструментов
918;17;5,143;28490;Производство других устройств для обработки металлов
919;18;5,714;08920;Добыча торфа
920;18;5,714;09000;Техническое обслуживание в горнодобывающей промышленности
921;18;5,714;09100;Техническое обслуживание в сфере добычи нефти и природного газа
922;18;5,714;09900;Техническая помощь в других областях горной промышленности и при подземных работах
923;18;5,714;28910;Производство машин и оборудования для металлургии
924;19;6;08120;Разработка открытых карьеров гравия и песка, добыча почвы и каолина
925;19;6;08990;Прочая деятельность, связанная с горной промышленностью, не включенная в другие категории
926;19;6;13101;Подготовка и прядение хлопковых волокон
927;19;6;23990;Производство неметаллических минеральных продуктов, не включенных в другие категории
928;19;6;42120;Строительство железных дорог и линий метро
929;19;6;42130;Строительство мостов и тоннелей
930;19;6;43990;Прочие специализированные строительные работы, не включенные в другие категории
931;20;7,714;05000;Добыча угля и лигнита
932;20;7,714;05100;Добыча каменного угля
933;20;7,714;05200;Добыча лигнита
934;20;7,714;07290;Добыча руд цветных металлов, не включенных в другие категории
