2.14 Alohida bo`linmalar kesimida sug'urta shartnomalari soni to‘g‘risidagi ma'lumotlar,2.14 Alohida bo`linmalar kesimida sug'urta shartnomalari soni to‘g‘risidagi ma'lumotlar,2.14 Alohida bo`linmalar kesimida sug'urta shartnomalari soni to‘g‘risidagi ma'lumotlar,2.14 Alohida bo`linmalar kesimida sug'urta shartnomalari soni to‘g‘risidagi ma'lumotlar,2.14 Alohida bo`linmalar kesimida sug'urta shartnomalari soni to‘g‘risidagi ma'lumotlar,2.14 Alohida bo`linmalar kesimida sug'urta shartnomalari soni to‘g‘risidagi ma'lumotlar,2.14 Alohida bo`linmalar kesimida sug'urta shartnomalari soni to‘g‘risidagi ma'lumotlar,2.14 Alohida bo`linmalar kesimida sug'urta shartnomalari soni to‘g‘risidagi ma'lumotlar,2.14 Alohida bo`linmalar kesimida sug'urta shartnomalari soni to‘g‘risidagi ma'lumotlar,2.14 Alohida bo`linmalar kesimida sug'urta shartnomalari soni to‘g‘risidagi ma'lumotlar,2.14 Alohida bo`linmalar kesimida sug'urta shartnomalari soni to‘g‘risidagi ma'lumotlar,2.14 Alohida bo`linmalar kesimida sug'urta shartnomalari soni to‘g‘risidagi ma'lumotlar,2.14 Alohida bo`linmalar kesimida sug'urta shartnomalari soni to‘g‘risidagi ma'lumotlar,2.14 Alohida bo`linmalar kesimida sug'urta shartnomalari soni to‘g‘risidagi ma'lumotlar,2.14 Alohida bo`linmalar kesimida sug'urta shartnomalari soni to‘g‘risidagi ma'lumotlar,2.14 Alohida bo`linmalar kesimida sug'urta shartnomalari soni to‘g‘risidagi ma'lumotlar,2.14 Alohida bo`linmalar kesimida sug'urta shartnomalari soni to‘g‘risidagi ma'lumotlar,2.14 Alohida bo`linmalar kesimida sug'urta shartnomalari soni to‘g‘risidagi ma'lumotlar,2.14 Alohida bo`linmalar kesimida sug'urta shartnomalari soni to‘g‘risidagi ma'lumotlar,2.14 Alohida bo`linmalar kesimida sug'urta shartnomalari soni to‘g‘risidagi ma'lumotlar,2.14 Alohida bo`linmalar kesimida sug'urta shartnomalari soni to‘g‘risidagi ma'lumotlar,2.14 Alohida bo`linmalar kesimida sug'urta shartnomalari soni to‘g‘risidagi ma'lumotlar,2.14 Alohida bo`linmalar kesimida sug'urta shartnomalari soni to‘g‘risidagi ma'lumotlar,2.14 Alohida bo`linmalar kesimida sug'urta shartnomalari soni to‘g‘risidagi ma'lumotlar,2.14 Alohida bo`linmalar kesimida sug'urta shartnomalari soni to‘g‘risidagi ma'lumotlar,2.14 Alohida bo`linmalar kesimida sug'urta shartnomalari soni to‘g‘risidagi ma'lumotlar,2.14 Alohida bo`linmalar kesimida sug'urta shartnomalari soni to‘g‘risidagi ma'lumotlar,2.14 Alohida bo`linmalar kesimida sug'urta shartnomalari soni to‘g‘risidagi ma'lumotlar,2.14 Alohida bo`linmalar kesimida sug'urta shartnomalari soni to‘g‘risidagi ma'lumotlar,2.14 Alohida bo`linmalar kesimida sug'urta shartnomalari soni to‘g‘risidagi ma'lumotlar,2.14 Alohida bo`linmalar kesimida sug'urta shartnomalari soni to‘g‘risidagi ma'lumotlar,2.14 Alohida bo`linmalar kesimida sug'urta shartnomalari soni to‘g‘risidagi ma'lumotlar
,,,,,,,,,,,,,,,,,,,,,,,,,,,,,,,
№,Sug‘urta kompaniyalari nomi,Shartnomalar soni sug‘urta kompaniyalari kesimida,Ulush (%),shu jumladan,shu jumladan,shu jumladan,shu jumladan,shu jumladan,shu jumladan,shu jumladan,shu jumladan,shu jumladan,shu jumladan,shu jumladan,shu jumladan,shu jumladan,shu jumladan,shu jumladan,shu jumladan,shu jumladan,shu jumladan,shu jumladan,shu jumladan,shu jumladan,shu jumladan,shu jumladan,shu jumladan,shu jumladan,shu jumladan,shu jumladan,shu jumladan
№,Sug‘urta kompaniyalari nomi,Shartnomalar soni sug‘urta kompaniyalari kesimida,Ulush (%),Qoraqalpog‘iston Respublikasi,Qoraqalpog‘iston Respublikasi,Andijon viloyati,Andijon viloyati,Buxoro  viloyati,Buxoro  viloyati,Jizzax  viloyati,Jizzax  viloyati,Qashqadaryo  viloyati,Qashqadaryo  viloyati,Navoiy  viloyati,Navoiy  viloyati,Namangan  viloyati,Namangan  viloyati,Samarqand  viloyati,Samarqand  viloyati,Surxandaryo  viloyati,Surxandaryo  viloyati,Sirdaryo  viloyati,Sirdaryo  viloyati,Toshkent  viloyati,Toshkent  viloyati,Farg`ona  viloyati,Farg`ona  viloyati,Xorazm viloyati,Xorazm viloyati,Toshkent sh.,Toshkent sh.
№,Sug‘urta kompaniyalari nomi,Shartnomalar soni sug‘urta kompaniyalari kesimida,Ulush (%),Shartnomalar soni,Ulush (%),Shartnomalar soni,Ulush (%),Shartnomalar soni,Ulush (%),Shartnomalar soni,Ulush (%),Shartnomalar soni,Ulush (%),Shartnomalar soni,Ulush (%),Shartnomalar soni,Ulush (%),Shartnomalar soni,Ulush (%),Shartnomalar soni,Ulush (%),Shartnomalar soni,Ulush (%),Shartnomalar soni,Ulush (%),Shartnomalar soni,Ulush (%),Shartnomalar soni,Ulush (%),Shartnomalar soni,Ulush (%)
Umumiy,Umumiy,11915548,1,315606,0.0264869060155689,550378,0.046189902470285045,395683,0.03320728513703272,617941,0.05186005712871955,543102,0.04557927172128382,268652,0.022546340294210557,504527,0.04234190487923845,706043,0.0592539260468759,436233,0.03661040180443233,191213,0.016047352585042668,283669,0.023806626434638174,862870,0.07241546926754859,426980,0.03583385338215246,5812648,0.48782045106108424
Umumiy sug‘urta sohasi,Umumiy sug‘urta sohasi,Umumiy sug‘urta sohasi,Umumiy sug‘urta sohasi,Umumiy sug‘urta sohasi,Umumiy sug‘urta sohasi,Umumiy sug‘urta sohasi,Umumiy sug‘urta sohasi,Umumiy sug‘urta sohasi,Umumiy sug‘urta sohasi,Umumiy sug‘urta sohasi,Umumiy sug‘urta sohasi,Umumiy sug‘urta sohasi,Umumiy sug‘urta sohasi,Umumiy sug‘urta sohasi,Umumiy sug‘urta sohasi,Umumiy sug‘urta sohasi,Umumiy sug‘urta sohasi,Umumiy sug‘urta sohasi,Umumiy sug‘urta sohasi,Umumiy sug‘urta sohasi,Umumiy sug‘urta sohasi,Umumiy sug‘urta sohasi,Umumiy sug‘urta sohasi,Umumiy sug‘urta sohasi,Umumiy sug‘urta sohasi,Umumiy sug‘urta sohasi,Umumiy sug‘urta sohasi,Umumiy sug‘urta sohasi,Umumiy sug‘urta sohasi,Umumiy sug‘urta sohasi,Umumiy sug‘urta sohasi
1,"""APEX INSURANCE"" AJ",1404548,0.11787523326665295,119401,0.37832297231358086,29716,0.05399198369120859,51388,0.1298716396711509,41656,0.06741096641912415,161895,0.2980931758675166,30057,0.11188079746288879,47379,0.09390775914866796,130161,0.18435279437654647,57659,0.13217477815754425,32692,0.17097163895760226,4495,0.015845933112183568,58004,0.06722217715298945,116813,0.2735795587615345,523232,0.09001611657888109
2,"""MY-INSURANCE"" AJ",1395087,0.11708122866023452,13484,0.04272415606800885,10272,0.01866353669659761,3874,0.009790665760217143,405136,0.6556224623386375,10923,0.020112244108841434,9057,0.03371275851287167,27410,0.054328113262521134,20438,0.02894724542272921,8794,0.020158951752847674,9043,0.047292809589306165,38159,0.13451945753677702,93555,0.10842305329887468,7142,0.01672677877183943,737800,0.12693010139268712
3,"""GROSS SUG‘URTA KOMPANIYASI""  AJ",1220994,0.10247065430813589,18886,0.05984043395879673,151274,0.2748547361994847,8601,0.02173709762613001,11715,0.01895812059727385,24771,0.04561021686534021,35308,0.13142652948796213,71986,0.14268017370725453,94439,0.13375814220946883,55385,0.12696196757237532,3674,0.019214174768451935,9241,0.03257670030916315,186068,0.21563850869771808,34508,0.08081877371305447,515138,0.08862363590570081
4,"""O‘ZBEKINVEST"" EISK AJ",1182864,0.0992706336292716,34629,0.10972224862645197,109191,0.19839274098892035,145335,0.367301602545472,36616,0.059254847954740016,67555,0.124387315826493,66582,0.24783735092238285,87509,0.1734476053808815,161233,0.22836144540771597,80474,0.1844748104797207,19048,0.0996166578632206,31048,0.1094515086244884,138827,0.16088982117816125,85056,0.1992037097756335,119761,0.02060351839643481
5,"""XALQ SUG‘URTA""  AJ",760122,0.06379244999894255,26244,0.08315431265565293,27561,0.05007649288307309,25884,0.06541600220378434,17672,0.02859819950448344,23576,0.04340989353749388,13839,0.05151273766806128,16026,0.03176440507643793,37253,0.05276307533677127,26527,0.06080924643481809,22153,0.11585509353443542,21480,0.07572205634031212,29542,0.034236907065954315,23233,0.05441238465501897,449132,0.07726805407793487
6,"""KAPITAL SUG‘URTA"" AJ",758482,0.06365481470092689,7629,0.024172544248208208,5977,0.010859809076670942,8714,0.02202267977143319,2823,0.004568397306538974,2531,0.004660266395631023,4183,0.0155703289013296,8396,0.016641329403579985,10039,0.014218680731910096,5742,0.013162690580492535,23217,0.12141956875317055,13914,0.04905012532211839,16686,0.01933779132430146,5944,0.013921026745983419,642687,0.1105669911544618
7,"""ALSKOM"" AJ",648209,0.054400267616730676,16072,0.05092425365804199,12294,0.022337375403813378,10199,0.025775684070329027,32996,0.053396683502146644,52490,0.0966485116976185,27843,0.10363965278501557,7060,0.013993304619970785,18928,0.02680856548397194,11579,0.026543154690268734,36221,0.18942749708440326,22346,0.07877491019462825,65723,0.07616790478287574,15868,0.03716333317719799,318590,0.054809787208859026
8,"""KAFIL SUG’URTA"" AJ",570897,0.04791193825076279,1829,0.005795200344733624,4572,0.008307018085751974,8823,0.022298152814247768,1636,0.0026475019459786613,3822,0.007037352099605599,2991,0.011133362119023868,1768,0.0035042723184289444,2281,0.003230681417420752,1732,0.003970355291782144,1428,0.0074681114777760925,8934,0.03149445304210188,5248,0.006082028579044352,10106,0.023668555904257812,515727,0.08872496665891345
9,"""KAFOLAT SUG‘URTA KOMPANIYASI"" AJ",538616,0.045202788826833644,9374,0.029701589957098408,41611,0.07560440279226277,41443,0.1047378836088485,24356,0.03941476613463098,32134,0.05916752285942604,19884,0.07401396602295907,94835,0.18796813649219962,40863,0.05787607836916448,33361,0.07647518642560283,21110,0.11040044348449111,16262,0.057327378035668335,68340,0.07920080661049753,26570,0.062227739004168815,68473,0.011780001128573414
10,"""NEO INSURANCE CORP"" AJ",383168,0.03215697675004121,8662,0.027445612567568424,52093,0.09464949543768102,14566,0.03681229671226714,5953,0.00963360579731722,36347,0.06692481338680395,1573,0.005855158346113188,34262,0.06790915055091204,70640,0.10005056349259181,33034,0.07572558701427906,4242,0.02218468409574663,3288,0.011590973987288,9489,0.010997021567559424,21023,0.04923649819663684,87996,0.015138711306791673
11,"""IMKON SUG’URTA""  AJ",378059,0.03172820922713752,2510,0.007952953999607106,1184,0.0021512487781124973,659,0.0016654746349982182,1348,0.002181438033728139,643,0.0011839396651089481,2577,0.009592335065437815,338,0.0006699344138172982,6292,0.008911638526265397,3085,0.0070719088193694655,689,0.0036033114903275404,4112,0.01449576795490519,2695,0.0031232978316548263,1243,0.0029111433790809872,350684,0.06033119500785184
12,"""O‘ZAGROSUG‘URTA"" AJ",345674,0.029010331711139092,22076,0.06994797310570774,26815,0.048721060798215046,24970,0.06310607228513734,11757,0.019026088251143717,30995,0.057070310917654514,11159,0.04153700698301148,36892,0.07312195383002297,34963,0.049519646820377794,25289,0.05797131349531099,3250,0.016996752312865758,19981,0.0704377284793192,49887,0.05781519811790884,24696,0.0578387746498665,22944,0.003947254332276787
13,"""ALFA INVEST SUG‘URTA KOMPANIYASI"" AJ",310574,0.026064600637754974,801,0.0025379745632212315,9004,0.01635966553895686,7674,0.019394313124395032,1026,0.0016603526873924857,11915,0.02193878866216659,14125,0.052577311912809135,6108,0.012106388756201352,4498,0.006370716797702123,1123,0.002574312351426875,58,0.0003033266566603735,3054,0.010766068904251082,14210,0.016468297657816357,2196,0.0051430980373788,234782,0.04039157368552164
14,"""SQB INSURANCE SUG‘URTA KOMPANIYASI""  AJ",260885,0.02189450287976684,11053,0.035021514166397344,4635,0.008421484870398163,4713,0.011911050007202736,5023,0.008128607747341575,7451,0.01371933817220338,7664,0.0285276119291872,2739,0.005428847217294614,6628,0.009387530221247147,4877,0.01117980528754129,3806,0.019904504400851408,7710,0.027179564915447228,7952,0.009215756718856839,4520,0.010585975923930863,182114,0.03133064310792603
15,"""INSON"" AJ",247729,0.020790399233002126,4339,0.013748154344340728,5811,0.010558198183793683,3815,0.009641556498510171,120,0.00019419329677105096,16376,0.030152715327875796,231,0.0008598484284501884,1710,0.003389313158661479,5542,0.007849380278538275,15866,0.03637047174331149,474,0.0024789109527071904,157,0.0005534619574222068,3701,0.004289174499055477,1726,0.004042343903695724,187861,0.03231934911592789
16,"""TRUST-INSURANCE"" AJ",192855,0.016185155730982746,1134,0.003593087583886238,3537,0.006426492337993161,2044,0.005165751371678844,571,0.0009240364371355842,824,0.0015172103951007362,1399,0.00520748030909876,96,0.00019027722995994267,11291,0.015991943833449238,2579,0.005911978231816484,706,0.0036922175793486843,1789,0.006306646126295084,64917,0.07523381274120088,3426,0.008023795025528128,98542,0.016953030701325797
17,"""ASIA INSURANCE SUG‘URTA KOMPANIYASI"" AJ",189879,0.01593539801946163,2407,0.007626597719941953,13660,0.02481930600423709,3864,0.009765393003995622,3193,0.005167159971583048,6017,0.011078950178787779,2953,0.010991915191400027,31234,0.06190748958925885,29464,0.041731169348042545,4561,0.010455421758555634,2078,0.010867461940349245,48823,0.17211256781671597,2551,0.002956412901132268,626,0.0014661108248629913,38448,0.006614541255551686
18,"""SEMURG SUG‘URTA"" AJ QK",154595,0.012974224937031851,2267,0.007183006660202911,19262,0.034997765172299765,17792,0.04496528786932974,288,0.0004660639122505223,35256,0.06491598263309654,4880,0.01816476333695636,16325,0.032357039365584005,4565,0.006465611867832412,24884,0.057042910554680644,398,0.002081448437083253,8953,0.031561432514656165,4535,0.005255716388331962,3143,0.007361000515246616,12047,0.0020725493785276523
19,"""IMPEX-INSURANCE"" AJ",118697,0.0099615225418084,2562,0.008117716393224464,3371,0.006124881445115902,5089,0.012861305641131917,1390,0.002249405687598007,3858,0.00710363799065369,1649,0.006138052201360869,54,0.00010703094185246776,3214,0.004552130677593291,14577,0.03341562880387316,1309,0.006845768854628085,2740,0.009659144989406667,26796,0.031054504154739416,6290,0.014731369150779897,45798,0.007879025187831776
20,"""INFINITY INSURANCE"" AJ",87419,0.007336548851970551,3495,0.01107393395562822,1331,0.0024183379422869373,1318,0.0033309492699964364,2373,0.0038401724436475325,3803,0.007002367879330218,2157,0.008028974286437472,1663,0.003296156598160257,2771,0.003924690139269138,2515,0.005765267643667489,649,0.003394120692630731,2788,0.009828356288491163,2103,0.0024372153395065305,1482,0.0034708885662091903,58971,0.010145290064012134
21,"""ISHONCH SUG‘URTA KOMPANIYASI""  AJ",79515,0.006673213854704794,2329,0.007379454129515915,1335,0.0024256056746454254,2080,0.005256733294076318,1621,0.00262322778388228,3411,0.006280588176806567,1384,0.005151645995563033,1465,0.002903709811367875,770,0.001090585134333178,2855,0.006544667643209019,629,0.0032895252937823263,2095,0.0073853681579587474,5088,0.0058966008784637316,1662,0.0038924539791090917,52791,0.009082091329115406
22,"""INGO-UZBEKISTON"" AJ",77465,0.0065011697321852085,479,0.0015177151258214355,2760,0.0050147353273568345,996,0.002517166519663468,4370,0.007071872557412439,3953,0.0072785590920305945,2534,0.009432276699968732,4366,0.008653649854219894,1272,0.001801589988145198,13784,0.03159779292258953,1471,0.007692991585300162,2920,0.01029368736097353,611,0.0007081020315922445,3110,0.007283713522881634,34839,0.005993653839007626
23,"""TEMIRYO‘L SUG‘URTA""  AJ",75239,0.006314354992317601,1268,0.004017667598207892,10652,0.019353971270653986,521,0.0013167105991412317,3637,0.005885675169635936,2067,0.0038059149110111915,2796,0.010407516043059423,2017,0.003997803883637545,6885,0.009751530714134975,4890,0.011209605875759055,1359,0.0071072573517490965,2237,0.00788595158441705,2970,0.0034420016920277676,17845,0.041793526628881916,16095,0.0027689617537480335
24,"""GLOBAL INSURANCE GROUP"" AJ",35933,0.0030156397339006144,0,0,0,0,0,0,0,0,0,0,0,0,0,0,0,0,0,0,0,0,0,0,0,0,0,0,35933,0.006181864100492581
25,"""EUROASIA INSURANCE""  AJ QK",29114,0.0024433622356269304,0,0,0,0,5,1.2636378110760381e-05,0,0,4,7.365099005343379e-06,0,0,46,9.117450602247253e-05,0,0,0,0,0,0,0,0,0,0,0,0,29059,0.0049992705562077735
26,"""HAMKOR SUG’URTA"" AJ",24942,0.002093231465309023,954,0.003022756221364613,1895,0.003443088204833769,874,0.0022088388937609145,388,0.0006278916595597315,318,0.0005855253709247986,495,0.001842532346678975,706,0.0013993304619970785,997,0.00141209529731192,797,0.001827005293042938,1315,0.006877147474282606,5949,0.02097162538028477,1659,0.0019226534703953087,1126,0.0026371258606960515,7469,0.0012849565292789105
27,"""ARIA SUG‘URTA TASHKILOTI"" AJ",9390,0.0007880460051019055,0,0,0,0,0,0,0,0,0,0,0,0,0,0,0,0,0,0,0,0,0,0,0,0,0,0,9390,0.0016154427379741557
28,"""MOSAIC INSURANCE COMPANY"" AJ QK",1482,0.0001243753119873295,0,0,0,0,0,0,0,0,0,0,0,0,0,0,0,0,0,0,0,0,0,0,0,0,0,0,1482,0.00025496125001892424
29,"""O‘ZBEKISTON QAYTA SUG‘URTA KOMPANIYASI"" MQST AJ",3,2.517718866140273e-07,0,0,0,0,0,0,0,0,0,0,0,0,0,0,0,0,0,0,0,0,0,0,0,0,0,0,3,5.161158907265674e-07
Hayotni sug`urta qilish sohasi,Hayotni sug`urta qilish sohasi,Hayotni sug`urta qilish sohasi,Hayotni sug`urta qilish sohasi,Hayotni sug`urta qilish sohasi,Hayotni sug`urta qilish sohasi,Hayotni sug`urta qilish sohasi,Hayotni sug`urta qilish sohasi,Hayotni sug`urta qilish sohasi,Hayotni sug`urta qilish sohasi,Hayotni sug`urta qilish sohasi,Hayotni sug`urta qilish sohasi,Hayotni sug`urta qilish sohasi,Hayotni sug`urta qilish sohasi,Hayotni sug`urta qilish sohasi,Hayotni sug`urta qilish sohasi,Hayotni sug`urta qilish sohasi,Hayotni sug`urta qilish sohasi,Hayotni sug`urta qilish sohasi,Hayotni sug`urta qilish sohasi,Hayotni sug`urta qilish sohasi,Hayotni sug`urta qilish sohasi,Hayotni sug`urta qilish sohasi,Hayotni sug`urta qilish sohasi,Hayotni sug`urta qilish sohasi,Hayotni sug`urta qilish sohasi,Hayotni sug`urta qilish sohasi,Hayotni sug`urta qilish sohasi,Hayotni sug`urta qilish sohasi,Hayotni sug`urta qilish sohasi,Hayotni sug`urta qilish sohasi,Hayotni sug`urta qilish sohasi
1,"""APEX LIFE INSURANCE"" AJ",275590,0.023128604743986595,1447,0.004584830453159953,283,0.0005141920643630378,132,0.00033360038212407406,7,1.132794231164464e-05,18,3.3142945524045204e-05,1019,0.003793011032860355,1163,0.0023051293587855555,191,0.00027052176708784026,1,2.2923529398280276e-06,3,1.5689309827260698e-05,155,0.0005464114866270195,563,0.0006524737214180583,7405,0.01734273268068762,263203,0.045281083595634895
2,"""TBC SUG‘URTA"" AJ",139001,0.011665514670412137,0,0,0,0,0,0,0,0,0,0,0,0,0,0,0,0,0,0,0,0,0,0,0,0,0,0,139001,0.023913541642294527
3,"""ALFA LIFE INSURANCE"" AJ",9185,0.000770841592849947,5,1.5842537847822918e-05,2,3.633866179244083e-06,6,1.5163653732912457e-05,0,0,2,3.6825495026716896e-06,8,2.9778300552387474e-05,397,0.0007868756280635129,15,2.1245164954542427e-05,3,6.877058819484083e-06,0,0,0,0,371,0.00042996048072131373,0,0,8376,0.001440995566908576
4,"""AGROS HAYOT"" AJ",8052,0.0006757557436720493,238,0.0007541048015563709,245,0.00044514860695740017,277,0.0007000553473361251,148,0.0002395050660176295,113,0.00020806404690095045,287,0.0010682965323169007,534,0.0010584170916521812,391,0.000553790633148406,244,0.0005593341173180387,175,0.0009152097399235408,965,0.003401852158677896,569,0.0006594272601898316,205,0.00048011616469155466,3661,0.0006298334253166543
5,"""O’ZBEKINVEST HAYOT SUG‘URTA KOMPANIYASI"" AJ",861,7.225853145822584e-05,32,0.00010139224222606667,22,3.9972527971684916e-05,27,6.823644179810606e-05,122,0.00019742985171723515,34,6.260334154541872e-05,18,6.700117624287182e-05,43,8.522834258622433e-05,19,2.6910542275753742e-05,16,3.667764703724844e-05,16,8.367631907872373e-05,64,0.00022561506544599517,209,0.00024221493388343552,16,3.7472481146657926e-05,223,3.836461454400817e-05
6,"""KAFOLAT HAYOT INSURANCE"" AJ",423,3.549983601257785e-05,0,0,13,2.362013016508654e-05,0,0,0,0,0,0,0,0,0,0,0,0,0,0,0,0,10,3.5252353975936745e-05,1,1.158923128628878e-06,0,0,399,6.864341346663345e-05
