,2024-yil yanvar-sentyabr,2025-yil yanvar-sentyabr
Sug‘urta tashkilotlari soni,35,35
hayotni sug`urta qilish sohasi,5,6
umumiy sug‘urta sohasi,30,29
To‘lovlarni kafolatlash jamg‘armasi a'zolari bo‘lgan sug‘urta  tashkilotlarining soni,25,25
Sug‘urta tashkilotlarining umumiy ustav kapitali (trln. so‘mda),2.55994438404,3.62404594704
,,
,,
,,
,,
,,
,,
,,
,2024-yil yanvar-sentyabr,2025-yil yanvar-sentyabr
"Jami investitsiyalar, shu jumladan:","6,3 trln. so`m","9,1 trln. so`m"
Depozitlar (omonatlar),0.6905780265755357,0.6422906652672924
Qimmatli qog‘ozlar,0.20690465849121023,0.15108126695834023
Ko‘chmas mulk,0.0711144463245632,0.18892705303287444
Tashkilotlar ustav fondidiagi ishtiroki,0.016206919553006512,0.008116791866017197
Boshqa investitsiyalar,0.015195949055684378,0.00958422287547574
,,
,,
,,
,,
,,
,,
,,
,,
,,
,,
,2024-yil yanvar-sentyabr,2025-yil yanvar-sentyabr
Sug‘urta mukofotlari,7 trln. so`m,"9,8 trln. so`m"
majburiy sug‘urta,0.06160387739462186,0.06062164153780691
ixtiyoriy sug‘urta,0.9145646270860598,0.8818228993657653
hayotni sug`urta qilish sohasi,0.023831495519318315,0.05755545909642789
,,
,2024-yil yanvar-sentyabr,2025-yil yanvar-sentyabr
Sug‘urta to‘lovlari,"1,6 trln. so`m","1,9 trln. so`m"
majburiy sug‘urta,0.16131360757858376,0.15413550118267788
ixtiyoriy sug‘urta,0.7789279697272289,0.7938323496053943
hayotni sug`urta qilish sohasi,0.05975842269418733,0.05203214921192783
