,,,,,,,,,,,
,,,,,,,,,,,
,,,,,,,,,,,
,,,,,,,,,,,
,,,,,,,,,,,
,,,,,,,,,,,
,,,,,,,,,,,
,,,,,,,,,,,
,,,,,,,,,,,
,,,,,,,,,,,
,,,,,,,,,,,
,,,,,,,,,,,
,,,,,,,,,,,
,,,,,,,,,,,
,,,,,,,,,,,
,,,,,,,,,,,
,,,,,,,,,,,
,1-Bo‘lim Umumiy sug‘urta bozori ko'rsatkichlari,1-Bo‘lim Umumiy sug‘urta bozori ko'rsatkichlari,1-Bo‘lim Umumiy sug‘urta bozori ko'rsatkichlari,1-Bo‘lim Umumiy sug‘urta bozori ko'rsatkichlari,,,,,,,
,1-Bo‘lim Umumiy sug‘urta bozori ko'rsatkichlari,1-Bo‘lim Umumiy sug‘urta bozori ko'rsatkichlari,1-Bo‘lim Umumiy sug‘urta bozori ko'rsatkichlari,1-Bo‘lim Umumiy sug‘urta bozori ko'rsatkichlari,,,,,,,
,1-Bo‘lim Umumiy sug‘urta bozori ko'rsatkichlari,1-Bo‘lim Umumiy sug‘urta bozori ko'rsatkichlari,1-Bo‘lim Umumiy sug‘urta bozori ko'rsatkichlari,1-Bo‘lim Umumiy sug‘urta bozori ko'rsatkichlari,O‘zbekiston Respublikasi  sug‘urta bozorining 2025-yilning 9 oyligi yakunlari bo‘yicha umumiy ko‘rsatkichlari,O‘zbekiston Respublikasi  sug‘urta bozorining 2025-yilning 9 oyligi yakunlari bo‘yicha umumiy ko‘rsatkichlari,O‘zbekiston Respublikasi  sug‘urta bozorining 2025-yilning 9 oyligi yakunlari bo‘yicha umumiy ko‘rsatkichlari,O‘zbekiston Respublikasi  sug‘urta bozorining 2025-yilning 9 oyligi yakunlari bo‘yicha umumiy ko‘rsatkichlari,O‘zbekiston Respublikasi  sug‘urta bozorining 2025-yilning 9 oyligi yakunlari bo‘yicha umumiy ko‘rsatkichlari,O‘zbekiston Respublikasi  sug‘urta bozorining 2025-yilning 9 oyligi yakunlari bo‘yicha umumiy ko‘rsatkichlari,O‘zbekiston Respublikasi  sug‘urta bozorining 2025-yilning 9 oyligi yakunlari bo‘yicha umumiy ko‘rsatkichlari
,1-Bo‘lim Umumiy sug‘urta bozori ko'rsatkichlari,1-Bo‘lim Umumiy sug‘urta bozori ko'rsatkichlari,1-Bo‘lim Umumiy sug‘urta bozori ko'rsatkichlari,1-Bo‘lim Umumiy sug‘urta bozori ko'rsatkichlari,O‘zbekiston Respublikasi  sug‘urta bozorining 2025-yilning 9 oyligi yakunlari bo‘yicha umumiy ko‘rsatkichlari,O‘zbekiston Respublikasi  sug‘urta bozorining 2025-yilning 9 oyligi yakunlari bo‘yicha umumiy ko‘rsatkichlari,O‘zbekiston Respublikasi  sug‘urta bozorining 2025-yilning 9 oyligi yakunlari bo‘yicha umumiy ko‘rsatkichlari,O‘zbekiston Respublikasi  sug‘urta bozorining 2025-yilning 9 oyligi yakunlari bo‘yicha umumiy ko‘rsatkichlari,O‘zbekiston Respublikasi  sug‘urta bozorining 2025-yilning 9 oyligi yakunlari bo‘yicha umumiy ko‘rsatkichlari,O‘zbekiston Respublikasi  sug‘urta bozorining 2025-yilning 9 oyligi yakunlari bo‘yicha umumiy ko‘rsatkichlari,O‘zbekiston Respublikasi  sug‘urta bozorining 2025-yilning 9 oyligi yakunlari bo‘yicha umumiy ko‘rsatkichlari
,1-Bo‘lim Umumiy sug‘urta bozori ko'rsatkichlari,1-Bo‘lim Umumiy sug‘urta bozori ko'rsatkichlari,1-Bo‘lim Umumiy sug‘urta bozori ko'rsatkichlari,1-Bo‘lim Umumiy sug‘urta bozori ko'rsatkichlari,O‘zbekiston Respublikasi  sug‘urta bozorining 2025-yilning 9 oyligi yakunlari bo‘yicha umumiy ko‘rsatkichlari,O‘zbekiston Respublikasi  sug‘urta bozorining 2025-yilning 9 oyligi yakunlari bo‘yicha umumiy ko‘rsatkichlari,O‘zbekiston Respublikasi  sug‘urta bozorining 2025-yilning 9 oyligi yakunlari bo‘yicha umumiy ko‘rsatkichlari,O‘zbekiston Respublikasi  sug‘urta bozorining 2025-yilning 9 oyligi yakunlari bo‘yicha umumiy ko‘rsatkichlari,O‘zbekiston Respublikasi  sug‘urta bozorining 2025-yilning 9 oyligi yakunlari bo‘yicha umumiy ko‘rsatkichlari,O‘zbekiston Respublikasi  sug‘urta bozorining 2025-yilning 9 oyligi yakunlari bo‘yicha umumiy ko‘rsatkichlari,O‘zbekiston Respublikasi  sug‘urta bozorining 2025-yilning 9 oyligi yakunlari bo‘yicha umumiy ko‘rsatkichlari
,2-Bo‘lim Sug‘urta kompaniyalari kesimidagi ko‘rsatkichlar,2-Bo‘lim Sug‘urta kompaniyalari kesimidagi ko‘rsatkichlar,2-Bo‘lim Sug‘urta kompaniyalari kesimidagi ko‘rsatkichlar,2-Bo‘lim Sug‘urta kompaniyalari kesimidagi ko‘rsatkichlar,O‘zbekiston Respublikasi  sug‘urta bozorining 2025-yilning 9 oyligi yakunlari bo‘yicha umumiy ko‘rsatkichlari,O‘zbekiston Respublikasi  sug‘urta bozorining 2025-yilning 9 oyligi yakunlari bo‘yicha umumiy ko‘rsatkichlari,O‘zbekiston Respublikasi  sug‘urta bozorining 2025-yilning 9 oyligi yakunlari bo‘yicha umumiy ko‘rsatkichlari,O‘zbekiston Respublikasi  sug‘urta bozorining 2025-yilning 9 oyligi yakunlari bo‘yicha umumiy ko‘rsatkichlari,O‘zbekiston Respublikasi  sug‘urta bozorining 2025-yilning 9 oyligi yakunlari bo‘yicha umumiy ko‘rsatkichlari,O‘zbekiston Respublikasi  sug‘urta bozorining 2025-yilning 9 oyligi yakunlari bo‘yicha umumiy ko‘rsatkichlari,O‘zbekiston Respublikasi  sug‘urta bozorining 2025-yilning 9 oyligi yakunlari bo‘yicha umumiy ko‘rsatkichlari
,2-Bo‘lim Sug‘urta kompaniyalari kesimidagi ko‘rsatkichlar,2-Bo‘lim Sug‘urta kompaniyalari kesimidagi ko‘rsatkichlar,2-Bo‘lim Sug‘urta kompaniyalari kesimidagi ko‘rsatkichlar,2-Bo‘lim Sug‘urta kompaniyalari kesimidagi ko‘rsatkichlar,O‘zbekiston Respublikasi  sug‘urta bozorining 2025-yilning 9 oyligi yakunlari bo‘yicha umumiy ko‘rsatkichlari,O‘zbekiston Respublikasi  sug‘urta bozorining 2025-yilning 9 oyligi yakunlari bo‘yicha umumiy ko‘rsatkichlari,O‘zbekiston Respublikasi  sug‘urta bozorining 2025-yilning 9 oyligi yakunlari bo‘yicha umumiy ko‘rsatkichlari,O‘zbekiston Respublikasi  sug‘urta bozorining 2025-yilning 9 oyligi yakunlari bo‘yicha umumiy ko‘rsatkichlari,O‘zbekiston Respublikasi  sug‘urta bozorining 2025-yilning 9 oyligi yakunlari bo‘yicha umumiy ko‘rsatkichlari,O‘zbekiston Respublikasi  sug‘urta bozorining 2025-yilning 9 oyligi yakunlari bo‘yicha umumiy ko‘rsatkichlari,O‘zbekiston Respublikasi  sug‘urta bozorining 2025-yilning 9 oyligi yakunlari bo‘yicha umumiy ko‘rsatkichlari
,2-Bo‘lim Sug‘urta kompaniyalari kesimidagi ko‘rsatkichlar,2-Bo‘lim Sug‘urta kompaniyalari kesimidagi ko‘rsatkichlar,2-Bo‘lim Sug‘urta kompaniyalari kesimidagi ko‘rsatkichlar,2-Bo‘lim Sug‘urta kompaniyalari kesimidagi ko‘rsatkichlar,O‘zbekiston Respublikasi  sug‘urta bozorining 2025-yilning 9 oyligi yakunlari bo‘yicha umumiy ko‘rsatkichlari,O‘zbekiston Respublikasi  sug‘urta bozorining 2025-yilning 9 oyligi yakunlari bo‘yicha umumiy ko‘rsatkichlari,O‘zbekiston Respublikasi  sug‘urta bozorining 2025-yilning 9 oyligi yakunlari bo‘yicha umumiy ko‘rsatkichlari,O‘zbekiston Respublikasi  sug‘urta bozorining 2025-yilning 9 oyligi yakunlari bo‘yicha umumiy ko‘rsatkichlari,O‘zbekiston Respublikasi  sug‘urta bozorining 2025-yilning 9 oyligi yakunlari bo‘yicha umumiy ko‘rsatkichlari,O‘zbekiston Respublikasi  sug‘urta bozorining 2025-yilning 9 oyligi yakunlari bo‘yicha umumiy ko‘rsatkichlari,O‘zbekiston Respublikasi  sug‘urta bozorining 2025-yilning 9 oyligi yakunlari bo‘yicha umumiy ko‘rsatkichlari
,2-Bo‘lim Sug‘urta kompaniyalari kesimidagi ko‘rsatkichlar,2-Bo‘lim Sug‘urta kompaniyalari kesimidagi ko‘rsatkichlar,2-Bo‘lim Sug‘urta kompaniyalari kesimidagi ko‘rsatkichlar,2-Bo‘lim Sug‘urta kompaniyalari kesimidagi ko‘rsatkichlar,O‘zbekiston Respublikasi  sug‘urta bozorining 2025-yilning 9 oyligi yakunlari bo‘yicha umumiy ko‘rsatkichlari,O‘zbekiston Respublikasi  sug‘urta bozorining 2025-yilning 9 oyligi yakunlari bo‘yicha umumiy ko‘rsatkichlari,O‘zbekiston Respublikasi  sug‘urta bozorining 2025-yilning 9 oyligi yakunlari bo‘yicha umumiy ko‘rsatkichlari,O‘zbekiston Respublikasi  sug‘urta bozorining 2025-yilning 9 oyligi yakunlari bo‘yicha umumiy ko‘rsatkichlari,O‘zbekiston Respublikasi  sug‘urta bozorining 2025-yilning 9 oyligi yakunlari bo‘yicha umumiy ko‘rsatkichlari,O‘zbekiston Respublikasi  sug‘urta bozorining 2025-yilning 9 oyligi yakunlari bo‘yicha umumiy ko‘rsatkichlari,O‘zbekiston Respublikasi  sug‘urta bozorining 2025-yilning 9 oyligi yakunlari bo‘yicha umumiy ko‘rsatkichlari
,2-Bo‘lim Sug‘urta kompaniyalari kesimidagi ko‘rsatkichlar,2-Bo‘lim Sug‘urta kompaniyalari kesimidagi ko‘rsatkichlar,2-Bo‘lim Sug‘urta kompaniyalari kesimidagi ko‘rsatkichlar,2-Bo‘lim Sug‘urta kompaniyalari kesimidagi ko‘rsatkichlar,O‘zbekiston Respublikasi  sug‘urta bozorining 2025-yilning 9 oyligi yakunlari bo‘yicha umumiy ko‘rsatkichlari,O‘zbekiston Respublikasi  sug‘urta bozorining 2025-yilning 9 oyligi yakunlari bo‘yicha umumiy ko‘rsatkichlari,O‘zbekiston Respublikasi  sug‘urta bozorining 2025-yilning 9 oyligi yakunlari bo‘yicha umumiy ko‘rsatkichlari,O‘zbekiston Respublikasi  sug‘urta bozorining 2025-yilning 9 oyligi yakunlari bo‘yicha umumiy ko‘rsatkichlari,O‘zbekiston Respublikasi  sug‘urta bozorining 2025-yilning 9 oyligi yakunlari bo‘yicha umumiy ko‘rsatkichlari,O‘zbekiston Respublikasi  sug‘urta bozorining 2025-yilning 9 oyligi yakunlari bo‘yicha umumiy ko‘rsatkichlari,O‘zbekiston Respublikasi  sug‘urta bozorining 2025-yilning 9 oyligi yakunlari bo‘yicha umumiy ko‘rsatkichlari
,3-Bo‘lim Hududlar kesimidagi ko‘rsatkichlar,3-Bo‘lim Hududlar kesimidagi ko‘rsatkichlar,3-Bo‘lim Hududlar kesimidagi ko‘rsatkichlar,3-Bo‘lim Hududlar kesimidagi ko‘rsatkichlar,O‘zbekiston Respublikasi  sug‘urta bozorining 2025-yilning 9 oyligi yakunlari bo‘yicha umumiy ko‘rsatkichlari,O‘zbekiston Respublikasi  sug‘urta bozorining 2025-yilning 9 oyligi yakunlari bo‘yicha umumiy ko‘rsatkichlari,O‘zbekiston Respublikasi  sug‘urta bozorining 2025-yilning 9 oyligi yakunlari bo‘yicha umumiy ko‘rsatkichlari,O‘zbekiston Respublikasi  sug‘urta bozorining 2025-yilning 9 oyligi yakunlari bo‘yicha umumiy ko‘rsatkichlari,O‘zbekiston Respublikasi  sug‘urta bozorining 2025-yilning 9 oyligi yakunlari bo‘yicha umumiy ko‘rsatkichlari,O‘zbekiston Respublikasi  sug‘urta bozorining 2025-yilning 9 oyligi yakunlari bo‘yicha umumiy ko‘rsatkichlari,O‘zbekiston Respublikasi  sug‘urta bozorining 2025-yilning 9 oyligi yakunlari bo‘yicha umumiy ko‘rsatkichlari
,3-Bo‘lim Hududlar kesimidagi ko‘rsatkichlar,3-Bo‘lim Hududlar kesimidagi ko‘rsatkichlar,3-Bo‘lim Hududlar kesimidagi ko‘rsatkichlar,3-Bo‘lim Hududlar kesimidagi ko‘rsatkichlar,O‘zbekiston Respublikasi  sug‘urta bozorining 2025-yilning 9 oyligi yakunlari bo‘yicha umumiy ko‘rsatkichlari,O‘zbekiston Respublikasi  sug‘urta bozorining 2025-yilning 9 oyligi yakunlari bo‘yicha umumiy ko‘rsatkichlari,O‘zbekiston Respublikasi  sug‘urta bozorining 2025-yilning 9 oyligi yakunlari bo‘yicha umumiy ko‘rsatkichlari,O‘zbekiston Respublikasi  sug‘urta bozorining 2025-yilning 9 oyligi yakunlari bo‘yicha umumiy ko‘rsatkichlari,O‘zbekiston Respublikasi  sug‘urta bozorining 2025-yilning 9 oyligi yakunlari bo‘yicha umumiy ko‘rsatkichlari,O‘zbekiston Respublikasi  sug‘urta bozorining 2025-yilning 9 oyligi yakunlari bo‘yicha umumiy ko‘rsatkichlari,O‘zbekiston Respublikasi  sug‘urta bozorining 2025-yilning 9 oyligi yakunlari bo‘yicha umumiy ko‘rsatkichlari
,3-Bo‘lim Hududlar kesimidagi ko‘rsatkichlar,3-Bo‘lim Hududlar kesimidagi ko‘rsatkichlar,3-Bo‘lim Hududlar kesimidagi ko‘rsatkichlar,3-Bo‘lim Hududlar kesimidagi ko‘rsatkichlar,,,,,,,
,3-Bo‘lim Hududlar kesimidagi ko‘rsatkichlar,3-Bo‘lim Hududlar kesimidagi ko‘rsatkichlar,3-Bo‘lim Hududlar kesimidagi ko‘rsatkichlar,3-Bo‘lim Hududlar kesimidagi ko‘rsatkichlar,,,,,,,
