марка;официальный_представитель;сайт;email;телефон;форма_обратной_связи;проверено;как_проверено
Chevrolet;UzAuto Motors (производитель и официальный продавец в Узбекистане);https://chevrolet.uz/;уточнить у заказчика;+998 78 141-77-77;https://uzautomotors.com/;2026-09-20;сайт открылся, телефон опубликован на главной странице chevrolet.uz и uzautomotors.com
Toyota;ИП ООО Summit Motors Central Asia (Toyota Uzbekistan);https://uzbekistan.toyota-centralasia.com/ru;уточнить у заказчика;уточнить у заказчика;уточнить у заказчика;2026-09-20;"toyota.uz перенаправляет на uzbekistan.toyota-centralasia.com; название компании взято из заголовка страницы"
Kia;Kia Uzbekistan (официальный дилер, страница дилеров на сайте);https://kia.uz/ru;уточнить у заказчика;+998 55 500-03-31;https://kia.uz/ru/dealers;2026-09-20;сайт открылся, раздел «Официальные дилеры Kia в Узбекистане» доступен, телефон опубликован там же
Hyundai;уточнить у заказчика;https://hyundai.uz/;уточнить у заказчика;уточнить у заказчика;уточнить у заказчика;2026-09-20;сайт открывается (HTTP 200), контакты в HTML не опубликованы — страница рисуется в браузере
BYD;уточнить у заказчика;https://byd.uz/;уточнить у заказчика;уточнить у заказчика;уточнить у заказчика;2026-09-20;сайт отвечает, но содержательной информации и контактов в HTML нет
Haval / GWM;Официальный дистрибьютор HAVAL в Узбекистане (сайт haval.uz перенаправляет на gwm.com.uz);https://gwm.com.uz/;info@haval.uz;+998 55 500-83-00;https://gwm.com.uz/;2026-09-20;адреса и телефоны опубликованы на официальном сайте дистрибьютора
Changan;Changan Uzbekistan (официальный сайт бренда в Узбекистане);https://changan.uz/;уточнить у заказчика;+998 71 208-88-55;https://changan.uz/ (форма заявки на сайте);2026-09-20;телефон и форма заявки опубликованы на главной странице
Exeed;уточнить у заказчика;https://exeed.uz/;уточнить у заказчика;+998 55 520-07-07;https://exeed.uz/ (форма заявки на сайте);2026-09-20;телефон и форма заявки опубликованы на главной странице
Geely;Asaka Motors (по данным официального сайта geely.uz);https://geely.uz/;уточнить у заказчика;+998 55 503-02-09;https://geely.uz/;2026-09-20;"телефон опубликован на главной; адрес электронной почты на странице указан неоднозначно, поэтому не внесён"
JAC;уточнить у заказчика;https://jac.uz/;уточнить у заказчика;+998 77 356-20-20;уточнить у заказчика;2026-09-20;телефон опубликован на главной странице сайта
Nissan;уточнить у заказчика;https://www.nissan.uz/;уточнить у заказчика;уточнить у заказчика;уточнить у заказчика;2026-09-20;официальный сайт бренда открывается, контакты в HTML не опубликованы
Lada;уточнить у заказчика;уточнить у заказчика;уточнить у заказчика;уточнить у заказчика;уточнить у заказчика;2026-09-20;lada.uz на запрос не ответил (соединение не установлено) — официальный представитель не подтверждён
BMW;уточнить у заказчика;уточнить у заказчика;уточнить у заказчика;уточнить у заказчика;уточнить у заказчика;2026-09-20;bmw.uz на запрос не ответил — официальный представитель не подтверждён
Mercedes-Benz;уточнить у заказчика;уточнить у заказчика;уточнить у заказчика;уточнить у заказчика;уточнить у заказчика;2026-09-20;mercedes-benz.uz на запрос не ответил — официальный представитель не подтверждён
