report_date,sum_companies_mln,total_2_1_mln,diff_vs_2_1_mln,total_3_1_general_mln,diff_vs_3_1_mln,companies_with_data
2024-03-31,2162236.813,2162236.813,0.0,2162236.813,0.0,29
2024-07-01,4190323.827,4190323.827,0.0,4190323.827,0.0,29
2024-10-01,6846822.954,6846822.954,0.0,6846822.954,0.0,30
2025-01-01,9483745.855,9483745.855,0.0,9483745.855,0.0,30
2025-03-31,2434840.81,2434840.81,0.0,2434840.81,0.0,29
2025-07-01,5850637.412,5850637.412,0.0,5889187.297,-38549.885,30
2025-10-01,9230025.947,9230025.947,0.0,9354427.294,-124401.347,30
2026-01-01,12877010.955,12877010.955,0.0,12948140.755,-71129.8,30
2026-07-01,7494941.873,7494941.873,0.0,7494941.873,0.0,29
