report_date,row_key,row_name,premiums_ytd_mln,payouts_ytd_mln,liabilities_mln,source_file
2024-03-31,company:ALFA INVEST SUG'URTA KOMPANIYASI AJ,"""ALFA INVEST SUG‘URTA KOMPANIYASI"" AJ",40239.72906,7360.253600000001,35004877.49035,Страх_отчет(I_чорак_2025_йил_)_uz
2024-07-01,company:ALFA INVEST SUG'URTA KOMPANIYASI AJ,"""ALFA INVEST SUG‘URTA KOMPANIYASI"" AJ",108391.98676999999,39314.96608,43460570.08086,Страх_отчет(II_чорак_2025_йил_)_uz_—_filtr
2024-10-01,company:ALFA INVEST SUG'URTA KOMPANIYASI AJ,"""ALFA INVEST SUG‘URTA KOMPANIYASI"" AJ",192626.33701999998,45685.54157,52359723.95882,Страх_отчет(III_чорак_2025_йил_)_uz_—_filtr
2025-01-01,company:ALFA INVEST SUG'URTA KOMPANIYASI AJ,"""ALFA INVEST SUG‘URTA KOMPANIYASI"" AJ",268023.84959999996,59189.538400000005,60308662.341450006,Страх_отчет(IV_чорак_2025_йил_)_uz_—_filtr
2025-03-31,company:ALFA INVEST SUG'URTA KOMPANIYASI AJ,"""ALFA INVEST SUG‘URTA KOMPANIYASI"" AJ",76177.55714,11450.19559,69415928.95480001,Страх_отчет(I_чорак_2025_йил_)_uz
2025-07-01,company:ALFA INVEST SUG'URTA KOMPANIYASI AJ,"""ALFA INVEST SUG‘URTA KOMPANIYASI"" AJ",193585.31168999997,22284.96298,96920311.30761999,Страх_отчет(II_чорак_2026_йил_)_uz
2025-10-01,company:ALFA INVEST SUG'URTA KOMPANIYASI AJ,"""ALFA INVEST SUG‘URTA KOMPANIYASI"" AJ",313052.7613000001,32977.97803,110157347.16685,Страх_отчет(III_чорак_2025_йил_)_uz_—_filtr
2026-01-01,company:ALFA INVEST SUG'URTA KOMPANIYASI AJ,"""ALFA INVEST SUG‘URTA KOMPANIYASI"" AJ",477228.28660999995,44449.520169999996,121590335.79092999,Страх_отчет(IV_чорак_2025_йил_)_uz_—_filtr
2026-07-01,company:ALFA INVEST SUG'URTA KOMPANIYASI AJ,"""ALFA INVEST SUG‘URTA KOMPANIYASI"" AJ",259861.71535,33368.98514726,143584558.1836,Страх_отчет(II_чорак_2026_йил_)_uz
2024-03-31,company:ALSKOM AJ,"""ALSKOM"" AJ",39400.424671910005,12821.690142980002,41207040.622036204,Страх_отчет(I_чорак_2025_йил_)_uz
2024-07-01,company:ALSKOM AJ,"""ALSKOM"" AJ",88359.41635866805,24689.263379999997,48819402.66319582,Страх_отчет(II_чорак_2025_йил_)_uz_—_filtr
2024-10-01,company:ALSKOM AJ,"""ALSKOM"" AJ",128086.92646142571,38861.88540429,53208559.815138295,Страх_отчет(III_чорак_2025_йил_)_uz_—_filtr
2025-01-01,company:ALSKOM AJ,"""ALSKOM"" AJ",199341.1420973336,58982.301423935,66579300.844843775,Страх_отчет(IV_чорак_2025_йил_)_uz_—_filtr
2025-03-31,company:ALSKOM AJ,"""ALSKOM"" AJ",71195.29596750668,21210.62003878,75253058.35670531,Страх_отчет(I_чорак_2025_йил_)_uz
2025-07-01,company:ALSKOM AJ,"""ALSKOM"" AJ",143810.79805708426,46753.532490052,82381134.87160207,Страх_отчет(II_чорак_2026_йил_)_uz
2025-10-01,company:ALSKOM AJ,"""ALSKOM"" AJ",217898.06047327147,72788.925585452,63832045.35466465,Страх_отчет(III_чорак_2025_йил_)_uz_—_filtr
2026-01-01,company:ALSKOM AJ,"""ALSKOM"" AJ",279060.61683388974,98679.487004662,64244319.43289948,Страх_отчет(IV_чорак_2025_йил_)_uz_—_filtr
2026-07-01,company:ALSKOM AJ,"""ALSKOM"" AJ",131396.01789745453,45200.65404953,61029717.74383727,Страх_отчет(II_чорак_2026_йил_)_uz
2024-03-31,company:APEX INSURANCE AJ,"""APEX INSURANCE"" AJ",903568.326308826,216068.740917571,809446459.7400934,Страх_отчет(I_чорак_2025_йил_)_uz
2024-07-01,company:APEX INSURANCE AJ,"""APEX INSURANCE"" AJ",1517656.1306685943,415174.16046209395,268628106.22281677,Страх_отчет(II_чорак_2025_йил_)_uz_—_filtr
2024-10-01,company:APEX INSURANCE AJ,"""APEX INSURANCE"" AJ",2309517.8339359006,550821.73561178,290942202.94724953,Страх_отчет(III_чорак_2025_йил_)_uz_—_filtr
2025-01-01,company:APEX INSURANCE AJ,"""APEX INSURANCE"" AJ",2758066.3296679095,693618.299948,393401426.76770663,Страх_отчет(IV_чорак_2025_йил_)_uz_—_filtr
2025-03-31,company:APEX INSURANCE AJ,"""APEX INSURANCE"" AJ",721250.1909018715,76993.6715626955,493972042.2998048,Страх_отчет(I_чорак_2025_йил_)_uz
2025-07-01,company:APEX INSURANCE AJ,"""APEX INSURANCE"" AJ",1992544.6743089189,287187.683105371,514288531.26361305,Страх_отчет(II_чорак_2026_йил_)_uz
2025-10-01,company:APEX INSURANCE AJ,"""APEX INSURANCE"" AJ",2814556.4810870816,468804.43961519114,748086942.5980237,Страх_отчет(III_чорак_2025_йил_)_uz_—_filtr
2026-01-01,company:APEX INSURANCE AJ,"""APEX INSURANCE"" AJ",4122199.948414809,868492.8726227713,878456514.0203679,Страх_отчет(IV_чорак_2025_йил_)_uz_—_filtr
2026-07-01,company:APEX INSURANCE AJ,"""APEX INSURANCE"" AJ",2072259.1571075523,926950.028026458,917221348.6105491,Страх_отчет(II_чорак_2026_йил_)_uz
2024-03-31,company:ARIA SUG'URTA TASHKILOTI AJ,"""ARIA SUG‘URTA TASHKILOTI"" AJ",5139.755889999999,305.12190499999997,8612704.938984001,Страх_отчет(I_чорак_2025_йил_)_uz
2024-07-01,company:ARIA SUG'URTA TASHKILOTI AJ,"""ARIA SUG‘URTA TASHKILOTI"" AJ",10110.281890416702,843.0929000000001,8613551.181960346,Страх_отчет(II_чорак_2025_йил_)_uz_—_filtr
2024-10-01,company:ARIA SUG'URTA TASHKILOTI AJ,"""ARIA SUG‘URTA TASHKILOTI"" AJ",22101.262199999997,1511.0283,9644837.02120663,Страх_отчет(III_чорак_2025_йил_)_uz_—_filtr
2025-01-01,company:ARIA SUG'URTA TASHKILOTI AJ,"""ARIA SUG‘URTA TASHKILOTI"" AJ",32588.213539999997,1844.051,10575467.101130001,Страх_отчет(IV_чорак_2025_йил_)_uz_—_filtr
2025-03-31,company:ARIA SUG'URTA TASHKILOTI AJ,"""ARIA SUG‘URTA TASHKILOTI"" AJ",7275.587890000001,557.8322900000001,10628931.194570001,Страх_отчет(I_чорак_2025_йил_)_uz
2025-07-01,company:ARIA SUG'URTA TASHKILOTI AJ,"""ARIA SUG‘URTA TASHKILOTI"" AJ",22748.304750000003,1383.90435,10886263.30331,Страх_отчет(II_чорак_2026_йил_)_uz
2025-10-01,company:ARIA SUG'URTA TASHKILOTI AJ,"""ARIA SUG‘URTA TASHKILOTI"" AJ",38996.09435,2439.33454,11671241.087430002,Страх_отчет(III_чорак_2025_йил_)_uz_—_filtr
2026-01-01,company:ARIA SUG'URTA TASHKILOTI AJ,"""ARIA SUG‘URTA TASHKILOTI"" AJ",56091.00011000001,3796.8633099999997,12212175.388609998,Страх_отчет(IV_чорак_2025_йил_)_uz_—_filtr
2026-07-01,company:ARIA SUG'URTA TASHKILOTI AJ,"""ARIA SUG‘URTA TASHKILOTI"" AJ",35637.417610000004,2397.80643,12544411.891730003,Страх_отчет(II_чорак_2026_йил_)_uz
2024-03-31,company:ASIA INSURANCE SUG'URTA KOMPANIYASI AJ,"""ASIA INSURANCE SUG‘URTA KOMPANIYASI"" AJ",17912.402332581598,5104.545316470001,34985495.37025042,Страх_отчет(I_чорак_2025_йил_)_uz
2024-07-01,company:ASIA INSURANCE SUG'URTA KOMPANIYASI AJ,"""ASIA INSURANCE SUG‘URTA KOMPANIYASI"" AJ",32734.586881589992,10489.07233775,34589225.58040308,Страх_отчет(II_чорак_2025_йил_)_uz_—_filtr
2024-10-01,company:ASIA INSURANCE SUG'URTA KOMPANIYASI AJ,"""ASIA INSURANCE SUG‘URTA KOMPANIYASI"" AJ",45197.2875433047,15486.417760239998,33996203.7673132,Страх_отчет(III_чорак_2025_йил_)_uz_—_filtr
2025-01-01,company:ASIA INSURANCE SUG'URTA KOMPANIYASI AJ,"""ASIA INSURANCE SUG‘URTA KOMPANIYASI"" AJ",114944.78394282484,21423.87827589,42913583.63965854,Страх_отчет(IV_чорак_2025_йил_)_uz_—_filtr
2025-03-31,company:ASIA INSURANCE SUG'URTA KOMPANIYASI AJ,"""ASIA INSURANCE SUG‘URTA KOMPANIYASI"" AJ",36131.14451507002,5476.86786631,48598404.95675281,Страх_отчет(I_чорак_2025_йил_)_uz
2025-07-01,company:ASIA INSURANCE SUG'URTA KOMPANIYASI AJ,"""ASIA INSURANCE SUG‘URTA KOMPANIYASI"" AJ",68742.39997807001,11304.87139044,40323306.78710302,Страх_отчет(II_чорак_2026_йил_)_uz
2025-10-01,company:ASIA INSURANCE SUG'URTA KOMPANIYASI AJ,"""ASIA INSURANCE SUG‘URTA KOMPANIYASI"" AJ",186612.04437780002,21156.43650596,281619485.1081341,Страх_отчет(III_чорак_2025_йил_)_uz_—_filtr
2026-01-01,company:ASIA INSURANCE SUG'URTA KOMPANIYASI AJ,"""ASIA INSURANCE SUG‘URTA KOMPANIYASI"" AJ",216223.86741836998,30703.82328089,292899106.0437156,Страх_отчет(IV_чорак_2025_йил_)_uz_—_filtr
2026-07-01,company:ASIA INSURANCE SUG'URTA KOMPANIYASI AJ,"""ASIA INSURANCE SUG‘URTA KOMPANIYASI"" AJ",192048.01845308012,16558.17566621,312592470.5362061,Страх_отчет(II_чорак_2026_йил_)_uz
2024-03-31,company:DD GENERAL INSURANCE AJ,"""DD GENERAL INSURANCE"" AJ",,270.27761,9067264.6964,Страх_отчет(I_чорак_2025_йил_)_uz
2024-07-01,company:DD GENERAL INSURANCE AJ,"""DD GENERAL INSURANCE"" AJ",,1154.73185,7617771.52311,Страх_отчет(II_чорак_2025_йил_)_uz_—_filtr
2025-03-31,company:DD GENERAL INSURANCE AJ,"""DD GENERAL INSURANCE"" AJ",,0.0,0.0,Страх_отчет(I_чорак_2025_йил_)_uz
2025-07-01,company:DD GENERAL INSURANCE AJ,"""DD GENERAL INSURANCE"" AJ",,0.0,0.0,Страх_отчет(II_чорак_2025_йил_)_uz_—_filtr
2024-03-31,company:EUROASIA INSURANCE AJ QK,"""EUROASIA INSURANCE"" AJ QK",25794.8297752829,1378.7132311700002,8288862.950229591,Страх_отчет(I_чорак_2025_йил_)_uz
2024-07-01,company:EUROASIA INSURANCE AJ QK,"""EUROASIA INSURANCE"" AJ QK",57258.89789984833,8917.90829791,22202834.916901104,Страх_отчет(II_чорак_2025_йил_)_uz_—_filtr
2024-10-01,company:EUROASIA INSURANCE AJ QK,"""EUROASIA INSURANCE"" AJ QK",69908.74394283001,10920.7298,31179086.645636,Страх_отчет(III_чорак_2025_йил_)_uz_—_filtr
2025-01-01,company:EUROASIA INSURANCE AJ QK,"""EUROASIA INSURANCE"" AJ QK",60758.38136,14436.135839999999,31275755.7484,Страх_отчет(IV_чорак_2025_йил_)_uz_—_filtr
2025-03-31,company:EUROASIA INSURANCE AJ QK,"""EUROASIA INSURANCE"" AJ QK",43119.470728,5255.8078355299995,1714741.5236,Страх_отчет(I_чорак_2025_йил_)_uz
2025-07-01,company:EUROASIA INSURANCE AJ QK,"""EUROASIA INSURANCE"" AJ QK",162265.888234,6723.4719000000005,7846674.770099999,Страх_отчет(II_чорак_2026_йил_)_uz
2025-10-01,company:EUROASIA INSURANCE AJ QK,"""EUROASIA INSURANCE"" AJ QK",230122.828734,17664.7117,21944292.9262,Страх_отчет(III_чорак_2025_йил_)_uz_—_filtr
2026-01-01,company:EUROASIA INSURANCE AJ QK,"""EUROASIA INSURANCE"" AJ QK",276880.05260565004,41202.406974000005,31544166.5679,Страх_отчет(IV_чорак_2025_йил_)_uz_—_filtr
2026-07-01,company:EUROASIA INSURANCE AJ QK,"""EUROASIA INSURANCE"" AJ QK",229561.79214489,5228.259459999999,37169322.30509943,Страх_отчет(II_чорак_2026_йил_)_uz
2024-03-31,company:GLOBAL INSURANCE GROUP AJ,"""GLOBAL INSURANCE GROUP"" AJ",7205.973300029999,3936.59278,1374642.53712968,Страх_отчет(I_чорак_2025_йил_)_uz
2024-07-01,company:GLOBAL INSURANCE GROUP AJ,"""GLOBAL INSURANCE GROUP"" AJ",23514.72238439,11518.2731,9592530.837088201,Страх_отчет(II_чорак_2025_йил_)_uz_—_filtr
2024-10-01,company:GLOBAL INSURANCE GROUP AJ,"""GLOBAL INSURANCE GROUP"" AJ",35680.71531639,15700.741999999998,14713298.29899291,Страх_отчет(III_чорак_2025_йил_)_uz_—_filtr
2025-01-01,company:GLOBAL INSURANCE GROUP AJ,"""GLOBAL INSURANCE GROUP"" AJ",49025.79629866,23975.6185,21447814.73495,Страх_отчет(IV_чорак_2025_йил_)_uz_—_filtr
2025-03-31,company:GLOBAL INSURANCE GROUP AJ,"""GLOBAL INSURANCE GROUP"" AJ",15377.0635,6325.887,10817546.90829,Страх_отчет(I_чорак_2025_йил_)_uz
2025-07-01,company:GLOBAL INSURANCE GROUP AJ,"""GLOBAL INSURANCE GROUP"" AJ",31545.179287000003,11533.9597,6772976.7834,Страх_отчет(II_чорак_2026_йил_)_uz
2025-10-01,company:GLOBAL INSURANCE GROUP AJ,"""GLOBAL INSURANCE GROUP"" AJ",48108.414230719995,24058.43389,7977790.337364891,Страх_отчет(III_чорак_2025_йил_)_uz_—_filtr
2026-01-01,company:GLOBAL INSURANCE GROUP AJ,"""GLOBAL INSURANCE GROUP"" AJ",48108.414230719995,30231.03445,7977790.337364891,Страх_отчет(IV_чорак_2025_йил_)_uz_—_filtr
2026-07-01,company:GLOBAL INSURANCE GROUP AJ,"""GLOBAL INSURANCE GROUP"" AJ",0.0,0.0,0.0,Страх_отчет(II_чорак_2026_йил_)_uz
2024-03-31,company:GROSS SUG'URTA KOMPANIYASI AJ,"""GROSS SUG‘URTA KOMPANIYASI"" AJ",111556.03614001157,32447.014668021402,209685505.27801132,Страх_отчет(I_чорак_2025_йил_)_uz
2024-07-01,company:GROSS SUG'URTA KOMPANIYASI AJ,"""GROSS SUG‘URTA KOMPANIYASI"" AJ",213965.42384491186,50695.458362474106,227715090.94580647,Страх_отчет(II_чорак_2025_йил_)_uz_—_filtr
2024-10-01,company:GROSS SUG'URTA KOMPANIYASI AJ,"""GROSS SUG‘URTA KOMPANIYASI"" AJ",394901.5109422243,84828.2166882355,161449787.89848596,Страх_отчет(III_чорак_2025_йил_)_uz_—_filtr
2025-01-01,company:GROSS SUG'URTA KOMPANIYASI AJ,"""GROSS SUG‘URTA KOMPANIYASI"" AJ",623455.8245625542,109642.2792832808,259452941.46989807,Страх_отчет(IV_чорак_2025_йил_)_uz_—_filtr
2025-03-31,company:GROSS SUG'URTA KOMPANIYASI AJ,"""GROSS SUG‘URTA KOMPANIYASI"" AJ",206615.11651216188,40450.95102831001,256166567.21781015,Страх_отчет(I_чорак_2025_йил_)_uz
2025-07-01,company:GROSS SUG'URTA KOMPANIYASI AJ,"""GROSS SUG‘URTA KOMPANIYASI"" AJ",399452.0026502664,97417.37817764861,294981279.06769973,Страх_отчет(II_чорак_2026_йил_)_uz
2025-10-01,company:GROSS SUG'URTA KOMPANIYASI AJ,"""GROSS SUG‘URTA KOMPANIYASI"" AJ",626056.8887907792,145670.92585396869,347038663.01373506,Страх_отчет(III_чорак_2025_йил_)_uz_—_filtr
2026-01-01,company:GROSS SUG'URTA KOMPANIYASI AJ,"""GROSS SUG‘URTA KOMPANIYASI"" AJ",861133.907561053,219252.02741543023,271619610.4185325,Страх_отчет(IV_чорак_2025_йил_)_uz_—_filtr
2026-07-01,company:GROSS SUG'URTA KOMPANIYASI AJ,"""GROSS SUG‘URTA KOMPANIYASI"" AJ",453121.1611491058,203868.58311148765,272947227.5964663,Страх_отчет(II_чорак_2026_йил_)_uz
2024-03-31,company:HAMKOR SUG'URTA AJ,"""HAMKOR SUG’URTA"" AJ",7034.121230000001,1653.79471809,618509.2868846,Страх_отчет(I_чорак_2025_йил_)_uz
2024-07-01,company:HAMKOR SUG'URTA AJ,"""HAMKOR SUG’URTA"" AJ",15561.090191859998,2547.4966322600003,1458534.0724000002,Страх_отчет(II_чорак_2025_йил_)_uz_—_filtr
2024-10-01,company:HAMKOR SUG'URTA AJ,"""HAMKOR SUG’URTA"" AJ",21363.06471563,3645.102479,2244527.0981,Страх_отчет(III_чорак_2025_йил_)_uz_—_filtr
2025-01-01,company:HAMKOR SUG'URTA AJ,"""HAMKOR SUG’URTA"" AJ",26210.72992342,4704.2918365000005,3041032.8666,Страх_отчет(IV_чорак_2025_йил_)_uz_—_filtr
2025-03-31,company:HAMKOR SUG'URTA AJ,"""HAMKOR SUG’URTA"" AJ",4223.82346,930.9238745499999,824945.5789000001,Страх_отчет(I_чорак_2025_йил_)_uz
2025-07-01,company:HAMKOR SUG'URTA AJ,"""HAMKOR SUG’URTA"" AJ",9513.069501369999,2331.4328399999995,2051821.2146,Страх_отчет(II_чорак_2026_йил_)_uz
2025-10-01,company:HAMKOR SUG'URTA AJ,"""HAMKOR SUG’URTA"" AJ",16748.721690000002,3063.8663185099995,4053809.9241000004,Страх_отчет(III_чорак_2025_йил_)_uz_—_filtr
2026-01-01,company:HAMKOR SUG'URTA AJ,"""HAMKOR SUG’URTA"" AJ",26099.00982636,4367.191989999999,6156629.4218999995,Страх_отчет(IV_чорак_2025_йил_)_uz_—_filtr
2026-07-01,company:HAMKOR SUG'URTA AJ,"""HAMKOR SUG’URTA"" AJ",16986.89593157,2277.146,13653169.26603125,Страх_отчет(II_чорак_2026_йил_)_uz
2024-03-31,company:IMKON SUG'URTA AJ,"""IMKON SUG’URTA"" AJ",9459.31880087575,6834.099459799989,16417089.408188466,Страх_отчет(I_чорак_2025_йил_)_uz
2024-07-01,company:IMKON SUG'URTA AJ,"""IMKON SUG’URTA"" AJ",19423.34536370948,12088.982513360013,16120793.380110143,Страх_отчет(II_чорак_2025_йил_)_uz_—_filtr
2024-10-01,company:IMKON SUG'URTA AJ,"""IMKON SUG’URTA"" AJ",25199.085257769402,17407.371072559992,14979829.533899477,Страх_отчет(III_чорак_2025_йил_)_uz_—_filtr
2025-01-01,company:IMKON SUG'URTA AJ,"""IMKON SUG’URTA"" AJ",31864.71394953962,23339.733557019972,14683186.938104024,Страх_отчет(IV_чорак_2025_йил_)_uz_—_filtr
2025-03-31,company:IMKON SUG'URTA AJ,"""IMKON SUG’URTA"" AJ",7024.873012649998,4837.492899999999,12955475.893100953,Страх_отчет(I_чорак_2025_йил_)_uz
2025-07-01,company:IMKON SUG'URTA AJ,"""IMKON SUG’URTA"" AJ",14241.44305703,12297.021799999999,15816261.303503364,Страх_отчет(II_чорак_2026_йил_)_uz
2025-10-01,company:IMKON SUG'URTA AJ,"""IMKON SUG’URTA"" AJ",42395.046455489515,15580.9918,15644980.856387213,Страх_отчет(III_чорак_2025_йил_)_uz_—_filtr
2026-01-01,company:IMKON SUG'URTA AJ,"""IMKON SUG’URTA"" AJ",70755.78530608071,19628.04774,15410283.756216312,Страх_отчет(IV_чорак_2025_йил_)_uz_—_filtr
2026-07-01,company:IMKON SUG'URTA AJ,"""IMKON SUG’URTA"" AJ",55694.08532907006,7635.275900000001,17519236.573152706,Страх_отчет(II_чорак_2026_йил_)_uz
2024-03-31,company:IMPEX-INSURANCE AJ,"""IMPEX-INSURANCE"" AJ",21301.806697,11484.091250000001,42722269.9916,Страх_отчет(I_чорак_2025_йил_)_uz
2024-07-01,company:IMPEX-INSURANCE AJ,"""IMPEX-INSURANCE"" AJ",50423.653011999995,16741.198741,41424880.663757004,Страх_отчет(II_чорак_2025_йил_)_uz_—_filtr
2024-10-01,company:IMPEX-INSURANCE AJ,"""IMPEX-INSURANCE"" AJ",110792.34446110076,28203.79280022,77543078.35382906,Страх_отчет(III_чорак_2025_йил_)_uz_—_filtr
2025-01-01,company:IMPEX-INSURANCE AJ,"""IMPEX-INSURANCE"" AJ",160687.837069497,51672.4439189,48593681.815082185,Страх_отчет(IV_чорак_2025_йил_)_uz_—_filtr
2025-03-31,company:IMPEX-INSURANCE AJ,"""IMPEX-INSURANCE"" AJ",51651.36377146496,18113.3746,62071203.763077974,Страх_отчет(I_чорак_2025_йил_)_uz
2025-07-01,company:IMPEX-INSURANCE AJ,"""IMPEX-INSURANCE"" AJ",120831.36064242017,27422.499799999998,98469169.42917067,Страх_отчет(II_чорак_2026_йил_)_uz
2025-10-01,company:IMPEX-INSURANCE AJ,"""IMPEX-INSURANCE"" AJ",207004.57302132167,43868.55072,109834524.49687034,Страх_отчет(III_чорак_2025_йил_)_uz_—_filtr
2026-01-01,company:IMPEX-INSURANCE AJ,"""IMPEX-INSURANCE"" AJ",318228.8201802953,66783.8686,115679126.83109854,Страх_отчет(IV_чорак_2025_йил_)_uz_—_filtr
2026-07-01,company:IMPEX-INSURANCE AJ,"""IMPEX-INSURANCE"" AJ",133308.6638550151,47705.403,122502669.5069018,Страх_отчет(II_чорак_2026_йил_)_uz
2024-03-31,company:INFINITY INSURANCE AJ,"""INFINITY INSURANCE"" AJ",20744.295690830604,595.41611158,23394910.17810454,Страх_отчет(I_чорак_2025_йил_)_uz
2024-07-01,company:INFINITY INSURANCE AJ,"""INFINITY INSURANCE"" AJ",48929.517211968334,839.8993,27206376.774367735,Страх_отчет(II_чорак_2025_йил_)_uz_—_filtr
2024-10-01,company:INFINITY INSURANCE AJ,"""INFINITY INSURANCE"" AJ",69126.0417766586,2235.2258297199996,30245548.478130583,Страх_отчет(III_чорак_2025_йил_)_uz_—_filtr
2025-01-01,company:INFINITY INSURANCE AJ,"""INFINITY INSURANCE"" AJ",85922.51534000001,7033.184946220001,32617708.3689,Страх_отчет(IV_чорак_2025_йил_)_uz_—_filtr
2025-03-31,company:INFINITY INSURANCE AJ,"""INFINITY INSURANCE"" AJ",14644.960958591935,4527.35304,35398126.44537387,Страх_отчет(I_чорак_2025_йил_)_uz
2025-07-01,company:INFINITY INSURANCE AJ,"""INFINITY INSURANCE"" AJ",28448.78989777433,6385.967851690002,35583192.83895368,Страх_отчет(II_чорак_2026_йил_)_uz
2025-10-01,company:INFINITY INSURANCE AJ,"""INFINITY INSURANCE"" AJ",47760.48692698724,9851.01037792,38412351.185804844,Страх_отчет(III_чорак_2025_йил_)_uz_—_filtr
2026-01-01,company:INFINITY INSURANCE AJ,"""INFINITY INSURANCE"" AJ",79184.42182906243,14105.18504269,47303399.52275,Страх_отчет(IV_чорак_2025_йил_)_uz_—_filtr
2026-07-01,company:INFINITY INSURANCE AJ,"""INFINITY INSURANCE"" AJ",69852.09169843918,9095.19616279,59857179.35917037,Страх_отчет(II_чорак_2026_йил_)_uz
2024-03-31,company:INSON AJ,"""INSON"" AJ",51194.96709249899,9020.969521199997,43839890.29486877,Страх_отчет(I_чорак_2025_йил_)_uz
2024-07-01,company:INSON AJ,"""INSON"" AJ",101854.78740228023,25282.380363760007,58860273.8355005,Страх_отчет(II_чорак_2025_йил_)_uz_—_filtr
2024-10-01,company:INSON AJ,"""INSON"" AJ",205431.83748991063,35778.80438125,85421290.83206543,Страх_отчет(III_чорак_2025_йил_)_uz_—_filtr
2025-01-01,company:INSON AJ,"""INSON"" AJ",252474.05921642523,48290.044432129966,96714693.93764506,Страх_отчет(IV_чорак_2025_йил_)_uz_—_filtr
2025-03-31,company:INSON AJ,"""INSON"" AJ",41382.74920120647,10086.18345801,86749802.79934809,Страх_отчет(I_чорак_2025_йил_)_uz
2025-07-01,company:INSON AJ,"""INSON"" AJ",86736.11262570044,22767.65791991999,65856778.84162161,Страх_отчет(II_чорак_2026_йил_)_uz
2025-10-01,company:INSON AJ,"""INSON"" AJ",144456.05573603278,32948.77787502999,60495984.29768783,Страх_отчет(III_чорак_2025_йил_)_uz_—_filtr
2026-01-01,company:INSON AJ,"""INSON"" AJ",200947.18753399438,44081.85256928002,52023066.018860176,Страх_отчет(IV_чорак_2025_йил_)_uz_—_filtr
2026-07-01,company:INSON AJ,"""INSON"" AJ",100046.22218243714,28528.51008358001,51837352.69227272,Страх_отчет(II_чорак_2026_йил_)_uz
2024-03-31,company:ISHONCH SUG'URTA KOMPANIYASI AJ,"""ISHONCH SUG‘URTA KOMPANIYASI"" AJ",11377.3567,1058.8600939999997,9990674.193,Страх_отчет(I_чорак_2025_йил_)_uz
2024-07-01,company:ISHONCH SUG'URTA KOMPANIYASI AJ,"""ISHONCH SUG‘URTA KOMPANIYASI"" AJ",24382.679,2060.8160000000003,10028028.785,Страх_отчет(II_чорак_2025_йил_)_uz_—_filtr
2024-10-01,company:ISHONCH SUG'URTA KOMPANIYASI AJ,"""ISHONCH SUG‘URTA KOMPANIYASI"" AJ",45243.337400000004,4533.18775,11310811.395799998,Страх_отчет(III_чорак_2025_йил_)_uz_—_filtr
2025-01-01,company:ISHONCH SUG'URTA KOMPANIYASI AJ,"""ISHONCH SUG‘URTA KOMPANIYASI"" AJ",65400.11638,6344.618770000001,11863130.231800001,Страх_отчет(IV_чорак_2025_йил_)_uz_—_filtr
2025-03-31,company:ISHONCH SUG'URTA KOMPANIYASI AJ,"""ISHONCH SUG‘URTA KOMPANIYASI"" AJ",19700.5864,4048.7751,11618229.0837,Страх_отчет(I_чорак_2025_йил_)_uz
2025-07-01,company:ISHONCH SUG'URTA KOMPANIYASI AJ,"""ISHONCH SUG‘URTA KOMPANIYASI"" AJ",45074.7782,8677.07273,13423932.554200001,Страх_отчет(II_чорак_2026_йил_)_uz
2025-10-01,company:ISHONCH SUG'URTA KOMPANIYASI AJ,"""ISHONCH SUG‘URTA KOMPANIYASI"" AJ",59676.517900000006,11573.114429,13474746.3162,Страх_отчет(III_чорак_2025_йил_)_uz_—_filtr
2026-01-01,company:ISHONCH SUG'URTA KOMPANIYASI AJ,"""ISHONCH SUG‘URTA KOMPANIYASI"" AJ",81820.1704,17975.959909999998,16561800.305699999,Страх_отчет(IV_чорак_2025_йил_)_uz_—_filtr
2026-07-01,company:ISHONCH SUG'URTA KOMPANIYASI AJ,"""ISHONCH SUG‘URTA KOMPANIYASI"" AJ",40257.5334,11858.089790000002,19490094.5094,Страх_отчет(II_чорак_2026_йил_)_uz
2024-03-31,company:KAFIL SUG'URTA AJ,"""KAFIL SUG’URTA"" AJ",41998.62586551969,6862.41996813,69207795.49189387,Страх_отчет(I_чорак_2025_йил_)_uz
2024-07-01,company:KAFIL SUG'URTA AJ,"""KAFIL SUG’URTA"" AJ",88548.84126834723,27844.013956409995,70066736.22974926,Страх_отчет(II_чорак_2025_йил_)_uz_—_filtr
2024-10-01,company:KAFIL SUG'URTA AJ,"""KAFIL SUG’URTA"" AJ",213408.80986393313,38185.69935433997,69745886.62104249,Страх_отчет(III_чорак_2025_йил_)_uz_—_filtr
2025-01-01,company:KAFIL SUG'URTA AJ,"""KAFIL SUG’URTA"" AJ",289138.8493917502,77489.18165098997,119291670.42699134,Страх_отчет(IV_чорак_2025_йил_)_uz_—_filtr
2025-03-31,company:KAFIL SUG'URTA AJ,"""KAFIL SUG’URTA"" AJ",78017.10588000002,19921.014410000018,120671710.67755511,Страх_отчет(I_чорак_2025_йил_)_uz
2025-07-01,company:KAFIL SUG'URTA AJ,"""KAFIL SUG’URTA"" AJ",141211.65615427546,37698.858822890055,103710887.50334579,Страх_отчет(II_чорак_2026_йил_)_uz
2025-10-01,company:KAFIL SUG'URTA AJ,"""KAFIL SUG’URTA"" AJ",219373.34080428106,54524.47496122,100898801.510061,Страх_отчет(III_чорак_2025_йил_)_uz_—_filtr
2026-01-01,company:KAFIL SUG'URTA AJ,"""KAFIL SUG’URTA"" AJ",322304.6071571407,72194.50581033128,107515320.56819165,Страх_отчет(IV_чорак_2025_йил_)_uz_—_filtr
2026-07-01,company:KAFIL SUG'URTA AJ,"""KAFIL SUG’URTA"" AJ",192805.48851163036,34907.633400210005,121682026.97985159,Страх_отчет(II_чорак_2026_йил_)_uz
2024-03-31,company:KAFOLAT SUG'URTA KOMPANIYASI AJ,"""KAFOLAT SUG‘URTA KOMPANIYASI"" AJ",151043.4356237802,29155.8809,96384155.202088,Страх_отчет(I_чорак_2025_йил_)_uz
2024-07-01,company:KAFOLAT SUG'URTA KOMPANIYASI AJ,"""KAFOLAT SUG‘URTA KOMPANIYASI"" AJ",305196.9379139601,59321.366500000004,123792151.1473812,Страх_отчет(II_чорак_2025_йил_)_uz_—_filtr
2024-10-01,company:KAFOLAT SUG'URTA KOMPANIYASI AJ,"""KAFOLAT SUG‘URTA KOMPANIYASI"" AJ",526535.14717868,83217.3631,186746765.3933068,Страх_отчет(III_чорак_2025_йил_)_uz_—_filtr
2025-01-01,company:KAFOLAT SUG'URTA KOMPANIYASI AJ,"""KAFOLAT SUG‘URTA KOMPANIYASI"" AJ",738651.0657396894,104848.33240000001,225094992.72751328,Страх_отчет(IV_чорак_2025_йил_)_uz_—_filtr
2025-03-31,company:KAFOLAT SUG'URTA KOMPANIYASI AJ,"""KAFOLAT SUG‘URTA KOMPANIYASI"" AJ",142466.26479063008,53074.244300000006,126989869.02404375,Страх_отчет(I_чорак_2025_йил_)_uz
2025-07-01,company:KAFOLAT SUG'URTA KOMPANIYASI AJ,"""KAFOLAT SUG‘URTA KOMPANIYASI"" AJ",247021.47438326033,77616.75690000001,143671486.07762837,Страх_отчет(II_чорак_2026_йил_)_uz
2025-10-01,company:KAFOLAT SUG'URTA KOMPANIYASI AJ,"""KAFOLAT SUG‘URTA KOMPANIYASI"" AJ",460146.22943999997,102781.5295,206710852.23563004,Страх_отчет(III_чорак_2025_йил_)_uz_—_filtr
2026-01-01,company:KAFOLAT SUG'URTA KOMPANIYASI AJ,"""KAFOLAT SUG‘URTA KOMPANIYASI"" AJ",570604.59042126,194728.23910000004,235811162.897054,Страх_отчет(IV_чорак_2025_йил_)_uz_—_filtr
2026-07-01,company:KAFOLAT SUG'URTA KOMPANIYASI AJ,"""KAFOLAT SUG‘URTA KOMPANIYASI"" AJ",829003.5271356397,155751.63390000002,205423205.77994058,Страх_отчет(II_чорак_2026_йил_)_uz
2024-03-31,company:KAPITAL SUG'URTA AJ,"""KAPITAL SUG‘URTA"" AJ",49337.69505335187,27823.534,96253230.08937952,Страх_отчет(I_чорак_2025_йил_)_uz
2024-07-01,company:KAPITAL SUG'URTA AJ,"""KAPITAL SUG‘URTA"" AJ",166845.94813176774,65220.82468,92845656.59040143,Страх_отчет(II_чорак_2025_йил_)_uz_—_filtr
2024-10-01,company:KAPITAL SUG'URTA AJ,"""KAPITAL SUG‘URTA"" AJ",264897.9891840315,107253.10747,94420547.24964277,Страх_отчет(III_чорак_2025_йил_)_uz_—_filtr
2025-01-01,company:KAPITAL SUG'URTA AJ,"""KAPITAL SUG‘URTA"" AJ",367221.222733264,152313.38446,84288875.55915482,Страх_отчет(IV_чорак_2025_йил_)_uz_—_filtr
2025-03-31,company:KAPITAL SUG'URTA AJ,"""KAPITAL SUG‘URTA"" AJ",110654.94227091978,20867.16261,85232742.20832203,Страх_отчет(I_чорак_2025_йил_)_uz
2025-07-01,company:KAPITAL SUG'URTA AJ,"""KAPITAL SUG‘URTA"" AJ",294752.6140617226,54013.928324270004,90747915.82964423,Страх_отчет(II_чорак_2026_йил_)_uz
2025-10-01,company:KAPITAL SUG'URTA AJ,"""KAPITAL SUG‘URTA"" AJ",456185.0291958222,85222.08613501,93332961.53491263,Страх_отчет(III_чорак_2025_йил_)_uz_—_filtr
2026-01-01,company:KAPITAL SUG'URTA AJ,"""KAPITAL SUG‘URTA"" AJ",668219.5819251561,210267.58303999997,97816425.33176404,Страх_отчет(IV_чорак_2025_йил_)_uz_—_filtr
2026-07-01,company:KAPITAL SUG'URTA AJ,"""KAPITAL SUG‘URTA"" AJ",489186.6185839124,41749.93399521998,83516840.56940928,Страх_отчет(II_чорак_2026_йил_)_uz
2024-03-31,company:MOSAIC INSURANCE GROUP AJ QK,"""MOSAIC INSURANCE GROUP"" AJ QK (ранее ""MOSAIC INSURANCE COMPANY"")",19735.29082832,5445.390123686401,21845200.24245931,Страх_отчет(I_чорак_2025_йил_)_uz
2024-07-01,company:MOSAIC INSURANCE GROUP AJ QK,"""MOSAIC INSURANCE GROUP"" AJ QK (ранее ""MOSAIC INSURANCE COMPANY"")",35825.723318209966,8381.900923053201,23434757.509135302,Страх_отчет(II_чорак_2025_йил_)_uz_—_filtr
2024-10-01,company:MOSAIC INSURANCE GROUP AJ QK,"""MOSAIC INSURANCE GROUP"" AJ QK (ранее ""MOSAIC INSURANCE COMPANY"")",76798.32091679999,10152.8616645459,29808017.29083453,Страх_отчет(III_чорак_2025_йил_)_uz_—_filtr
2025-01-01,company:MOSAIC INSURANCE GROUP AJ QK,"""MOSAIC INSURANCE GROUP"" AJ QK (ранее ""MOSAIC INSURANCE COMPANY"")",265080.28896473994,13197.026017335298,69449473.40889123,Страх_отчет(IV_чорак_2025_йил_)_uz_—_filtr
2025-03-31,company:MOSAIC INSURANCE GROUP AJ QK,"""MOSAIC INSURANCE GROUP"" AJ QK (ранее ""MOSAIC INSURANCE COMPANY"")",11861.826416170004,1429.2816343241,69532021.96078588,Страх_отчет(I_чорак_2025_йил_)_uz
2025-07-01,company:MOSAIC INSURANCE GROUP AJ QK,"""MOSAIC INSURANCE GROUP"" AJ QK (ранее ""MOSAIC INSURANCE COMPANY"")",51523.10983892004,5196.1001400000005,62970129.09009136,Страх_отчет(II_чорак_2026_йил_)_uz
2025-10-01,company:MOSAIC INSURANCE GROUP AJ QK,"""MOSAIC INSURANCE GROUP"" AJ QK (ранее ""MOSAIC INSURANCE COMPANY"")",104264.90273127102,9042.223573796902,61516224.82930732,Страх_отчет(III_чорак_2025_йил_)_uz_—_filtr
2026-01-01,company:MOSAIC INSURANCE GROUP AJ QK,"""MOSAIC INSURANCE GROUP"" AJ QK (ранее ""MOSAIC INSURANCE COMPANY"")",134856.26031774993,12848.998572207003,61511369.62754332,Страх_отчет(IV_чорак_2025_йил_)_uz_—_filtr
2026-07-01,company:MOSAIC INSURANCE GROUP AJ QK,"""MOSAIC INSURANCE GROUP"" AJ QK (ранее ""MOSAIC INSURANCE COMPANY"")",90012.57255270003,9351.216622517199,64674704.09033342,Страх_отчет(II_чорак_2026_йил_)_uz
2024-03-31,company:MY-INSURANCE AJ,"""MY-INSURANCE"" AJ",105979.41708782001,63417.3,53067033.89469387,Страх_отчет(I_чорак_2025_йил_)_uz
2024-07-01,company:MY-INSURANCE AJ,"""MY-INSURANCE"" AJ",238241.01853448997,127880.11247,73459990.44167466,Страх_отчет(II_чорак_2025_йил_)_uz_—_filtr
2024-10-01,company:MY-INSURANCE AJ,"""MY-INSURANCE"" AJ",313867.1922807787,145361.68688,81188355.1312275,Страх_отчет(III_чорак_2025_йил_)_uz_—_filtr
2025-01-01,company:MY-INSURANCE AJ,"""MY-INSURANCE"" AJ",430325.4578721818,165746.26669000002,83744388.48772335,Страх_отчет(IV_чорак_2025_йил_)_uz_—_filtr
2025-03-31,company:MY-INSURANCE AJ,"""MY-INSURANCE"" AJ",150350.31905145705,145715.20375999997,92389645.04317817,Страх_отчет(I_чорак_2025_йил_)_uz
2025-07-01,company:MY-INSURANCE AJ,"""MY-INSURANCE"" AJ",356316.03758560045,181993.24112,100284677.21608594,Страх_отчет(II_чорак_2026_йил_)_uz
2025-10-01,company:MY-INSURANCE AJ,"""MY-INSURANCE"" AJ",572190.4966894242,217972.75939,103765965.5316189,Страх_отчет(III_чорак_2025_йил_)_uz_—_filtr
2026-01-01,company:MY-INSURANCE AJ,"""MY-INSURANCE"" AJ",816792.4654920904,245323.19158999994,124698595.21525581,Страх_отчет(IV_чорак_2025_йил_)_uz_—_filtr
2026-07-01,company:MY-INSURANCE AJ,"""MY-INSURANCE"" AJ",485861.5599949311,89897.57396,134866678.372609,Страх_отчет(II_чорак_2026_йил_)_uz
2024-03-31,company:NEO INSURANCE CORP AJ,"""NEO INSURANCE CORP"" AJ",14836.89069248,1211.5623849499998,20427337.11270728,Страх_отчет(I_чорак_2025_йил_)_uz
2024-07-01,company:NEO INSURANCE CORP AJ,"""NEO INSURANCE CORP"" AJ",34889.31324,2696.58147613,39212681.04630001,Страх_отчет(II_чорак_2025_йил_)_uz_—_filtr
2024-10-01,company:NEO INSURANCE CORP AJ,"""NEO INSURANCE CORP"" AJ",53552.29063240001,6962.405970000001,30946381.47035537,Страх_отчет(III_чорак_2025_йил_)_uz_—_filtr
2025-01-01,company:NEO INSURANCE CORP AJ,"""NEO INSURANCE CORP"" AJ",76716.56158652,11920.27867199,34496712.68889413,Страх_отчет(IV_чорак_2025_йил_)_uz_—_filtr
2025-03-31,company:NEO INSURANCE CORP AJ,"""NEO INSURANCE CORP"" AJ",16166.71251432,5112.742750619998,42755882.04354754,Страх_отчет(I_чорак_2025_йил_)_uz
2025-07-01,company:NEO INSURANCE CORP AJ,"""NEO INSURANCE CORP"" AJ",44745.72432275,18269.998604179993,37977884.69334868,Страх_отчет(II_чорак_2026_йил_)_uz
2025-10-01,company:NEO INSURANCE CORP AJ,"""NEO INSURANCE CORP"" AJ",82737.28510803002,23523.56515432999,41682347.57704827,Страх_отчет(III_чорак_2025_йил_)_uz_—_filtr
2026-01-01,company:NEO INSURANCE CORP AJ,"""NEO INSURANCE CORP"" AJ",135633.85918586998,34844.85855809999,60594093.65550099,Страх_отчет(IV_чорак_2025_йил_)_uz_—_filtr
2026-07-01,company:NEO INSURANCE CORP AJ,"""NEO INSURANCE CORP"" AJ",99977.81619772999,20253.21866268,71170390.70106296,Страх_отчет(II_чорак_2026_йил_)_uz
2024-03-31,company:O'ZAGROSUG'URTA AJ,"""O‘ZAGROSUG‘URTA"" AJ",55166.2487,15268.311899999999,102004226.3833,Страх_отчет(I_чорак_2025_йил_)_uz
2024-07-01,company:O'ZAGROSUG'URTA AJ,"""O‘ZAGROSUG‘URTA"" AJ",89039.16819999999,21628.2463,98076979.62780002,Страх_отчет(II_чорак_2025_йил_)_uz_—_filtr
2024-10-01,company:O'ZAGROSUG'URTA AJ,"""O‘ZAGROSUG‘URTA"" AJ",210293.77020000003,35454.4171,122244948.7073,Страх_отчет(III_чорак_2025_йил_)_uz_—_filtr
2025-01-01,company:O'ZAGROSUG'URTA AJ,"""O‘ZAGROSUG‘URTA"" AJ",418139.8444999999,43783.43737,142070882.4059,Страх_отчет(IV_чорак_2025_йил_)_uz_—_filtr
2025-03-31,company:O'ZAGROSUG'URTA AJ,"""O‘ZAGROSUG‘URTA"" AJ",56042.4693,13627.0722,126019502.7522,Страх_отчет(I_чорак_2025_йил_)_uz
2025-07-01,company:O'ZAGROSUG'URTA AJ,"""O‘ZAGROSUG‘URTA"" AJ",224014.64100000003,24107.5125,116589925.8878,Страх_отчет(II_чорак_2026_йил_)_uz
2025-10-01,company:O'ZAGROSUG'URTA AJ,"""O‘ZAGROSUG‘URTA"" AJ",377696.7644,30407.4418,156346845.46920002,Страх_отчет(III_чорак_2025_йил_)_uz_—_filtr
2026-01-01,company:O'ZAGROSUG'URTA AJ,"""O‘ZAGROSUG‘URTA"" AJ",444632.5226,34055.47260000001,171042749.46760002,Страх_отчет(IV_чорак_2025_йил_)_uz_—_filtr
2026-07-01,company:O'ZAGROSUG'URTA AJ,"""O‘ZAGROSUG‘URTA"" AJ",94587.1258,36631.050500000005,157402690.061125,Страх_отчет(II_чорак_2026_йил_)_uz
2024-03-31,company:O'ZBEKINVEST EISK AJ,"""O‘ZBEKINVEST"" EISK AJ",270479.05412311346,23568.181520000002,407326307.67738545,Страх_отчет(I_чорак_2025_йил_)_uz
2024-07-01,company:O'ZBEKINVEST EISK AJ,"""O‘ZBEKINVEST"" EISK AJ",499067.29954946996,47943.08729,353960048.8171771,Страх_отчет(II_чорак_2025_йил_)_uz_—_filtr
2024-10-01,company:O'ZBEKINVEST EISK AJ,"""O‘ZBEKINVEST"" EISK AJ",810800.5498611404,142084.80547,441733002.66774637,Страх_отчет(III_чорак_2025_йил_)_uz_—_filtr
2025-01-01,company:O'ZBEKINVEST EISK AJ,"""O‘ZBEKINVEST"" EISK AJ",1270569.8670263789,156775.18521,444428142.3268552,Страх_отчет(IV_чорак_2025_йил_)_uz_—_filtr
2025-03-31,company:O'ZBEKINVEST EISK AJ,"""O‘ZBEKINVEST"" EISK AJ",290922.4056,41269.578199999996,445951749.87346,Страх_отчет(I_чорак_2025_йил_)_uz
2025-07-01,company:O'ZBEKINVEST EISK AJ,"""O‘ZBEKINVEST"" EISK AJ",709160.7189154518,59033.8004,461397043.5338543,Страх_отчет(II_чорак_2026_йил_)_uz
2025-10-01,company:O'ZBEKINVEST EISK AJ,"""O‘ZBEKINVEST"" EISK AJ",1201238.3907977024,97242.45843,562672845.2843084,Страх_отчет(III_чорак_2025_йил_)_uz_—_filtr
2026-01-01,company:O'ZBEKINVEST EISK AJ,"""O‘ZBEKINVEST"" EISK AJ",1614067.4275383854,131599.21759,597781170.9689171,Страх_отчет(IV_чорак_2025_йил_)_uz_—_filtr
2026-07-01,company:O'ZBEKINVEST EISK AJ,"""O‘ZBEKINVEST"" EISK AJ",934622.6884367072,283587.84214473015,710508433.2283176,Страх_отчет(II_чорак_2026_йил_)_uz
2024-10-01,company:O'ZBEKISTON QAYTA SUG'URTA KOMPANIYASI MQST AJ,"""O‘ZBEKISTON QAYTA SUG‘URTA KOMPANIYASI"" MQST AJ",0.0,0.0,0.0,Страх_отчет(III_чорак_2025_йил_)_uz_—_filtr
2025-01-01,company:O'ZBEKISTON QAYTA SUG'URTA KOMPANIYASI MQST AJ,"""O‘ZBEKISTON QAYTA SUG‘URTA KOMPANIYASI"" MQST AJ",0.0,0.0,0.0,Страх_отчет(IV_чорак_2025_йил_)_uz_—_filtr
2025-07-01,company:O'ZBEKISTON QAYTA SUG'URTA KOMPANIYASI MQST AJ,"""O‘ZBEKISTON QAYTA SUG‘URTA KOMPANIYASI"" MQST AJ",0.0,0.0,0.0,Страх_отчет(II_чорак_2026_йил_)_uz
2025-10-01,company:O'ZBEKISTON QAYTA SUG'URTA KOMPANIYASI MQST AJ,"""O‘ZBEKISTON QAYTA SUG‘URTA KOMPANIYASI"" MQST AJ",20.259035400000002,0.0,47999.62601166,Страх_отчет(III_чорак_2025_йил_)_uz_—_filtr
2026-01-01,company:O'ZBEKISTON QAYTA SUG'URTA KOMPANIYASI MQST AJ,"""O‘ZBEKISTON QAYTA SUG‘URTA KOMPANIYASI"" MQST AJ",507.57921489,0.0,202285.76542931,Страх_отчет(IV_чорак_2025_йил_)_uz_—_filtr
2026-07-01,company:O'ZBEKISTON QAYTA SUG'URTA KOMPANIYASI MQST AJ,"""O‘ZBEKISTON QAYTA SUG‘URTA KOMPANIYASI"" MQST AJ",9880.802687184001,0.0,7075980.9769292,Страх_отчет(II_чорак_2026_йил_)_uz
2024-03-31,company:OMAD SUG'URTA AJ,"""OMAD SUG‘URTA"" AJ",4925.5035317599995,295.3008,10961570.597582303,Страх_отчет(I_чорак_2025_йил_)_uz
2024-07-01,company:OMAD SUG'URTA AJ,"""OMAD SUG‘URTA"" AJ",9460.44488881,341.93080000000003,10439355.165199343,Страх_отчет(II_чорак_2025_йил_)_uz_—_filtr
2024-10-01,company:OMAD SUG'URTA AJ,"""OMAD SUG‘URTA"" AJ",16242.25647616,2703.3256,10904301.318870738,Страх_отчет(III_чорак_2025_йил_)_uz_—_filtr
2025-01-01,company:OMAD SUG'URTA AJ,"""OMAD SUG‘URTA"" AJ",20522.09953188,3118.0596000000005,9755231.25768675,Страх_отчет(IV_чорак_2025_йил_)_uz_—_filtr
2025-03-31,company:OMAD SUG'URTA AJ,"""OMAD SUG‘URTA"" AJ",13.81,2722.7794,9032911.501364026,Страх_отчет(I_чорак_2025_йил_)_uz
2025-07-01,company:OMAD SUG'URTA AJ,"""OMAD SUG‘URTA"" AJ",0.0,0.0,0.0,Страх_отчет(II_чорак_2025_йил_)_uz_—_filtr
2025-10-01,company:OMAD SUG'URTA AJ,"""OMAD SUG‘URTA"" AJ",0.0,0.0,0.0,Страх_отчет(III_чорак_2025_йил_)_uz_—_filtr
2026-01-01,company:OMAD SUG'URTA AJ,"""OMAD SUG‘URTA"" AJ",0.0,0.0,0.0,Страх_отчет(IV_чорак_2025_йил_)_uz_—_filtr
2024-03-31,company:QUANTUM INSURANCE AJ,"""QUANTUM INSURANCE"" AJ (ранее ""INGO-UZBEKISTON"")",24630.772073897715,1567.97180025,26025696.534169752,Страх_отчет(I_чорак_2025_йил_)_uz
2024-07-01,company:QUANTUM INSURANCE AJ,"""QUANTUM INSURANCE"" AJ (ранее ""INGO-UZBEKISTON"")",46179.40903620068,4759.72677349,30223970.03870309,Страх_отчет(II_чорак_2025_йил_)_uz_—_filtr
2024-10-01,company:QUANTUM INSURANCE AJ,"""QUANTUM INSURANCE"" AJ (ранее ""INGO-UZBEKISTON"")",66697.76742752334,11971.60406522821,30852932.18204931,Страх_отчет(III_чорак_2025_йил_)_uz_—_filtr
2025-01-01,company:QUANTUM INSURANCE AJ,"""QUANTUM INSURANCE"" AJ (ранее ""INGO-UZBEKISTON"")",86387.68827654996,14280.375033139999,26781285.589951873,Страх_отчет(IV_чорак_2025_йил_)_uz_—_filtr
2025-03-31,company:QUANTUM INSURANCE AJ,"""QUANTUM INSURANCE"" AJ (ранее ""INGO-UZBEKISTON"")",47590.54328144905,3121.95368495,105114328.52416407,Страх_отчет(I_чорак_2025_йил_)_uz
2025-07-01,company:QUANTUM INSURANCE AJ,"""QUANTUM INSURANCE"" AJ (ранее ""INGO-UZBEKISTON"")",68195.9316165701,6677.146314230001,210656543.67480183,Страх_отчет(II_чорак_2026_йил_)_uz
2025-10-01,company:QUANTUM INSURANCE AJ,"""QUANTUM INSURANCE"" AJ (ранее ""INGO-UZBEKISTON"")",87946.70899963,13572.899326750001,47511813.74869789,Страх_отчет(III_чорак_2025_йил_)_uz_—_filtr
2026-01-01,company:QUANTUM INSURANCE AJ,"""QUANTUM INSURANCE"" AJ (ранее ""INGO-UZBEKISTON"")",128968.7173470476,23254.696780804843,41917411.47115413,Страх_отчет(IV_чорак_2025_йил_)_uz_—_filtr
2026-07-01,company:QUANTUM INSURANCE AJ,"""QUANTUM INSURANCE"" AJ (ранее ""INGO-UZBEKISTON"")",64294.148245780336,16674.6086921942,52955553.97898776,Страх_отчет(II_чорак_2026_йил_)_uz
2024-03-31,company:SEMURG SUG'URTA AJ QK,"""SEMURG SUG‘URTA"" AJ QK",12043.816829990006,2974.315772,27010766.7201,Страх_отчет(I_чорак_2025_йил_)_uz
2024-07-01,company:SEMURG SUG'URTA AJ QK,"""SEMURG SUG‘URTA"" AJ QK",24192.076399999994,3150.89880915,30201043.9363,Страх_отчет(II_чорак_2025_йил_)_uz_—_filtr
2024-10-01,company:SEMURG SUG'URTA AJ QK,"""SEMURG SUG‘URTA"" AJ QK",35433.60923,6064.9794,31521730.1391,Страх_отчет(III_чорак_2025_йил_)_uz_—_filtr
2025-01-01,company:SEMURG SUG'URTA AJ QK,"""SEMURG SUG‘URTA"" AJ QK",46656.24844105,9164.911240000001,29741522.931600004,Страх_отчет(IV_чорак_2025_йил_)_uz_—_filtr
2025-03-31,company:SEMURG SUG'URTA AJ QK,"""SEMURG SUG‘URTA"" AJ QK",26778.6585012,2365.3552499999996,23473828.6704,Страх_отчет(I_чорак_2025_йил_)_uz
2025-07-01,company:SEMURG SUG'URTA AJ QK,"""SEMURG SUG‘URTA"" AJ QK",50821.043678789996,3377.6385899999996,29323851.4745,Страх_отчет(II_чорак_2026_йил_)_uz
2025-10-01,company:SEMURG SUG'URTA AJ QK,"""SEMURG SUG‘URTA"" AJ QK",65008.96498938021,5352.8828,24673449.695899997,Страх_отчет(III_чорак_2025_йил_)_uz_—_filtr
2026-01-01,company:SEMURG SUG'URTA AJ QK,"""SEMURG SUG‘URTA"" AJ QK",82083.16323173809,14219.197810000001,17234125.3728,Страх_отчет(IV_чорак_2025_йил_)_uz_—_filtr
2026-07-01,company:SEMURG SUG'URTA AJ QK,"""SEMURG SUG‘URTA"" AJ QK",7758.039901699995,3065.15364,10750284.3709,Страх_отчет(II_чорак_2026_йил_)_uz
2024-03-31,company:SQB INSURANCE SUG'URTA KOMPANIYASI AJ,"""SQB INSURANCE SUG‘URTA KOMPANIYASI"" AJ",35653.11616,10157.12132,71589291.50622,Страх_отчет(I_чорак_2025_йил_)_uz
2024-07-01,company:SQB INSURANCE SUG'URTA KOMPANIYASI AJ,"""SQB INSURANCE SUG‘URTA KOMPANIYASI"" AJ",82607.78841000001,22183.83801,75938191.53854,Страх_отчет(II_чорак_2025_йил_)_uz_—_filtr
2024-10-01,company:SQB INSURANCE SUG'URTA KOMPANIYASI AJ,"""SQB INSURANCE SUG‘URTA KOMPANIYASI"" AJ",186876.86531999998,31132.008830000002,102618150.24585,Страх_отчет(III_чорак_2025_йил_)_uz_—_filtr
2025-01-01,company:SQB INSURANCE SUG'URTA KOMPANIYASI AJ,"""SQB INSURANCE SUG‘URTA KOMPANIYASI"" AJ",219270.76323000004,54251.41295,101587993.36466,Страх_отчет(IV_чорак_2025_йил_)_uz_—_filtr
2025-03-31,company:SQB INSURANCE SUG'URTA KOMPANIYASI AJ,"""SQB INSURANCE SUG‘URTA KOMPANIYASI"" AJ",36400.85402,17780.19733,119816446.99780998,Страх_отчет(I_чорак_2025_йил_)_uz
2025-07-01,company:SQB INSURANCE SUG'URTA KOMPANIYASI AJ,"""SQB INSURANCE SUG‘URTA KOMPANIYASI"" AJ",80710.43012,39641.155167000004,136084682.20041,Страх_отчет(II_чорак_2026_йил_)_uz
2025-10-01,company:SQB INSURANCE SUG'URTA KOMPANIYASI AJ,"""SQB INSURANCE SUG‘URTA KOMPANIYASI"" AJ",148437.05232999998,61630.57616499999,136582702.80923998,Страх_отчет(III_чорак_2025_йил_)_uz_—_filtr
2026-01-01,company:SQB INSURANCE SUG'URTA KOMPANIYASI AJ,"""SQB INSURANCE SUG‘URTA KOMPANIYASI"" AJ",252348.81192999997,91379.064253,138161156.37329,Страх_отчет(IV_чорак_2025_йил_)_uz_—_filtr
2026-07-01,company:SQB INSURANCE SUG'URTA KOMPANIYASI AJ,"""SQB INSURANCE SUG‘URTA KOMPANIYASI"" AJ",127276.72597,49444.409508,144860549.73442,Страх_отчет(II_чорак_2026_йил_)_uz
2024-03-31,company:TEMIRYO'L SUG'URTA AJ,"""TEMIRYO‘L SUG‘URTA"" AJ",73963.87849345332,14720.75398,478922399.98471844,Страх_отчет(I_чорак_2025_йил_)_uz
2024-07-01,company:TEMIRYO'L SUG'URTA AJ,"""TEMIRYO‘L SUG‘URTA"" AJ",152889.590493673,26779.09505,154410870.839201,Страх_отчет(II_чорак_2025_йил_)_uz_—_filtr
2024-10-01,company:TEMIRYO'L SUG'URTA AJ,"""TEMIRYO‘L SUG‘URTA"" AJ",224535.19496232888,40455.58856109001,144588294.03207096,Страх_отчет(III_чорак_2025_йил_)_uz_—_filtr
2025-01-01,company:TEMIRYO'L SUG'URTA AJ,"""TEMIRYO‘L SUG‘URTA"" AJ",301863.639543487,88359.02108577,151493624.2941433,Страх_отчет(IV_чорак_2025_йил_)_uz_—_filtr
2025-03-31,company:TEMIRYO'L SUG'URTA AJ,"""TEMIRYO‘L SUG‘URTA"" AJ",68291.2953354825,21249.46818139,117213770.25266778,Страх_отчет(I_чорак_2025_йил_)_uz
2025-07-01,company:TEMIRYO'L SUG'URTA AJ,"""TEMIRYO‘L SUG‘URTA"" AJ",111649.33417623708,35803.90542234001,106771893.81501292,Страх_отчет(II_чорак_2026_йил_)_uz
2025-10-01,company:TEMIRYO'L SUG'URTA AJ,"""TEMIRYO‘L SUG‘URTA"" AJ",215890.90831011994,55102.08567936,94390069.62853424,Страх_отчет(III_чорак_2025_йил_)_uz_—_filtr
2026-01-01,company:TEMIRYO'L SUG'URTA AJ,"""TEMIRYO‘L SUG‘URTA"" AJ",266009.47653701005,64401.63328201,79108194.7301442,Страх_отчет(IV_чорак_2025_йил_)_uz_—_filtr
2026-07-01,company:TEMIRYO'L SUG'URTA AJ,"""TEMIRYO‘L SUG‘URTA"" AJ",93129.1309991881,14767.069966760002,47658249.993646525,Страх_отчет(II_чорак_2026_йил_)_uz
2024-03-31,company:TRUST-INSURANCE AJ,"""TRUST-INSURANCE"" AJ",14966.0722694412,967.0555814299998,9496207.106611304,Страх_отчет(I_чорак_2025_йил_)_uz
2024-07-01,company:TRUST-INSURANCE AJ,"""TRUST-INSURANCE"" AJ",61003.981477787944,2906.3782349329995,15536143.68946118,Страх_отчет(II_чорак_2025_йил_)_uz_—_filtr
2024-10-01,company:TRUST-INSURANCE AJ,"""TRUST-INSURANCE"" AJ",107451.57392782593,6581.012293652999,20206383.16396945,Страх_отчет(III_чорак_2025_йил_)_uz_—_filtr
2025-01-01,company:TRUST-INSURANCE AJ,"""TRUST-INSURANCE"" AJ",151426.680867278,37245.036307632996,32198643.89925545,Страх_отчет(IV_чорак_2025_йил_)_uz_—_filtr
2025-03-31,company:TRUST-INSURANCE AJ,"""TRUST-INSURANCE"" AJ",69257.01542072195,30417.873076310003,46394360.34119708,Страх_отчет(I_чорак_2025_йил_)_uz
2025-07-01,company:TRUST-INSURANCE AJ,"""TRUST-INSURANCE"" AJ",125988.0317173452,62023.994948801,51437358.919188276,Страх_отчет(II_чорак_2026_йил_)_uz
2025-10-01,company:TRUST-INSURANCE AJ,"""TRUST-INSURANCE"" AJ",204629.7632366307,136289.952304501,56841095.78873357,Страх_отчет(III_чорак_2025_йил_)_uz_—_filtr
2026-01-01,company:TRUST-INSURANCE AJ,"""TRUST-INSURANCE"" AJ",271216.33939381863,180084.16609819393,62049874.87348971,Страх_отчет(IV_чорак_2025_йил_)_uz_—_filtr
2026-07-01,company:TRUST-INSURANCE AJ,"""TRUST-INSURANCE"" AJ",158076.3170195638,49375.4871147807,69800038.32916519,Страх_отчет(II_чорак_2026_йил_)_uz
2025-01-01,company:UNIPOLIS AJ,"""UNIPOLIS"" AJ",,,0.0,Страх_отчет(IV_чорак_2025_йил_)_uz_—_filtr
2026-01-01,company:UNIPOLIS AJ,"""UNIPOLIS"" AJ",,,0.0,Страх_отчет(IV_чорак_2025_йил_)_uz_—_filtr
2024-03-31,company:UNIVERSAL SUG'URTA AJ,"""UNIVERSAL SUG‘URTA"" AJ",,96.6689277,3515224.6712695,Страх_отчет(I_чорак_2025_йил_)_uz
2025-03-31,company:UNIVERSAL SUG'URTA AJ,"""UNIVERSAL SUG‘URTA"" AJ",,0.0,0.0,Страх_отчет(I_чорак_2025_йил_)_uz
2024-03-31,company:XALQ SUG'URTA AJ,"""XALQ SUG‘URTA"" AJ",15547.651675904663,1681.7219899999998,20941747.85012511,Страх_отчет(I_чорак_2025_йил_)_uz
2024-07-01,company:XALQ SUG'URTA AJ,"""XALQ SUG‘URTA"" AJ",43769.767411732486,4118.206849,23889697.95555213,Страх_отчет(II_чорак_2025_йил_)_uz_—_filtr
2024-10-01,company:XALQ SUG'URTA AJ,"""XALQ SUG‘URTA"" AJ",64255.28780101629,13016.852233610001,25907306.080251936,Страх_отчет(III_чорак_2025_йил_)_uz_—_filtr
2025-01-01,company:XALQ SUG'URTA AJ,"""XALQ SUG‘URTA"" AJ",73011.28467289546,16130.790049219999,26720292.99658292,Страх_отчет(IV_чорак_2025_йил_)_uz_—_filtr
2025-03-31,company:XALQ SUG'URTA AJ,"""XALQ SUG‘URTA"" AJ",14256.803243940007,7401.44704419,28520868.320669476,Страх_отчет(I_чорак_2025_йил_)_uz
2025-07-01,company:XALQ SUG'URTA AJ,"""XALQ SUG‘URTA"" AJ",24986.551613336844,10992.469874190001,28144451.682530023,Страх_отчет(II_чорак_2026_йил_)_uz
2025-10-01,company:XALQ SUG'URTA AJ,"""XALQ SUG‘URTA"" AJ",40814.87547388252,17709.22027382,29763685.748974416,Страх_отчет(III_чорак_2025_йил_)_uz_—_filtr
2026-01-01,company:XALQ SUG'URTA AJ,"""XALQ SUG‘URTA"" AJ",54804.06404568508,32120.55294503,30504474.265165526,Страх_отчет(IV_чорак_2025_йил_)_uz_—_filtr
2026-07-01,company:XALQ SUG'URTA AJ,"""XALQ SUG‘URTA"" AJ",28438.538498682887,10273.703278040002,30219654.058553465,Страх_отчет(II_чорак_2026_йил_)_uz
2024-03-31,region:ANDIJON,Андижанская область,49476.15332547423,4603.9680858599995,47516566.43069401,Страх_отчет(I_чорак_2025_йил_)_uz
2024-07-01,region:ANDIJON,Андижанская область,97219.27414367284,10427.84446435,51570533.130674064,Страх_отчет(II_чорак_2025_йил_)_uz_—_filtr
2024-10-01,region:ANDIJON,Андижанская область,135481.61528889844,14221.204620669998,54452013.75834725,Страх_отчет(III_чорак_2025_йил_)_uz_—_filtr
2025-01-01,region:ANDIJON,Андижанская область,176401.06820875208,18662.08904467,56840577.630725205,Страх_отчет(IV_чорак_2025_йил_)_uz_—_filtr
2025-03-31,region:ANDIJON,Андижанская область,41221.34552745,6278.27956218,56166315.55928077,Страх_отчет(I_чорак_2025_йил_)_uz
2025-07-01,region:ANDIJON,Андижанская область,102528.18762229,11977.956039359999,56840577.630725205,Страх_отчет(II_чорак_2026_йил_)_uz
2025-10-01,region:ANDIJON,Андижанская область,146366.14015757167,17532.199868239997,62892211.4361219,Страх_отчет(III_чорак_2025_йил_)_uz_—_filtr
2026-01-01,region:ANDIJON,Андижанская область,196293.84090979377,21991.17720117,70642057.45170768,Страх_отчет(IV_чорак_2025_йил_)_uz_—_filtr
2026-07-01,region:ANDIJON,Андижанская область,119485.36465781563,19547.42794243,70642057.45170768,Страх_отчет(II_чорак_2026_йил_)_uz
2024-03-31,region:BUXORO,Бухарская область,52260.8974724474,5978.15910755,43054690.6198591,Страх_отчет(I_чорак_2025_йил_)_uz
2024-07-01,region:BUXORO,Бухарская область,112740.79967711172,18537.973529970004,44028379.889074996,Страх_отчет(II_чорак_2025_йил_)_uz_—_filtr
2024-10-01,region:BUXORO,Бухарская область,149831.05532585937,25115.173679159998,40815200.17672564,Страх_отчет(III_чорак_2025_йил_)_uz_—_filtr
2025-01-01,region:BUXORO,Бухарская область,188830.8779473411,34028.78580384499,43473795.81517507,Страх_отчет(IV_чорак_2025_йил_)_uz_—_filtr
2025-03-31,region:BUXORO,Бухарская область,42260.37861557001,6058.0286577,44837199.83426981,Страх_отчет(I_чорак_2025_йил_)_uz
2025-07-01,region:BUXORO,Бухарская область,131224.09912862003,13223.69496225,43473795.81517507,Страх_отчет(II_чорак_2026_йил_)_uz
2025-10-01,region:BUXORO,Бухарская область,192390.44965895795,18703.366162350005,79150789.83564392,Страх_отчет(III_чорак_2025_йил_)_uz_—_filtr
2026-01-01,region:BUXORO,Бухарская область,258131.62571101182,25912.36568438,84755154.71652503,Страх_отчет(IV_чорак_2025_йил_)_uz_—_filtr
2026-07-01,region:BUXORO,Бухарская область,131332.7290350644,17242.939765429997,84755154.71652503,Страх_отчет(II_чорак_2026_йил_)_uz
2024-03-31,region:FARG'ONA,Ферганская область,64253.320547086936,10242.492409214981,63855298.61044897,Страх_отчет(I_чорак_2025_йил_)_uz
2024-07-01,region:FARG'ONA,Ферганская область,140257.6977621138,17237.65486658498,66020255.16650008,Страх_отчет(II_чорак_2025_йил_)_uz_—_filtr
2024-10-01,region:FARG'ONA,Ферганская область,212924.05370224256,26359.18816968498,67843090.86487514,Страх_отчет(III_чорак_2025_йил_)_uz_—_filtr
2025-01-01,region:FARG'ONA,Ферганская область,257766.2962457157,50715.60322138498,153785057.9688402,Страх_отчет(IV_чорак_2025_йил_)_uz_—_filtr
2025-03-31,region:FARG'ONA,Ферганская область,57658.200694949424,47623.51443901498,152332565.15968797,Страх_отчет(I_чорак_2025_йил_)_uz
2025-07-01,region:FARG'ONA,Ферганская область,133092.67640196302,80617.42011420746,153785057.9688402,Страх_отчет(II_чорак_2026_йил_)_uz
2025-10-01,region:FARG'ONA,Ферганская область,209256.31833067368,159616.72670391496,164403158.33283493,Страх_отчет(III_чорак_2025_йил_)_uz_—_filtr
2026-01-01,region:FARG'ONA,Ферганская область,329607.88935738173,201971.56092104988,95296200.51924628,Страх_отчет(IV_чорак_2025_йил_)_uz_—_filtr
2026-07-01,region:FARG'ONA,Ферганская область,172041.6436717086,63892.94280086,95296200.51924628,Страх_отчет(II_чорак_2026_йил_)_uz
2024-03-31,region:JIZZAX,Джизакская область,34387.58283925391,8592.91446664,33866056.925496034,Страх_отчет(I_чорак_2025_йил_)_uz
2024-07-01,region:JIZZAX,Джизакская область,86619.46691025615,18778.01950825,45970160.633191876,Страх_отчет(II_чорак_2025_йил_)_uz_—_filtr
2024-10-01,region:JIZZAX,Джизакская область,118783.56309913994,30046.668805039997,48176052.02045672,Страх_отчет(III_чорак_2025_йил_)_uz_—_filtr
2025-01-01,region:JIZZAX,Джизакская область,148213.80885928075,41856.47955314999,47917924.15733215,Страх_отчет(IV_чорак_2025_йил_)_uz_—_filtr
2025-03-31,region:JIZZAX,Джизакская область,39192.506568460005,3084.5257806,51799157.70640932,Страх_отчет(I_чорак_2025_йил_)_uz
2025-07-01,region:JIZZAX,Джизакская область,73780.43567807498,9432.332916419999,47917924.15733215,Страх_отчет(II_чорак_2026_йил_)_uz
2025-10-01,region:JIZZAX,Джизакская область,103210.58590801108,14495.690505290002,50189102.13324178,Страх_отчет(III_чорак_2025_йил_)_uz_—_filtr
2026-01-01,region:JIZZAX,Джизакская область,127419.16816843979,24657.556658569996,46333792.11051063,Страх_отчет(IV_чорак_2025_йил_)_uz_—_filtr
2026-07-01,region:JIZZAX,Джизакская область,65431.436242760035,14122.4086510136,46333792.11051063,Страх_отчет(II_чорак_2026_йил_)_uz
2024-03-31,region:NAMANGAN,Наманганская область,30018.508722750874,16564.56686067,38828234.38395372,Страх_отчет(I_чорак_2025_йил_)_uz
2024-07-01,region:NAMANGAN,Наманганская область,95853.13177350553,23291.60709688,46142705.339034244,Страх_отчет(II_чорак_2025_йил_)_uz_—_filtr
2024-10-01,region:NAMANGAN,Наманганская область,135584.75368401487,29579.1900243,46961855.48827428,Страх_отчет(III_чорак_2025_йил_)_uz_—_filtr
2025-01-01,region:NAMANGAN,Наманганская область,143747.77414018908,37491.70123719,44166045.98295882,Страх_отчет(IV_чорак_2025_йил_)_uz_—_filtr
2025-03-31,region:NAMANGAN,Наманганская область,34650.48823342519,22803.946484480002,43977367.75776375,Страх_отчет(I_чорак_2025_йил_)_uz
2025-07-01,region:NAMANGAN,Наманганская область,95952.91764414535,25765.126051159998,44166045.98295882,Страх_отчет(II_чорак_2026_йил_)_uz
2025-10-01,region:NAMANGAN,Наманганская область,150098.97083282546,29834.30127471,51030914.42353665,Страх_отчет(III_чорак_2025_йил_)_uz_—_filtr
2026-01-01,region:NAMANGAN,Наманганская область,187482.6736419449,37123.65487443,55162967.217478916,Страх_отчет(IV_чорак_2025_йил_)_uz_—_filtr
2026-07-01,region:NAMANGAN,Наманганская область,102450.77889475002,12458.706623729999,55162967.217478916,Страх_отчет(II_чорак_2026_йил_)_uz
2024-03-31,region:NAVOIY,Навоийская область,27821.103035968124,11832.203731863334,35328063.11520061,Страх_отчет(I_чорак_2025_йил_)_uz
2024-07-01,region:NAVOIY,Навоийская область,70015.93120286704,16567.155021793336,34072194.77633348,Страх_отчет(II_чорак_2025_йил_)_uz_—_filtr
2024-10-01,region:NAVOIY,Навоийская область,98028.5205974034,26421.377363123334,38653525.950816885,Страх_отчет(III_чорак_2025_йил_)_uz_—_filtr
2025-01-01,region:NAVOIY,Навоийская область,121259.03097489466,36029.915883433336,42878197.810301475,Страх_отчет(IV_чорак_2025_йил_)_uz_—_filtr
2025-03-31,region:NAVOIY,Навоийская область,28516.379609634994,9589.4642041,42225274.70248059,Страх_отчет(I_чорак_2025_йил_)_uz
2025-07-01,region:NAVOIY,Навоийская область,63358.8122674056,18474.620375280003,42878197.810301475,Страх_отчет(II_чорак_2026_йил_)_uz
2025-10-01,region:NAVOIY,Навоийская область,92800.74030528349,23851.456586100005,45155528.20887321,Страх_отчет(III_чорак_2025_йил_)_uz_—_filtr
2026-01-01,region:NAVOIY,Навоийская область,123632.52661117002,83610.54493947001,58316895.14894088,Страх_отчет(IV_чорак_2025_йил_)_uz_—_filtr
2026-07-01,region:NAVOIY,Навоийская область,62220.809622691304,14264.73861023,58316895.14894088,Страх_отчет(II_чорак_2026_йил_)_uz
2024-03-31,region:QASHQADARYO,Кашкадарьинская область,49953.498542763344,8207.09502347,48430881.113110274,Страх_отчет(I_чорак_2025_йил_)_uz
2024-07-01,region:QASHQADARYO,Кашкадарьинская область,121233.22155612383,14873.08993776,50416084.75925077,Страх_отчет(II_чорак_2025_йил_)_uz_—_filtr
2024-10-01,region:QASHQADARYO,Кашкадарьинская область,166308.36241880423,22563.12824586,52463015.172053486,Страх_отчет(III_чорак_2025_йил_)_uz_—_filtr
2025-01-01,region:QASHQADARYO,Кашкадарьинская область,216282.95615004288,33845.5381024,53954648.295404,Страх_отчет(IV_чорак_2025_йил_)_uz_—_filtr
2025-03-31,region:QASHQADARYO,Кашкадарьинская область,69943.85634604997,11356.86993118,56468448.730766125,Страх_отчет(I_чорак_2025_йил_)_uz
2025-07-01,region:QASHQADARYO,Кашкадарьинская область,143684.83593621818,20032.51455528,53954648.295404,Страх_отчет(II_чорак_2026_йил_)_uz
2025-10-01,region:QASHQADARYO,Кашкадарьинская область,196269.75293471818,31199.491260510003,63406652.61338303,Страх_отчет(III_чорак_2025_йил_)_uz_—_filtr
2026-01-01,region:QASHQADARYO,Кашкадарьинская область,258603.19235970755,39856.139165730005,67851125.39723678,Страх_отчет(IV_чорак_2025_йил_)_uz_—_filtr
2026-07-01,region:QASHQADARYO,Кашкадарьинская область,147056.2649394154,16722.394274271854,67851125.39723678,Страх_отчет(II_чорак_2026_йил_)_uz
2024-03-31,region:QORAQALPOG'ISTON RESPUBLIKASI,Республика Каракалпакстан,35759.41600563932,26598.909903187,29072755.965339657,Страх_отчет(I_чорак_2025_йил_)_uz
2024-07-01,region:QORAQALPOG'ISTON RESPUBLIKASI,Республика Каракалпакстан,88148.41215910592,52374.40001310399,33324134.076220866,Страх_отчет(II_чорак_2025_йил_)_uz_—_filtr
2024-10-01,region:QORAQALPOG'ISTON RESPUBLIKASI,Республика Каракалпакстан,127304.07310563832,60671.862632353994,32585296.26869539,Страх_отчет(III_чорак_2025_йил_)_uz_—_filtr
2025-01-01,region:QORAQALPOG'ISTON RESPUBLIKASI,Республика Каракалпакстан,164044.85285459514,70700.92703596101,33926432.03859813,Страх_отчет(IV_чорак_2025_йил_)_uz_—_filtr
2025-03-31,region:QORAQALPOG'ISTON RESPUBLIKASI,Республика Каракалпакстан,42077.661612430005,53888.48189541217,35041024.72625007,Страх_отчет(I_чорак_2025_йил_)_uz
2025-07-01,region:QORAQALPOG'ISTON RESPUBLIKASI,Республика Каракалпакстан,88811.87186034,60151.26219251999,33926432.03859813,Страх_отчет(II_чорак_2026_йил_)_uz
2025-10-01,region:QORAQALPOG'ISTON RESPUBLIKASI,Республика Каракалпакстан,128266.37973902997,68721.07776247116,40345589.40513304,Страх_отчет(III_чорак_2025_йил_)_uz_—_filtr
2026-01-01,region:QORAQALPOG'ISTON RESPUBLIKASI,Республика Каракалпакстан,154774.22570699858,74722.84721983118,41969954.77030293,Страх_отчет(IV_чорак_2025_йил_)_uz_—_filtr
2026-07-01,region:QORAQALPOG'ISTON RESPUBLIKASI,Республика Каракалпакстан,71421.48430864002,15622.555196129999,41969954.77030293,Страх_отчет(II_чорак_2026_йил_)_uz
2024-03-31,region:SAMARQAND,Самаркандская область,53074.31238712849,23359.936061049997,59126788.131732136,Страх_отчет(I_чорак_2025_йил_)_uz
2024-07-01,region:SAMARQAND,Самаркандская область,100918.55127777345,52405.45933827501,60023626.4602599,Страх_отчет(II_чорак_2025_йил_)_uz_—_filtr
2024-10-01,region:SAMARQAND,Самаркандская область,145888.0276935604,59379.30131664,61489432.700959265,Страх_отчет(III_чорак_2025_йил_)_uz_—_filtr
2025-01-01,region:SAMARQAND,Самаркандская область,225149.37945479032,67804.450232755,70589143.86016572,Страх_отчет(IV_чорак_2025_йил_)_uz_—_filtr
2025-03-31,region:SAMARQAND,Самаркандская область,47574.916930429994,15386.76433877,71322747.7853168,Страх_отчет(I_чорак_2025_йил_)_uz
2025-07-01,region:SAMARQAND,Самаркандская область,107994.82358860201,23484.600999699996,70589143.86016572,Страх_отчет(II_чорак_2026_йил_)_uz
2025-10-01,region:SAMARQAND,Самаркандская область,162015.7460972835,29184.472050949997,78206221.68812352,Страх_отчет(III_чорак_2025_йил_)_uz_—_filtr
2026-01-01,region:SAMARQAND,Самаркандская область,229556.15313215207,34926.69624258,87233806.75535661,Страх_отчет(IV_чорак_2025_йил_)_uz_—_filtr
2026-07-01,region:SAMARQAND,Самаркандская область,154564.97779791986,16055.763096349998,87233806.75535661,Страх_отчет(II_чорак_2026_йил_)_uz
2024-03-31,region:SIRDARYO,Сырдарьинская область,27051.919433477105,11721.211124569998,18798618.116223294,Страх_отчет(I_чорак_2025_йил_)_uz
2024-07-01,region:SIRDARYO,Сырдарьинская область,49380.42655030686,14934.1264296,18772970.573225874,Страх_отчет(II_чорак_2025_йил_)_uz_—_filtr
2024-10-01,region:SIRDARYO,Сырдарьинская область,67428.54589496566,18622.308699799996,18931308.848029815,Страх_отчет(III_чорак_2025_йил_)_uz_—_filtr
2025-01-01,region:SIRDARYO,Сырдарьинская область,79888.90111819348,23789.07656885,20028945.556282498,Страх_отчет(IV_чорак_2025_йил_)_uz_—_filtr
2025-03-31,region:SIRDARYO,Сырдарьинская область,22345.658483580002,20820.28078319,20865311.557688255,Страх_отчет(I_чорак_2025_йил_)_uz
2025-07-01,region:SIRDARYO,Сырдарьинская область,61993.944708689894,26226.426217760007,20028945.556282498,Страх_отчет(II_чорак_2026_йил_)_uz
2025-10-01,region:SIRDARYO,Сырдарьинская область,90385.62303923068,41636.32113965999,25631094.187894106,Страх_отчет(III_чорак_2025_йил_)_uz_—_filtr
2026-01-01,region:SIRDARYO,Сырдарьинская область,140266.48795653728,47053.84732355,32714488.630068462,Страх_отчет(IV_чорак_2025_йил_)_uz_—_filtr
2026-07-01,region:SIRDARYO,Сырдарьинская область,61885.88343102,9363.854734640003,32714488.630068462,Страх_отчет(II_чорак_2026_йил_)_uz
2024-03-31,region:SURXANDARYO,Сурхандарьинская область,31640.332060607245,4542.56257642,35495389.28824042,Страх_отчет(I_чорак_2025_йил_)_uz
2024-07-01,region:SURXANDARYO,Сурхандарьинская область,81118.63733256001,8839.18219638,34006519.82066991,Страх_отчет(II_чорак_2025_йил_)_uz_—_filtr
2024-10-01,region:SURXANDARYO,Сурхандарьинская область,108782.00970432232,14311.98437138,37514216.02452392,Страх_отчет(III_чорак_2025_йил_)_uz_—_filtr
2025-01-01,region:SURXANDARYO,Сурхандарьинская область,137231.29694266288,19700.109741500004,36820960.24732827,Страх_отчет(IV_чорак_2025_йил_)_uz_—_filtr
2025-03-31,region:SURXANDARYO,Сурхандарьинская область,32058.53077195,35688.79969859,36444997.470842004,Страх_отчет(I_чорак_2025_йил_)_uz
2025-07-01,region:SURXANDARYO,Сурхандарьинская область,82830.65396042666,44196.441278289996,36820960.24732827,Страх_отчет(II_чорак_2026_йил_)_uz
2025-10-01,region:SURXANDARYO,Сурхандарьинская область,120811.3441665869,50628.180908279995,40797561.44780265,Страх_отчет(III_чорак_2025_йил_)_uz_—_filtr
2026-01-01,region:SURXANDARYO,Сурхандарьинская область,152566.53952825893,56271.38702039,45924974.292271055,Страх_отчет(IV_чорак_2025_йил_)_uz_—_filtr
2026-07-01,region:SURXANDARYO,Сурхандарьинская область,88735.02402391899,10863.55909112,45924974.292271055,Страх_отчет(II_чорак_2026_йил_)_uz
2024-03-31,region:TOSHKENT,Ташкентская область,50328.655364782455,26433.205391249998,62713100.31424836,Страх_отчет(I_чорак_2025_йил_)_uz
2024-07-01,region:TOSHKENT,Ташкентская область,113316.49436206967,48319.437264883876,63217686.36911764,Страх_отчет(II_чорак_2025_йил_)_uz_—_filtr
2024-10-01,region:TOSHKENT,Ташкентская область,163400.78471527653,66280.74511506727,65109230.87186829,Страх_отчет(III_чорак_2025_йил_)_uz_—_filtr
2025-01-01,region:TOSHKENT,Ташкентская область,209844.70365553207,83251.47603456194,64197042.81496537,Страх_отчет(IV_чорак_2025_йил_)_uz_—_filtr
2025-03-31,region:TOSHKENT,Ташкентская область,67375.3329295767,19022.790512937274,68977763.55719453,Страх_отчет(I_чорак_2025_йил_)_uz
2025-07-01,region:TOSHKENT,Ташкентская область,126613.96323417586,34331.519266333606,64197042.81496537,Страх_отчет(II_чорак_2026_йил_)_uz
2025-10-01,region:TOSHKENT,Ташкентская область,186932.4001398976,49314.8707621136,84418595.86555709,Страх_отчет(III_чорак_2025_йил_)_uz_—_filtr
2026-01-01,region:TOSHKENT,Ташкентская область,243603.64867237493,62893.34231085001,93102795.11660714,Страх_отчет(IV_чорак_2025_йил_)_uz_—_filtr
2026-07-01,region:TOSHKENT,Ташкентская область,163448.38156390973,37523.07570235,93102795.11660714,Страх_отчет(II_чорак_2026_йил_)_uz
2024-03-31,region:TOSHKENT SHAHRI,город Ташкент,1665893.8405101404,398698.312844714,2273102833.811054,Страх_отчет(I_чорак_2025_йил_)_uz
2024-07-01,region:TOSHKENT SHAHRI,город Ташкент,3015525.818933666,806075.9458639653,1469504206.2694042,Страх_отчет(II_чорак_2025_йил_)_uz_—_filtr
2024-10-01,region:TOSHKENT SHAHRI,город Ташкент,5235617.693991859,1219115.5854668682,1705464253.336634,Страх_отчет(III_чорак_2025_йил_)_uz_—_filtr
2025-01-01,region:TOSHKENT SHAHRI,город Ташкент,7494598.208938194,1656618.0086822957,1989740758.850139,Страх_отчет(IV_чорак_2025_йил_)_uz_—_filtr
2025-03-31,region:TOSHKENT SHAHRI,город Ташкент,2065391.747111903,382428.3956139861,2053036860.0561676,Страх_отчет(I_чорак_2025_йил_)_uz
2025-07-01,region:TOSHKENT SHAHRI,город Ташкент,4936126.806126072,863964.4214244151,1989740758.850139,Страх_отчет(II_чорак_2026_йил_)_uz
2025-10-01,region:TOSHKENT SHAHRI,город Ташкент,7861236.622872477,1356420.1289308893,2737510702.2717943,Страх_отчет(III_чорак_2025_йил_)_uz_—_filtr
2026-01-01,region:TOSHKENT SHAHRI,город Ташкент,10858807.364046294,2245621.8708964214,2973076079.4962287,Страх_отчет(IV_чорак_2025_йил_)_uz_—_filtr
2026-07-01,region:TOSHKENT SHAHRI,город Ташкент,6577025.258537078,1989085.2287571128,2973076079.4962287,Страх_отчет(II_чорак_2026_йил_)_uz
2024-03-31,region:XORAZM,Хорезмская область,42040.98683450078,9288.83158961,36739065.93139996,Страх_отчет(I_чорак_2025_йил_)_uz
2024-07-01,region:XORAZM,Хорезмская область,97101.17350788644,13331.692436239999,42319473.39490042,Страх_отчет(II_чорак_2025_йил_)_uz_—_filtr
2024-10-01,region:XORAZM,Хорезмская область,148613.44411783532,21166.32128018,45811552.63839123,Страх_отчет(III_чорак_2025_йил_)_uz_—_filtr
2025-01-01,region:XORAZM,Хорезмская область,206848.25859660664,30042.85958663,43754600.904819146,Страх_отчет(IV_чорак_2025_йил_)_uz_—_filtr
2025-03-31,region:XORAZM,Хорезмская область,40213.80290311159,9608.46321437,44647719.814268574,Страх_отчет(I_чорак_2025_йил_)_uz
2025-07-01,region:XORAZM,Хорезмская область,86869.56279169666,13497.632935870002,43754600.904819146,Страх_отчет(II_чорак_2026_йил_)_uz
2025-10-01,region:XORAZM,Хорезмская область,153666.19029412844,21185.69544850988,54105006.4829549,Страх_отчет(III_чорак_2025_йил_)_uz_—_filtr
2026-01-01,region:XORAZM,Хорезмская область,202745.2188317403,28921.24741261,60732367.30203645,Страх_отчет(IV_чорак_2025_йил_)_uz_—_filtr
2026-07-01,region:XORAZM,Хорезмская область,102617.93101699342,16198.028006979997,60732367.30203645,Страх_отчет(II_чорак_2026_йил_)_uz
