дата_среза_YTD;премии_млн_сум;выплаты_млн_сум;убыточность_%;страховые_обязательства_млн_сум;источник_файл;лист
2024-03-31;74410.3;47088.7;63.283;157073225.8;Страх_отчет(I_чорак_2025_йил_)_uz;1.4
2024-07-01;147965.5;103419.8;69.894;184234932.0;Страх_отчет(II_чорак_2025_йил_)_uz_—_filtr;1.4
2024-10-01;227282.0;162296.0;71.407;198694152.0;Страх_отчет(III_чорак_2025_йил_)_uz_—_filtr;1.4
2025-01-01;311367.6;223415.0;71.753;206494162.0;Страх_отчет(IV_чорак_2025_йил_)_uz_—_filtr;1.4
2025-03-31;88882.1;57196.1;64.351;177410868.0;Страх_отчет(I_чорак_2025_йил_)_uz;1.4
2025-07-01;180844.2;120358.1;66.554;202438733.0;Страх_отчет(II_чорак_2026_йил_)_uz;1.4
2025-10-01;285148.2;179196.0;62.843;222381209.0;Страх_отчет(III_чорак_2025_йил_)_uz_—_filtr;1.4
2026-01-01;406165.3;245224.3;60.375;248732083.0;Страх_отчет(IV_чорак_2025_йил_)_uz_—_filtr;1.4
2026-07-01;570831.3;158199.9;27.714;336734481.1;Страх_отчет(II_чорак_2026_йил_)_uz;1.4
