место_по_премиям;компания;премии_млн_сум_лист_2.1;выплаты_млн_сум_лист_2.5;убыточность_%;доля_рынка_%;место_по_убыточности;примечание
1;"""APEX INSURANCE"" AJ";2072259.2;926950.0;44.731;27.649;2;"общее страхование в целом; разреза ОСАГО по компаниям в отчётах НАПП нет"
2;"""O‘ZBEKINVEST"" EISK AJ";934622.7;283587.8;30.342;12.47;10;"общее страхование в целом; разреза ОСАГО по компаниям в отчётах НАПП нет"
3;"""KAFOLAT SUG‘URTA KOMPANIYASI"" AJ";829003.5;155751.6;18.788;11.061;15;"общее страхование в целом; разреза ОСАГО по компаниям в отчётах НАПП нет"
4;"""KAPITAL SUG‘URTA"" AJ";489186.6;41749.9;8.535;6.527;25;"общее страхование в целом; разреза ОСАГО по компаниям в отчётах НАПП нет"
5;"""MY-INSURANCE"" AJ";485861.6;89897.6;18.503;6.483;16;"общее страхование в целом; разреза ОСАГО по компаниям в отчётах НАПП нет"
6;"""GROSS SUG‘URTA KOMPANIYASI""  AJ";453121.2;203868.6;44.992;6.046;1;"общее страхование в целом; разреза ОСАГО по компаниям в отчётах НАПП нет"
7;"""ALFA INVEST SUG‘URTA KOMPANIYASI"" AJ";259861.7;33369.0;12.841;3.467;22;"общее страхование в целом; разреза ОСАГО по компаниям в отчётах НАПП нет"
8;"""EUROASIA INSURANCE""  AJ QK";229561.8;5228.3;2.277;3.063;27;"общее страхование в целом; разреза ОСАГО по компаниям в отчётах НАПП нет"
9;"""KAFIL SUG’URTA"" AJ";192805.5;34907.6;18.105;2.572;17;"общее страхование в целом; разреза ОСАГО по компаниям в отчётах НАПП нет"
10;"""ASIA INSURANCE SUG‘URTA KOMPANIYASI"" AJ";192048.0;16558.2;8.622;2.562;24;"общее страхование в целом; разреза ОСАГО по компаниям в отчётах НАПП нет"
11;"""TRUST-INSURANCE"" AJ";158076.3;49375.5;31.235;2.109;9;"общее страхование в целом; разреза ОСАГО по компаниям в отчётах НАПП нет"
12;"""IMPEX-INSURANCE"" AJ";133308.7;47705.4;35.786;1.779;7;"общее страхование в целом; разреза ОСАГО по компаниям в отчётах НАПП нет"
13;"""ALSKOM"" AJ";131396.0;45200.7;34.4;1.753;8;"общее страхование в целом; разреза ОСАГО по компаниям в отчётах НАПП нет"
14;"""SQB INSURANCE SUG‘URTA KOMPANIYASI""  AJ";127276.7;49444.4;38.848;1.698;4;"общее страхование в целом; разреза ОСАГО по компаниям в отчётах НАПП нет"
15;"""INSON"" AJ";100046.2;28528.5;28.515;1.335;12;"общее страхование в целом; разреза ОСАГО по компаниям в отчётах НАПП нет"
16;"""NEO INSURANCE CORP"" AJ";99977.8;20253.2;20.258;1.334;14;"общее страхование в целом; разреза ОСАГО по компаниям в отчётах НАПП нет"
17;"""O‘ZAGROSUG‘URTA"" AJ";94587.1;36631.1;38.727;1.262;5;"общее страхование в целом; разреза ОСАГО по компаниям в отчётах НАПП нет"
18;"""TEMIRYO‘L SUG‘URTA""  AJ";93129.1;14767.1;15.857;1.243;18;"общее страхование в целом; разреза ОСАГО по компаниям в отчётах НАПП нет"
19;"""MOSAIC INSURANCE GROUP"" AJ QK";90012.6;9351.2;10.389;1.201;23;"общее страхование в целом; разреза ОСАГО по компаниям в отчётах НАПП нет"
20;"""INFINITY INSURANCE"" AJ";69852.1;9095.2;13.021;0.932;21;"общее страхование в целом; разреза ОСАГО по компаниям в отчётах НАПП нет"
21;"""QUANTUM INSURANCE"" AJ";64294.1;16674.6;25.935;0.858;13;"общее страхование в целом; разреза ОСАГО по компаниям в отчётах НАПП нет"
22;"""IMKON SUG’URTA""  AJ";55694.1;7635.3;13.709;0.743;19;"общее страхование в целом; разреза ОСАГО по компаниям в отчётах НАПП нет"
23;"""ISHONCH SUG‘URTA KOMPANIYASI""  AJ";40257.5;11858.1;29.456;0.537;11;"общее страхование в целом; разреза ОСАГО по компаниям в отчётах НАПП нет"
24;"""ARIA SUG‘URTA TASHKILOTI"" AJ";35637.4;2397.8;6.728;0.475;26;"общее страхование в целом; разреза ОСАГО по компаниям в отчётах НАПП нет"
25;"""XALQ SUG‘URTA""  AJ";28438.5;10273.7;36.126;0.379;6;"общее страхование в целом; разреза ОСАГО по компаниям в отчётах НАПП нет"
26;"""HAMKOR SUG’URTA"" AJ";16986.9;2277.1;13.405;0.227;20;"общее страхование в целом; разреза ОСАГО по компаниям в отчётах НАПП нет"
27;"""O‘ZBEKISTON QAYTA SUG‘URTA KOMPANIYASI"" MQST AJ";9880.8;0.0;0.0;0.132;28;"общее страхование в целом; разреза ОСАГО по компаниям в отчётах НАПП нет"
28;"""SEMURG SUG‘URTA"" AJ QK";7758.0;3065.2;39.509;0.104;3;"общее страхование в целом; разреза ОСАГО по компаниям в отчётах НАПП нет"
