,2024-yil yanvar-iyun,2025-yil yanvar-iyun
Sug‘urta tashkilotlari soni,35,34
hayotni sug`urta qilish sohasi,5,6
umumiy sug‘urta sohasi,30,28
To‘lovlarni kafolatlash jamg‘armasi a'zolari bo‘lgan sug‘urta  tashkilotlarining soni,25,25
Sug‘urta tashkilotlarining umumiy ustav kapitali (trln. so‘mda),2.34739914954,3.12856772824
,,
,,
,,
,,
,,
,,
,,
,2024-yil yanvar-iyun,2025-yil yanvar-iyun
"Jami investitsiyalar, shu jumladan:","6,1 trln. so`m","8,3 trln. so`m"
Depozitlar (omonatlar),0.6630641730108398,0.6090311274873302
Qimmatli qog‘ozlar,0.21087567033837773,0.16664593307107764
Ko‘chmas mulk,0.09787288852244849,0.18672029107025936
Tashkilotlar ustav fondidiagi ishtiroki,0.014433708691874157,0.012696774013408293
Boshqa investitsiyalar,0.013753559436459869,0.024905874357924466
,,
,,
,,
,,
,,
,,
,,
,,
,,
,,
,2024-yil yanvar-iyun,2025-yil yanvar-iyun
Sug‘urta mukofotlari,"4,3 trln. so`m","6,2 trln. so`m"
majburiy sug‘urta,0.06890871919474688,0.06666576637895934
ixtiyoriy sug‘urta,0.912558395342298,0.8717087989527263
hayotni sug`urta qilish sohasi,0.018532885462955024,0.06162543466831444
,,
,2024-yil yanvar-iyun,2025-yil yanvar-iyun
Sug‘urta to‘lovlari,"1,1 trln. so`m","1,2 trln. so`m"
majburiy sug‘urta,0.1494497414348992,0.16210813255044826
ixtiyoriy sug‘urta,0.7891881860093324,0.7861339672130955
hayotni sug`urta qilish sohasi,0.061362072555768435,0.051757900236456204
