Jadvallar ro‘yxati,Jadvallar ro‘yxati,Jadvallar ro‘yxati,Jadvallar ro‘yxati,Jadvallar ro‘yxati,Jadvallar ro‘yxati,Jadvallar ro‘yxati,Jadvallar ro‘yxati,Jadvallar ro‘yxati,Jadvallar ro‘yxati,Jadvallar ro‘yxati,Jadvallar ro‘yxati,Jadvallar ro‘yxati,Jadvallar ro‘yxati,Jadvallar ro‘yxati,Jadvallar ro‘yxati
,,Sug‘urta bozorining asosiy ko‘rsatkichlari,,,,,,,,,,,,,
,1.,Umumiy sug‘urta bozori ko‘rsatkichlari,,,,,,,,,,,,,
,,1.1,O‘zbekiston Respublikasi sug‘urta bozorining tuzilishi,O‘zbekiston Respublikasi sug‘urta bozorining tuzilishi,O‘zbekiston Respublikasi sug‘urta bozorining tuzilishi,O‘zbekiston Respublikasi sug‘urta bozorining tuzilishi,O‘zbekiston Respublikasi sug‘urta bozorining tuzilishi,O‘zbekiston Respublikasi sug‘urta bozorining tuzilishi,O‘zbekiston Respublikasi sug‘urta bozorining tuzilishi,O‘zbekiston Respublikasi sug‘urta bozorining tuzilishi,O‘zbekiston Respublikasi sug‘urta bozorining tuzilishi,O‘zbekiston Respublikasi sug‘urta bozorining tuzilishi,O‘zbekiston Respublikasi sug‘urta bozorining tuzilishi,O‘zbekiston Respublikasi sug‘urta bozorining tuzilishi,
,,1.2,Sug‘urtalovchilarining investitsion faoliyati,Sug‘urtalovchilarining investitsion faoliyati,Sug‘urtalovchilarining investitsion faoliyati,Sug‘urtalovchilarining investitsion faoliyati,Sug‘urtalovchilarining investitsion faoliyati,Sug‘urtalovchilarining investitsion faoliyati,Sug‘urtalovchilarining investitsion faoliyati,Sug‘urtalovchilarining investitsion faoliyati,Sug‘urtalovchilarining investitsion faoliyati,Sug‘urtalovchilarining investitsion faoliyati,Sug‘urtalovchilarining investitsion faoliyati,Sug‘urtalovchilarining investitsion faoliyati,
,,1.3,Sug‘urta sohalari bo‘yicha ma'lumotlar,Sug‘urta sohalari bo‘yicha ma'lumotlar,Sug‘urta sohalari bo‘yicha ma'lumotlar,Sug‘urta sohalari bo‘yicha ma'lumotlar,Sug‘urta sohalari bo‘yicha ma'lumotlar,Sug‘urta sohalari bo‘yicha ma'lumotlar,Sug‘urta sohalari bo‘yicha ma'lumotlar,Sug‘urta sohalari bo‘yicha ma'lumotlar,Sug‘urta sohalari bo‘yicha ma'lumotlar,Sug‘urta sohalari bo‘yicha ma'lumotlar,Sug‘urta sohalari bo‘yicha ma'lumotlar,Sug‘urta sohalari bo‘yicha ma'lumotlar,
,,1.4,Sug‘urta klasslar bo‘yicha ma‘lumotlar,Sug‘urta klasslar bo‘yicha ma‘lumotlar,Sug‘urta klasslar bo‘yicha ma‘lumotlar,Sug‘urta klasslar bo‘yicha ma‘lumotlar,Sug‘urta klasslar bo‘yicha ma‘lumotlar,Sug‘urta klasslar bo‘yicha ma‘lumotlar,Sug‘urta klasslar bo‘yicha ma‘lumotlar,Sug‘urta klasslar bo‘yicha ma‘lumotlar,Sug‘urta klasslar bo‘yicha ma‘lumotlar,Sug‘urta klasslar bo‘yicha ma‘lumotlar,Sug‘urta klasslar bo‘yicha ma‘lumotlar,Sug‘urta klasslar bo‘yicha ma‘lumotlar,
,,1.5,Sug‘urta klasslar bo‘yicha amalda bo‘lgan va yangi tuzilgan shartnomalar to‘g‘risidagi ma'lumotlar,Sug‘urta klasslar bo‘yicha amalda bo‘lgan va yangi tuzilgan shartnomalar to‘g‘risidagi ma'lumotlar,Sug‘urta klasslar bo‘yicha amalda bo‘lgan va yangi tuzilgan shartnomalar to‘g‘risidagi ma'lumotlar,Sug‘urta klasslar bo‘yicha amalda bo‘lgan va yangi tuzilgan shartnomalar to‘g‘risidagi ma'lumotlar,Sug‘urta klasslar bo‘yicha amalda bo‘lgan va yangi tuzilgan shartnomalar to‘g‘risidagi ma'lumotlar,Sug‘urta klasslar bo‘yicha amalda bo‘lgan va yangi tuzilgan shartnomalar to‘g‘risidagi ma'lumotlar,Sug‘urta klasslar bo‘yicha amalda bo‘lgan va yangi tuzilgan shartnomalar to‘g‘risidagi ma'lumotlar,Sug‘urta klasslar bo‘yicha amalda bo‘lgan va yangi tuzilgan shartnomalar to‘g‘risidagi ma'lumotlar,Sug‘urta klasslar bo‘yicha amalda bo‘lgan va yangi tuzilgan shartnomalar to‘g‘risidagi ma'lumotlar,Sug‘urta klasslar bo‘yicha amalda bo‘lgan va yangi tuzilgan shartnomalar to‘g‘risidagi ma'lumotlar,Sug‘urta klasslar bo‘yicha amalda bo‘lgan va yangi tuzilgan shartnomalar to‘g‘risidagi ma'lumotlar,Sug‘urta klasslar bo‘yicha amalda bo‘lgan va yangi tuzilgan shartnomalar to‘g‘risidagi ma'lumotlar,
,,1.6,Sug‘urta sohalari bo‘yicha chet el sug‘urta tashkilotlarining qayta sug‘urtalash xizmatlari to‘g‘risidagi ma'lumotlar,Sug‘urta sohalari bo‘yicha chet el sug‘urta tashkilotlarining qayta sug‘urtalash xizmatlari to‘g‘risidagi ma'lumotlar,Sug‘urta sohalari bo‘yicha chet el sug‘urta tashkilotlarining qayta sug‘urtalash xizmatlari to‘g‘risidagi ma'lumotlar,Sug‘urta sohalari bo‘yicha chet el sug‘urta tashkilotlarining qayta sug‘urtalash xizmatlari to‘g‘risidagi ma'lumotlar,Sug‘urta sohalari bo‘yicha chet el sug‘urta tashkilotlarining qayta sug‘urtalash xizmatlari to‘g‘risidagi ma'lumotlar,Sug‘urta sohalari bo‘yicha chet el sug‘urta tashkilotlarining qayta sug‘urtalash xizmatlari to‘g‘risidagi ma'lumotlar,Sug‘urta sohalari bo‘yicha chet el sug‘urta tashkilotlarining qayta sug‘urtalash xizmatlari to‘g‘risidagi ma'lumotlar,Sug‘urta sohalari bo‘yicha chet el sug‘urta tashkilotlarining qayta sug‘urtalash xizmatlari to‘g‘risidagi ma'lumotlar,Sug‘urta sohalari bo‘yicha chet el sug‘urta tashkilotlarining qayta sug‘urtalash xizmatlari to‘g‘risidagi ma'lumotlar,Sug‘urta sohalari bo‘yicha chet el sug‘urta tashkilotlarining qayta sug‘urtalash xizmatlari to‘g‘risidagi ma'lumotlar,Sug‘urta sohalari bo‘yicha chet el sug‘urta tashkilotlarining qayta sug‘urtalash xizmatlari to‘g‘risidagi ma'lumotlar,Sug‘urta sohalari bo‘yicha chet el sug‘urta tashkilotlarining qayta sug‘urtalash xizmatlari to‘g‘risidagi ma'lumotlar,
,2.,Sug‘urta kompaniyalari kesimidagi ko‘rsatkichlar,,,,,,,,,,,,,
,,2.1,Umumiy sug`urta sohasidagi sug`urta mukofotlari to`g`risidagi ma`lumotlar,Umumiy sug`urta sohasidagi sug`urta mukofotlari to`g`risidagi ma`lumotlar,Umumiy sug`urta sohasidagi sug`urta mukofotlari to`g`risidagi ma`lumotlar,Umumiy sug`urta sohasidagi sug`urta mukofotlari to`g`risidagi ma`lumotlar,Umumiy sug`urta sohasidagi sug`urta mukofotlari to`g`risidagi ma`lumotlar,Umumiy sug`urta sohasidagi sug`urta mukofotlari to`g`risidagi ma`lumotlar,Umumiy sug`urta sohasidagi sug`urta mukofotlari to`g`risidagi ma`lumotlar,Umumiy sug`urta sohasidagi sug`urta mukofotlari to`g`risidagi ma`lumotlar,Umumiy sug`urta sohasidagi sug`urta mukofotlari to`g`risidagi ma`lumotlar,Umumiy sug`urta sohasidagi sug`urta mukofotlari to`g`risidagi ma`lumotlar,Umumiy sug`urta sohasidagi sug`urta mukofotlari to`g`risidagi ma`lumotlar,Umumiy sug`urta sohasidagi sug`urta mukofotlari to`g`risidagi ma`lumotlar,
,,2.2,Hayotni sug`urta qilish sohasidagi sug`urta mukofotlari to`g`risidagi ma`lumotlar,Hayotni sug`urta qilish sohasidagi sug`urta mukofotlari to`g`risidagi ma`lumotlar,Hayotni sug`urta qilish sohasidagi sug`urta mukofotlari to`g`risidagi ma`lumotlar,Hayotni sug`urta qilish sohasidagi sug`urta mukofotlari to`g`risidagi ma`lumotlar,Hayotni sug`urta qilish sohasidagi sug`urta mukofotlari to`g`risidagi ma`lumotlar,Hayotni sug`urta qilish sohasidagi sug`urta mukofotlari to`g`risidagi ma`lumotlar,Hayotni sug`urta qilish sohasidagi sug`urta mukofotlari to`g`risidagi ma`lumotlar,Hayotni sug`urta qilish sohasidagi sug`urta mukofotlari to`g`risidagi ma`lumotlar,Hayotni sug`urta qilish sohasidagi sug`urta mukofotlari to`g`risidagi ma`lumotlar,Hayotni sug`urta qilish sohasidagi sug`urta mukofotlari to`g`risidagi ma`lumotlar,Hayotni sug`urta qilish sohasidagi sug`urta mukofotlari to`g`risidagi ma`lumotlar,Hayotni sug`urta qilish sohasidagi sug`urta mukofotlari to`g`risidagi ma`lumotlar,
,,2.3,Umumiy sug`urta sohasidagi sug‘urta majburiyatlari to`g`risidagi ma`lumotlar,Umumiy sug`urta sohasidagi sug‘urta majburiyatlari to`g`risidagi ma`lumotlar,Umumiy sug`urta sohasidagi sug‘urta majburiyatlari to`g`risidagi ma`lumotlar,Umumiy sug`urta sohasidagi sug‘urta majburiyatlari to`g`risidagi ma`lumotlar,Umumiy sug`urta sohasidagi sug‘urta majburiyatlari to`g`risidagi ma`lumotlar,Umumiy sug`urta sohasidagi sug‘urta majburiyatlari to`g`risidagi ma`lumotlar,Umumiy sug`urta sohasidagi sug‘urta majburiyatlari to`g`risidagi ma`lumotlar,Umumiy sug`urta sohasidagi sug‘urta majburiyatlari to`g`risidagi ma`lumotlar,Umumiy sug`urta sohasidagi sug‘urta majburiyatlari to`g`risidagi ma`lumotlar,Umumiy sug`urta sohasidagi sug‘urta majburiyatlari to`g`risidagi ma`lumotlar,Umumiy sug`urta sohasidagi sug‘urta majburiyatlari to`g`risidagi ma`lumotlar,Umumiy sug`urta sohasidagi sug‘urta majburiyatlari to`g`risidagi ma`lumotlar,
,,2.4,Hayotni sug`urta qilish sohasidagi sug‘urta majburiyatlari to`g`risidagi ma`lumotlar,Hayotni sug`urta qilish sohasidagi sug‘urta majburiyatlari to`g`risidagi ma`lumotlar,Hayotni sug`urta qilish sohasidagi sug‘urta majburiyatlari to`g`risidagi ma`lumotlar,Hayotni sug`urta qilish sohasidagi sug‘urta majburiyatlari to`g`risidagi ma`lumotlar,Hayotni sug`urta qilish sohasidagi sug‘urta majburiyatlari to`g`risidagi ma`lumotlar,Hayotni sug`urta qilish sohasidagi sug‘urta majburiyatlari to`g`risidagi ma`lumotlar,Hayotni sug`urta qilish sohasidagi sug‘urta majburiyatlari to`g`risidagi ma`lumotlar,Hayotni sug`urta qilish sohasidagi sug‘urta majburiyatlari to`g`risidagi ma`lumotlar,Hayotni sug`urta qilish sohasidagi sug‘urta majburiyatlari to`g`risidagi ma`lumotlar,Hayotni sug`urta qilish sohasidagi sug‘urta majburiyatlari to`g`risidagi ma`lumotlar,Hayotni sug`urta qilish sohasidagi sug‘urta majburiyatlari to`g`risidagi ma`lumotlar,Hayotni sug`urta qilish sohasidagi sug‘urta majburiyatlari to`g`risidagi ma`lumotlar,
,,2.5,Umumiy sug`urta  sohasidagi sug‘urta to‘lovlari to`g`risidagi ma`lumotlar,Umumiy sug`urta  sohasidagi sug‘urta to‘lovlari to`g`risidagi ma`lumotlar,Umumiy sug`urta  sohasidagi sug‘urta to‘lovlari to`g`risidagi ma`lumotlar,Umumiy sug`urta  sohasidagi sug‘urta to‘lovlari to`g`risidagi ma`lumotlar,Umumiy sug`urta  sohasidagi sug‘urta to‘lovlari to`g`risidagi ma`lumotlar,Umumiy sug`urta  sohasidagi sug‘urta to‘lovlari to`g`risidagi ma`lumotlar,Umumiy sug`urta  sohasidagi sug‘urta to‘lovlari to`g`risidagi ma`lumotlar,Umumiy sug`urta  sohasidagi sug‘urta to‘lovlari to`g`risidagi ma`lumotlar,Umumiy sug`urta  sohasidagi sug‘urta to‘lovlari to`g`risidagi ma`lumotlar,Umumiy sug`urta  sohasidagi sug‘urta to‘lovlari to`g`risidagi ma`lumotlar,Umumiy sug`urta  sohasidagi sug‘urta to‘lovlari to`g`risidagi ma`lumotlar,Umumiy sug`urta  sohasidagi sug‘urta to‘lovlari to`g`risidagi ma`lumotlar,
,,2.6,Hayotni sug`urta qilish  sohasidagi sug‘urta to‘lovlari to`g`risidagi ma`lumotlar,Hayotni sug`urta qilish  sohasidagi sug‘urta to‘lovlari to`g`risidagi ma`lumotlar,Hayotni sug`urta qilish  sohasidagi sug‘urta to‘lovlari to`g`risidagi ma`lumotlar,Hayotni sug`urta qilish  sohasidagi sug‘urta to‘lovlari to`g`risidagi ma`lumotlar,Hayotni sug`urta qilish  sohasidagi sug‘urta to‘lovlari to`g`risidagi ma`lumotlar,Hayotni sug`urta qilish  sohasidagi sug‘urta to‘lovlari to`g`risidagi ma`lumotlar,Hayotni sug`urta qilish  sohasidagi sug‘urta to‘lovlari to`g`risidagi ma`lumotlar,Hayotni sug`urta qilish  sohasidagi sug‘urta to‘lovlari to`g`risidagi ma`lumotlar,Hayotni sug`urta qilish  sohasidagi sug‘urta to‘lovlari to`g`risidagi ma`lumotlar,Hayotni sug`urta qilish  sohasidagi sug‘urta to‘lovlari to`g`risidagi ma`lumotlar,Hayotni sug`urta qilish  sohasidagi sug‘urta to‘lovlari to`g`risidagi ma`lumotlar,Hayotni sug`urta qilish  sohasidagi sug‘urta to‘lovlari to`g`risidagi ma`lumotlar,
,,2.7,Umumiy sug‘urta sohasi bo‘yicha amalda bo‘lgan va yangi tuzilgan shartnomalar to‘g‘risidagi ma'lumotlar,Umumiy sug‘urta sohasi bo‘yicha amalda bo‘lgan va yangi tuzilgan shartnomalar to‘g‘risidagi ma'lumotlar,Umumiy sug‘urta sohasi bo‘yicha amalda bo‘lgan va yangi tuzilgan shartnomalar to‘g‘risidagi ma'lumotlar,Umumiy sug‘urta sohasi bo‘yicha amalda bo‘lgan va yangi tuzilgan shartnomalar to‘g‘risidagi ma'lumotlar,Umumiy sug‘urta sohasi bo‘yicha amalda bo‘lgan va yangi tuzilgan shartnomalar to‘g‘risidagi ma'lumotlar,Umumiy sug‘urta sohasi bo‘yicha amalda bo‘lgan va yangi tuzilgan shartnomalar to‘g‘risidagi ma'lumotlar,Umumiy sug‘urta sohasi bo‘yicha amalda bo‘lgan va yangi tuzilgan shartnomalar to‘g‘risidagi ma'lumotlar,Umumiy sug‘urta sohasi bo‘yicha amalda bo‘lgan va yangi tuzilgan shartnomalar to‘g‘risidagi ma'lumotlar,Umumiy sug‘urta sohasi bo‘yicha amalda bo‘lgan va yangi tuzilgan shartnomalar to‘g‘risidagi ma'lumotlar,Umumiy sug‘urta sohasi bo‘yicha amalda bo‘lgan va yangi tuzilgan shartnomalar to‘g‘risidagi ma'lumotlar,Umumiy sug‘urta sohasi bo‘yicha amalda bo‘lgan va yangi tuzilgan shartnomalar to‘g‘risidagi ma'lumotlar,Umumiy sug‘urta sohasi bo‘yicha amalda bo‘lgan va yangi tuzilgan shartnomalar to‘g‘risidagi ma'lumotlar,
,,2.8,Hayotni sug`urta qilish sohasi bo‘yicha amalda bo‘lgan va yangi tuzilgan shartnomalar to‘g‘risidagi ma'lumotlar,Hayotni sug`urta qilish sohasi bo‘yicha amalda bo‘lgan va yangi tuzilgan shartnomalar to‘g‘risidagi ma'lumotlar,Hayotni sug`urta qilish sohasi bo‘yicha amalda bo‘lgan va yangi tuzilgan shartnomalar to‘g‘risidagi ma'lumotlar,Hayotni sug`urta qilish sohasi bo‘yicha amalda bo‘lgan va yangi tuzilgan shartnomalar to‘g‘risidagi ma'lumotlar,Hayotni sug`urta qilish sohasi bo‘yicha amalda bo‘lgan va yangi tuzilgan shartnomalar to‘g‘risidagi ma'lumotlar,Hayotni sug`urta qilish sohasi bo‘yicha amalda bo‘lgan va yangi tuzilgan shartnomalar to‘g‘risidagi ma'lumotlar,Hayotni sug`urta qilish sohasi bo‘yicha amalda bo‘lgan va yangi tuzilgan shartnomalar to‘g‘risidagi ma'lumotlar,Hayotni sug`urta qilish sohasi bo‘yicha amalda bo‘lgan va yangi tuzilgan shartnomalar to‘g‘risidagi ma'lumotlar,Hayotni sug`urta qilish sohasi bo‘yicha amalda bo‘lgan va yangi tuzilgan shartnomalar to‘g‘risidagi ma'lumotlar,Hayotni sug`urta qilish sohasi bo‘yicha amalda bo‘lgan va yangi tuzilgan shartnomalar to‘g‘risidagi ma'lumotlar,Hayotni sug`urta qilish sohasi bo‘yicha amalda bo‘lgan va yangi tuzilgan shartnomalar to‘g‘risidagi ma'lumotlar,Hayotni sug`urta qilish sohasi bo‘yicha amalda bo‘lgan va yangi tuzilgan shartnomalar to‘g‘risidagi ma'lumotlar,
,,2.9,Hududiy bo‘linmalar to‘g‘risidagi ma'lumotlar,Hududiy bo‘linmalar to‘g‘risidagi ma'lumotlar,Hududiy bo‘linmalar to‘g‘risidagi ma'lumotlar,Hududiy bo‘linmalar to‘g‘risidagi ma'lumotlar,Hududiy bo‘linmalar to‘g‘risidagi ma'lumotlar,Hududiy bo‘linmalar to‘g‘risidagi ma'lumotlar,Hududiy bo‘linmalar to‘g‘risidagi ma'lumotlar,Hududiy bo‘linmalar to‘g‘risidagi ma'lumotlar,Hududiy bo‘linmalar to‘g‘risidagi ma'lumotlar,Hududiy bo‘linmalar to‘g‘risidagi ma'lumotlar,Hududiy bo‘linmalar to‘g‘risidagi ma'lumotlar,Hududiy bo‘linmalar to‘g‘risidagi ma'lumotlar,
,,2.10,Umumiy sug‘urta sohasi bo‘yicha sug‘urta da'volari to‘g‘risidagi ma'lumotlar,Umumiy sug‘urta sohasi bo‘yicha sug‘urta da'volari to‘g‘risidagi ma'lumotlar,Umumiy sug‘urta sohasi bo‘yicha sug‘urta da'volari to‘g‘risidagi ma'lumotlar,Umumiy sug‘urta sohasi bo‘yicha sug‘urta da'volari to‘g‘risidagi ma'lumotlar,Umumiy sug‘urta sohasi bo‘yicha sug‘urta da'volari to‘g‘risidagi ma'lumotlar,Umumiy sug‘urta sohasi bo‘yicha sug‘urta da'volari to‘g‘risidagi ma'lumotlar,Umumiy sug‘urta sohasi bo‘yicha sug‘urta da'volari to‘g‘risidagi ma'lumotlar,Umumiy sug‘urta sohasi bo‘yicha sug‘urta da'volari to‘g‘risidagi ma'lumotlar,Umumiy sug‘urta sohasi bo‘yicha sug‘urta da'volari to‘g‘risidagi ma'lumotlar,Umumiy sug‘urta sohasi bo‘yicha sug‘urta da'volari to‘g‘risidagi ma'lumotlar,Umumiy sug‘urta sohasi bo‘yicha sug‘urta da'volari to‘g‘risidagi ma'lumotlar,Umumiy sug‘urta sohasi bo‘yicha sug‘urta da'volari to‘g‘risidagi ma'lumotlar,
,,2.11,Hayotni sug`urta qilish sohasi bo‘yicha sug‘urta da'volari to‘g‘risidagi ma'lumotlar,Hayotni sug`urta qilish sohasi bo‘yicha sug‘urta da'volari to‘g‘risidagi ma'lumotlar,Hayotni sug`urta qilish sohasi bo‘yicha sug‘urta da'volari to‘g‘risidagi ma'lumotlar,Hayotni sug`urta qilish sohasi bo‘yicha sug‘urta da'volari to‘g‘risidagi ma'lumotlar,Hayotni sug`urta qilish sohasi bo‘yicha sug‘urta da'volari to‘g‘risidagi ma'lumotlar,Hayotni sug`urta qilish sohasi bo‘yicha sug‘urta da'volari to‘g‘risidagi ma'lumotlar,Hayotni sug`urta qilish sohasi bo‘yicha sug‘urta da'volari to‘g‘risidagi ma'lumotlar,Hayotni sug`urta qilish sohasi bo‘yicha sug‘urta da'volari to‘g‘risidagi ma'lumotlar,Hayotni sug`urta qilish sohasi bo‘yicha sug‘urta da'volari to‘g‘risidagi ma'lumotlar,Hayotni sug`urta qilish sohasi bo‘yicha sug‘urta da'volari to‘g‘risidagi ma'lumotlar,Hayotni sug`urta qilish sohasi bo‘yicha sug‘urta da'volari to‘g‘risidagi ma'lumotlar,Hayotni sug`urta qilish sohasi bo‘yicha sug‘urta da'volari to‘g‘risidagi ma'lumotlar,
,,2.12,Alohida bo`linmalar kesimida sug`urta mukofotlari to`g`risidagi ma`lumotlar,Alohida bo`linmalar kesimida sug`urta mukofotlari to`g`risidagi ma`lumotlar,Alohida bo`linmalar kesimida sug`urta mukofotlari to`g`risidagi ma`lumotlar,Alohida bo`linmalar kesimida sug`urta mukofotlari to`g`risidagi ma`lumotlar,Alohida bo`linmalar kesimida sug`urta mukofotlari to`g`risidagi ma`lumotlar,Alohida bo`linmalar kesimida sug`urta mukofotlari to`g`risidagi ma`lumotlar,Alohida bo`linmalar kesimida sug`urta mukofotlari to`g`risidagi ma`lumotlar,Alohida bo`linmalar kesimida sug`urta mukofotlari to`g`risidagi ma`lumotlar,Alohida bo`linmalar kesimida sug`urta mukofotlari to`g`risidagi ma`lumotlar,Alohida bo`linmalar kesimida sug`urta mukofotlari to`g`risidagi ma`lumotlar,Alohida bo`linmalar kesimida sug`urta mukofotlari to`g`risidagi ma`lumotlar,Alohida bo`linmalar kesimida sug`urta mukofotlari to`g`risidagi ma`lumotlar,
,,2.13,Alohida bo`linmalar kesimida sug‘urta to‘lovlari to`g`risidagi ma`lumotlar,Alohida bo`linmalar kesimida sug‘urta to‘lovlari to`g`risidagi ma`lumotlar,Alohida bo`linmalar kesimida sug‘urta to‘lovlari to`g`risidagi ma`lumotlar,Alohida bo`linmalar kesimida sug‘urta to‘lovlari to`g`risidagi ma`lumotlar,Alohida bo`linmalar kesimida sug‘urta to‘lovlari to`g`risidagi ma`lumotlar,Alohida bo`linmalar kesimida sug‘urta to‘lovlari to`g`risidagi ma`lumotlar,Alohida bo`linmalar kesimida sug‘urta to‘lovlari to`g`risidagi ma`lumotlar,Alohida bo`linmalar kesimida sug‘urta to‘lovlari to`g`risidagi ma`lumotlar,Alohida bo`linmalar kesimida sug‘urta to‘lovlari to`g`risidagi ma`lumotlar,Alohida bo`linmalar kesimida sug‘urta to‘lovlari to`g`risidagi ma`lumotlar,Alohida bo`linmalar kesimida sug‘urta to‘lovlari to`g`risidagi ma`lumotlar,Alohida bo`linmalar kesimida sug‘urta to‘lovlari to`g`risidagi ma`lumotlar,
,,2.14,Alohida bo`linmalar kesimida sug'urta shartnomalari soni to‘g‘risidagi ma'lumotlar,Alohida bo`linmalar kesimida sug'urta shartnomalari soni to‘g‘risidagi ma'lumotlar,Alohida bo`linmalar kesimida sug'urta shartnomalari soni to‘g‘risidagi ma'lumotlar,Alohida bo`linmalar kesimida sug'urta shartnomalari soni to‘g‘risidagi ma'lumotlar,Alohida bo`linmalar kesimida sug'urta shartnomalari soni to‘g‘risidagi ma'lumotlar,Alohida bo`linmalar kesimida sug'urta shartnomalari soni to‘g‘risidagi ma'lumotlar,Alohida bo`linmalar kesimida sug'urta shartnomalari soni to‘g‘risidagi ma'lumotlar,Alohida bo`linmalar kesimida sug'urta shartnomalari soni to‘g‘risidagi ma'lumotlar,Alohida bo`linmalar kesimida sug'urta shartnomalari soni to‘g‘risidagi ma'lumotlar,Alohida bo`linmalar kesimida sug'urta shartnomalari soni to‘g‘risidagi ma'lumotlar,Alohida bo`linmalar kesimida sug'urta shartnomalari soni to‘g‘risidagi ma'lumotlar,Alohida bo`linmalar kesimida sug'urta shartnomalari soni to‘g‘risidagi ma'lumotlar,
,3.,Hududlar kesimidagi ko‘rsatkichlar,Hududlar kesimidagi ko‘rsatkichlar,Hududlar kesimidagi ko‘rsatkichlar,Hududlar kesimidagi ko‘rsatkichlar,Hududlar kesimidagi ko‘rsatkichlar,Hududlar kesimidagi ko‘rsatkichlar,Hududlar kesimidagi ko‘rsatkichlar,Hududlar kesimidagi ko‘rsatkichlar,Hududlar kesimidagi ko‘rsatkichlar,Hududlar kesimidagi ko‘rsatkichlar,Hududlar kesimidagi ko‘rsatkichlar,Hududlar kesimidagi ko‘rsatkichlar,Hududlar kesimidagi ko‘rsatkichlar,
,,3.1,Sug`urta mukofotlari to`g`risidagi ma`lumotlar,Sug`urta mukofotlari to`g`risidagi ma`lumotlar,Sug`urta mukofotlari to`g`risidagi ma`lumotlar,Sug`urta mukofotlari to`g`risidagi ma`lumotlar,Sug`urta mukofotlari to`g`risidagi ma`lumotlar,Sug`urta mukofotlari to`g`risidagi ma`lumotlar,Sug`urta mukofotlari to`g`risidagi ma`lumotlar,Sug`urta mukofotlari to`g`risidagi ma`lumotlar,Sug`urta mukofotlari to`g`risidagi ma`lumotlar,Sug`urta mukofotlari to`g`risidagi ma`lumotlar,Sug`urta mukofotlari to`g`risidagi ma`lumotlar,Sug`urta mukofotlari to`g`risidagi ma`lumotlar,
,,3.2,Sug‘urta to‘lovlari to`g`risidagi ma`lumotlar,Sug‘urta to‘lovlari to`g`risidagi ma`lumotlar,Sug‘urta to‘lovlari to`g`risidagi ma`lumotlar,Sug‘urta to‘lovlari to`g`risidagi ma`lumotlar,Sug‘urta to‘lovlari to`g`risidagi ma`lumotlar,Sug‘urta to‘lovlari to`g`risidagi ma`lumotlar,Sug‘urta to‘lovlari to`g`risidagi ma`lumotlar,Sug‘urta to‘lovlari to`g`risidagi ma`lumotlar,Sug‘urta to‘lovlari to`g`risidagi ma`lumotlar,Sug‘urta to‘lovlari to`g`risidagi ma`lumotlar,Sug‘urta to‘lovlari to`g`risidagi ma`lumotlar,Sug‘urta to‘lovlari to`g`risidagi ma`lumotlar,
,,3.3,Sug‘urta majburiyatlari to`g`risidagi ma`lumotlar,Sug‘urta majburiyatlari to`g`risidagi ma`lumotlar,Sug‘urta majburiyatlari to`g`risidagi ma`lumotlar,Sug‘urta majburiyatlari to`g`risidagi ma`lumotlar,Sug‘urta majburiyatlari to`g`risidagi ma`lumotlar,Sug‘urta majburiyatlari to`g`risidagi ma`lumotlar,Sug‘urta majburiyatlari to`g`risidagi ma`lumotlar,Sug‘urta majburiyatlari to`g`risidagi ma`lumotlar,Sug‘urta majburiyatlari to`g`risidagi ma`lumotlar,Sug‘urta majburiyatlari to`g`risidagi ma`lumotlar,Sug‘urta majburiyatlari to`g`risidagi ma`lumotlar,Sug‘urta majburiyatlari to`g`risidagi ma`lumotlar,
,,3.4,Amalda bo‘lgan va yangi tuzilgan shartnomalar to‘g‘risidagi ma'lumotlar,Amalda bo‘lgan va yangi tuzilgan shartnomalar to‘g‘risidagi ma'lumotlar,Amalda bo‘lgan va yangi tuzilgan shartnomalar to‘g‘risidagi ma'lumotlar,Amalda bo‘lgan va yangi tuzilgan shartnomalar to‘g‘risidagi ma'lumotlar,Amalda bo‘lgan va yangi tuzilgan shartnomalar to‘g‘risidagi ma'lumotlar,Amalda bo‘lgan va yangi tuzilgan shartnomalar to‘g‘risidagi ma'lumotlar,Amalda bo‘lgan va yangi tuzilgan shartnomalar to‘g‘risidagi ma'lumotlar,Amalda bo‘lgan va yangi tuzilgan shartnomalar to‘g‘risidagi ma'lumotlar,Amalda bo‘lgan va yangi tuzilgan shartnomalar to‘g‘risidagi ma'lumotlar,Amalda bo‘lgan va yangi tuzilgan shartnomalar to‘g‘risidagi ma'lumotlar,Amalda bo‘lgan va yangi tuzilgan shartnomalar to‘g‘risidagi ma'lumotlar,Amalda bo‘lgan va yangi tuzilgan shartnomalar to‘g‘risidagi ma'lumotlar,
,,3.5,Umumiy sug‘urta sohasi bo‘yicha sug‘urta da'volari to‘g‘risidagi ma'lumotlar,Umumiy sug‘urta sohasi bo‘yicha sug‘urta da'volari to‘g‘risidagi ma'lumotlar,Umumiy sug‘urta sohasi bo‘yicha sug‘urta da'volari to‘g‘risidagi ma'lumotlar,Umumiy sug‘urta sohasi bo‘yicha sug‘urta da'volari to‘g‘risidagi ma'lumotlar,Umumiy sug‘urta sohasi bo‘yicha sug‘urta da'volari to‘g‘risidagi ma'lumotlar,Umumiy sug‘urta sohasi bo‘yicha sug‘urta da'volari to‘g‘risidagi ma'lumotlar,Umumiy sug‘urta sohasi bo‘yicha sug‘urta da'volari to‘g‘risidagi ma'lumotlar,Umumiy sug‘urta sohasi bo‘yicha sug‘urta da'volari to‘g‘risidagi ma'lumotlar,Umumiy sug‘urta sohasi bo‘yicha sug‘urta da'volari to‘g‘risidagi ma'lumotlar,Umumiy sug‘urta sohasi bo‘yicha sug‘urta da'volari to‘g‘risidagi ma'lumotlar,Umumiy sug‘urta sohasi bo‘yicha sug‘urta da'volari to‘g‘risidagi ma'lumotlar,Umumiy sug‘urta sohasi bo‘yicha sug‘urta da'volari to‘g‘risidagi ma'lumotlar,
,,3.6,Hayotni sug‘urta qilish sohasi bo‘yicha sug‘urta da'volari to‘g‘risidagi ma'lumotlar,Hayotni sug‘urta qilish sohasi bo‘yicha sug‘urta da'volari to‘g‘risidagi ma'lumotlar,Hayotni sug‘urta qilish sohasi bo‘yicha sug‘urta da'volari to‘g‘risidagi ma'lumotlar,Hayotni sug‘urta qilish sohasi bo‘yicha sug‘urta da'volari to‘g‘risidagi ma'lumotlar,Hayotni sug‘urta qilish sohasi bo‘yicha sug‘urta da'volari to‘g‘risidagi ma'lumotlar,Hayotni sug‘urta qilish sohasi bo‘yicha sug‘urta da'volari to‘g‘risidagi ma'lumotlar,Hayotni sug‘urta qilish sohasi bo‘yicha sug‘urta da'volari to‘g‘risidagi ma'lumotlar,Hayotni sug‘urta qilish sohasi bo‘yicha sug‘urta da'volari to‘g‘risidagi ma'lumotlar,Hayotni sug‘urta qilish sohasi bo‘yicha sug‘urta da'volari to‘g‘risidagi ma'lumotlar,Hayotni sug‘urta qilish sohasi bo‘yicha sug‘urta da'volari to‘g‘risidagi ma'lumotlar,Hayotni sug‘urta qilish sohasi bo‘yicha sug‘urta da'volari to‘g‘risidagi ma'lumotlar,Hayotni sug‘urta qilish sohasi bo‘yicha sug‘urta da'volari to‘g‘risidagi ma'lumotlar,
