region,region_name,period,fund_total_thousand_m2,brick_rc_pct,raw_brick_adobe_pct,other_pct,gas_supply_pct
total,Республика Узбекистан,2025,734362.1,37.69,53.363,8.947,57.6
region:QORAQALPOG'ISTON RESPUBLIKASI,Республика Каракалпакстан,2025,36123.1,27.264,70.121,2.616,72.4
region:ANDIJON,Андижанская область,2025,62742.9,53.211,46.301,0.488,42.1
region:BUXORO,Бухарская область,2025,36032.3,36.73,16.157,47.114,66.8
region:JIZZAX,Джизакская область,2025,26355.8,25.541,70.276,4.183,57.5
region:QASHQADARYO,Кашкадарьинская область,2025,59922.9,29.692,68.931,1.377,28.6
region:NAVOIY,Навоийская область,2025,30055.6,23.692,61.979,14.329,71.4
region:NAMANGAN,Наманганская область,2025,52323.5,43.929,44.676,11.394,39.7
region:SAMARQAND,Самаркандская область,2025,87040.9,22.251,68.418,9.332,42.3
region:SURXANDARYO,Сурхандарьинская область,2025,43183.2,33.652,62.371,3.977,28.4
region:SIRDARYO,Сырдарьинская область,2025,18018.3,38.975,54.683,6.341,70.3
region:TOSHKENT,Ташкентская область,2025,72439.5,47.546,49.951,2.503,91.9
region:FARG'ONA,Ферганская область,2025,86396.6,25.837,53.867,20.296,48.3
region:XORAZM,Хорезмская область,2025,49180.0,15.022,83.063,1.915,67.3
region:TOSHKENT SHAHRI,город Ташкент,2025,74547.5,81.303,13.323,5.374,97.8
