дата среза;ключ;строка;премии с начала года, млн сум;выплаты с начала года, млн сум;обязательства на дату, млн сум;годовая ставка, % (премии × 12 / мес. / обязательства);убыточность, % (выплаты / премии);источник (разобранный отчёт);примечание
2024-03-31;cls1_14;Классы 1, 14 — НС + кредиты;531.386;2047.892;2176950.580;0.098;385.387;Страх_отчет(I_чорак_2025_йил_)_uz;
2024-03-31;cls1_2;Классы 1, 2 — НС + болезнь;13543.621;4272.716;22974074.236;0.236;31.548;Страх_отчет(I_чорак_2025_йил_)_uz;
2024-03-31;cls1_2_8_9;Классы 1, 2, 8, 9 — НС + болезнь + огонь и стихия + ущерб;3863.324;902.102;6162024.936;0.251;23.350;Страх_отчет(I_чорак_2025_йил_)_uz;
2024-03-31;cls1_3_10;Классы 1, 3, 10 — НС + транспорт + автогражданка;12828.123;4555.743;5597395.923;0.917;35.514;Страх_отчет(I_чорак_2025_йил_)_uz;
2024-03-31;cls1_8_9_13;Классы 1, 8, 9, 13 — НС + огонь и стихия + ущерб + гражд. ответств.;1526.489;0.000;3422750.256;0.178;0.000;Страх_отчет(I_чорак_2025_йил_)_uz;
2024-03-31;cls3_14;Классы 3, 14 — транспорт + кредиты;133637.372;3862.745;10731186.090;4.981;2.890;Страх_отчет(I_чорак_2025_йил_)_uz;
2024-03-31;cls5_11;Классы 5, 11 — авиа + авиа-ответств.;49351.686;7586.343;1032565782.813;0.019;15.372;Страх_отчет(I_чорак_2025_йил_)_uz;
2024-03-31;cls8_9;Классы 8, 9 — огонь и стихия + ущерб;237533.851;41519.718;611041437.509;0.155;17.479;Страх_отчет(I_чорак_2025_йил_)_uz;
2024-03-31;cls8_9_13;Классы 8, 9, 13 — огонь и стихия + ущерб + гражд. ответств.;124873.211;1834.773;240811707.819;0.207;1.469;Страх_отчет(I_чорак_2025_йил_)_uz;
2024-03-31;cls8_9_13_16;Классы 8, 9, 13, 16 — огонь и стихия + ущерб + гражд. ответств. + финриски;347015.254;0.000;10924151.952;12.706;0.000;Страх_отчет(I_чорак_2025_йил_)_uz;
2024-03-31;cls8_9_16;Классы 8, 9, 16 — огонь и стихия + ущерб + финриски;131161.126;9454.259;40740892.366;1.288;7.208;Страх_отчет(I_чорак_2025_йил_)_uz;
2024-03-31;multi_general;Комплексное страхование — два и более класса (итог, добровольное общее);1071797.647;77142.660;2002518068.614;0.214;7.198;Страх_отчет(I_чорак_2025_йил_)_uz;
2024-03-31;multi_life;Комплексное страхование жизни — два и более класса (итог);461.644;0.000;78548.007;2.351;0.000;Страх_отчет(I_чорак_2025_йил_)_uz;
2024-03-31;multi_other;Комплексное страхование — прочие пакеты классов (boshqalar);15932.206;1106.370;15369714.132;0.415;6.944;Страх_отчет(I_чорак_2025_йил_)_uz;
2024-07-01;cls1_14;Классы 1, 14 — НС + кредиты;13383.829;4065.900;1439190.396;1.860;30.379;Страх_отчет(II_чорак_2025_йил_)_uz_—_filtr;
2024-07-01;cls1_2;Классы 1, 2 — НС + болезнь;26681.933;6108.555;39222476.987;0.136;22.894;Страх_отчет(II_чорак_2025_йил_)_uz_—_filtr;
2024-07-01;cls1_2_8_9;Классы 1, 2, 8, 9 — НС + болезнь + огонь и стихия + ущерб;8595.825;1668.987;11228194.353;0.153;19.416;Страх_отчет(II_чорак_2025_йил_)_uz_—_filtr;
2024-07-01;cls1_3_10;Классы 1, 3, 10 — НС + транспорт + автогражданка;29907.604;4977.482;5921814.763;1.010;16.643;Страх_отчет(II_чорак_2025_йил_)_uz_—_filtr;
2024-07-01;cls1_8_9_13;Классы 1, 8, 9, 13 — НС + огонь и стихия + ущерб + гражд. ответств.;2116.794;0.000;3497222.721;0.121;0.000;Страх_отчет(II_чорак_2025_йил_)_uz_—_filtr;
2024-07-01;cls3_14;Классы 3, 14 — транспорт + кредиты;58297.567;6411.940;7398049.834;1.576;10.999;Страх_отчет(II_чорак_2025_йил_)_uz_—_filtr;
2024-07-01;cls5_11;Классы 5, 11 — авиа + авиа-ответств.;85293.281;14255.413;161479695.170;0.106;16.713;Страх_отчет(II_чорак_2025_йил_)_uz_—_filtr;
2024-07-01;cls7_8_9_13;Классы 7, 8, 9, 13 — грузы + огонь и стихия + ущерб + гражд. ответств.;500.409;0.000;31369.164;3.190;0.000;Страх_отчет(II_чорак_2025_йил_)_uz_—_filtr;
2024-07-01;cls8_9;Классы 8, 9 — огонь и стихия + ущерб;429023.222;82137.850;622324134.497;0.138;19.145;Страх_отчет(II_чорак_2025_йил_)_uz_—_filtr;
2024-07-01;cls8_9_13;Классы 8, 9, 13 — огонь и стихия + ущерб + гражд. ответств.;245839.865;32178.284;228264844.529;0.215;13.089;Страх_отчет(II_чорак_2025_йил_)_uz_—_filtr;
2024-07-01;cls8_9_13_16;Классы 8, 9, 13, 16 — огонь и стихия + ущерб + гражд. ответств. + финриски;515663.069;0.000;15312325.412;6.735;0.000;Страх_отчет(II_чорак_2025_йил_)_uz_—_filtr;
2024-07-01;cls8_9_16;Классы 8, 9, 16 — огонь и стихия + ущерб + финриски;250505.072;18969.129;50864198.502;0.985;7.572;Страх_отчет(II_чорак_2025_йил_)_uz_—_filtr;
2024-07-01;multi_general;Комплексное страхование — два и более класса (итог, добровольное общее);1708469.957;174174.722;1177807355.090;0.290;10.195;Страх_отчет(II_чорак_2025_йил_)_uz_—_filtr;
2024-07-01;multi_life;Комплексное страхование жизни — два и более класса (итог);634.576;0.000;78400.488;1.619;0.000;Страх_отчет(II_чорак_2025_йил_)_uz_—_filtr;
2024-07-01;multi_other;Комплексное страхование — прочие пакеты классов (boshqalar);42661.486;3401.183;30823838.760;0.277;7.972;Страх_отчет(II_чорак_2025_йил_)_uz_—_filtr;
2024-10-01;cls1_14;Классы 1, 14 — НС + кредиты;579678.233;25.102;22449673.487;3.443;0.004;Страх_отчет(III_чорак_2025_йил_)_uz_—_filtr;
2024-10-01;cls1_2;Классы 1, 2 — НС + болезнь;41401.685;5907.791;26334570.841;0.210;14.269;Страх_отчет(III_чорак_2025_йил_)_uz_—_filtr;
2024-10-01;cls1_2_8_9;Классы 1, 2, 8, 9 — НС + болезнь + огонь и стихия + ущерб;42060.927;4455.480;3436348.294;1.632;10.593;Страх_отчет(III_чорак_2025_йил_)_uz_—_filtr;
2024-10-01;cls1_3_10;Классы 1, 3, 10 — НС + транспорт + автогражданка;13727.883;3452.606;7403185.712;0.247;25.150;Страх_отчет(III_чорак_2025_йил_)_uz_—_filtr;
2024-10-01;cls1_8_9_13;Классы 1, 8, 9, 13 — НС + огонь и стихия + ущерб + гражд. ответств.;44539.965;18497.123;5188822.862;1.145;41.529;Страх_отчет(III_чорак_2025_йил_)_uz_—_filtr;
2024-10-01;cls3_14;Классы 3, 14 — транспорт + кредиты;617656.574;32428.111;270182926.588;0.305;5.250;Страх_отчет(III_чорак_2025_йил_)_uz_—_filtr;
2024-10-01;cls5_11;Классы 5, 11 — авиа + авиа-ответств.;81447.353;10840.724;7948713.164;1.366;13.310;Страх_отчет(III_чорак_2025_йил_)_uz_—_filtr;
2024-10-01;cls7_8_9_13;Классы 7, 8, 9, 13 — грузы + огонь и стихия + ущерб + гражд. ответств.;2920.620;0.000;3619610.449;0.108;0.000;Страх_отчет(III_чорак_2025_йил_)_uz_—_filtr;
2024-10-01;cls8_9;Классы 8, 9 — огонь и стихия + ущерб;620182.154;123243.187;596933336.588;0.139;19.872;Страх_отчет(III_чорак_2025_йил_)_uz_—_filtr;
2024-10-01;cls8_9_13;Классы 8, 9, 13 — огонь и стихия + ущерб + гражд. ответств.;411192.064;81533.758;67554732.334;0.812;19.829;Страх_отчет(III_чорак_2025_йил_)_uz_—_filtr;
2024-10-01;cls8_9_13_16;Классы 8, 9, 13, 16 — огонь и стихия + ущерб + гражд. ответств. + финриски;625506.083;34357.621;288599319.606;0.289;5.493;Страх_отчет(III_чорак_2025_йил_)_uz_—_filtr;
2024-10-01;cls8_9_16;Классы 8, 9, 16 — огонь и стихия + ущерб + финриски;482.320;0.000;31369.164;2.050;0.000;Страх_отчет(III_чорак_2025_йил_)_uz_—_filtr;
2024-10-01;multi_general;Комплексное страхование — два и более класса (итог, добровольное общее);3125422.275;318550.915;1326387689.087;0.314;10.192;Страх_отчет(III_чорак_2025_йил_)_uz_—_filtr;
2024-10-01;multi_life;Комплексное страхование жизни — два и более класса (итог);39218.071;0.000;1301723.074;4.017;0.000;Страх_отчет(III_чорак_2025_йил_)_uz_—_filtr;
2024-10-01;multi_other;Комплексное страхование — прочие пакеты классов (boshqalar);44626.415;3809.412;26705079.997;0.223;8.536;Страх_отчет(III_чорак_2025_йил_)_uz_—_filtr;
2025-01-01;cls1_14;Классы 1, 14 — НС + кредиты;39791.554;2730.070;1608879.130;2.473;6.861;Страх_отчет(IV_чорак_2025_йил_)_uz_—_filtr;
2025-01-01;cls1_2;Классы 1, 2 — НС + болезнь;52913.398;8008.825;24968198.841;0.212;15.136;Страх_отчет(IV_чорак_2025_йил_)_uz_—_filtr;
2025-01-01;cls1_2_8_9;Классы 1, 2, 8, 9 — НС + болезнь + огонь и стихия + ущерб;18040.441;5071.110;10511901.261;0.172;28.110;Страх_отчет(IV_чорак_2025_йил_)_uz_—_filtr;
2025-01-01;cls1_3_10;Классы 1, 3, 10 — НС + транспорт + автогражданка;77977.832;25347.953;4712239.713;1.655;32.507;Страх_отчет(IV_чорак_2025_йил_)_uz_—_filtr;
2025-01-01;cls1_8_9_13;Классы 1, 8, 9, 13 — НС + огонь и стихия + ущерб + гражд. ответств.;3459.867;0.000;3685522.107;0.094;0.000;Страх_отчет(IV_чорак_2025_йил_)_uz_—_filtr;
2025-01-01;cls3_14;Классы 3, 14 — транспорт + кредиты;105269.417;14011.198;8312148.138;1.266;13.310;Страх_отчет(IV_чорак_2025_йил_)_uz_—_filtr;
2025-01-01;cls5_11;Классы 5, 11 — авиа + авиа-ответств.;767632.949;83671.288;306678446.742;0.250;10.900;Страх_отчет(IV_чорак_2025_йил_)_uz_—_filtr;
2025-01-01;cls7_8_9_13;Классы 7, 8, 9, 13 — грузы + огонь и стихия + ущерб + гражд. ответств.;454.429;0.000;0.000;;0.000;Страх_отчет(IV_чорак_2025_йил_)_uz_—_filtr;
2025-01-01;cls8_9;Классы 8, 9 — огонь и стихия + ущерб;1245230.738;148207.113;718666914.149;0.173;11.902;Страх_отчет(IV_чорак_2025_йил_)_uz_—_filtr;
2025-01-01;cls8_9_13;Классы 8, 9, 13 — огонь и стихия + ущерб + гражд. ответств.;741977.942;35268.125;320370276.990;0.232;4.753;Страх_отчет(IV_чорак_2025_йил_)_uz_—_filtr;
2025-01-01;cls8_9_13_16;Классы 8, 9, 13, 16 — огонь и стихия + ущерб + гражд. ответств. + финриски;775882.436;5328.861;46773774.956;1.659;0.687;Страх_отчет(IV_чорак_2025_йил_)_uz_—_filtr;
2025-01-01;cls8_9_16;Классы 8, 9, 16 — огонь и стихия + ущерб + финриски;621412.175;82430.466;96891644.137;0.641;13.265;Страх_отчет(IV_чорак_2025_йил_)_uz_—_filtr;
2025-01-01;multi_general;Комплексное страхование — два и более класса (итог, добровольное общее);4501228.920;414912.741;1567799943.906;0.287;9.218;Страх_отчет(IV_чорак_2025_йил_)_uz_—_filtr;итог отчёта не равен сумме пакетов — взята сумма пакетов: итог «Ikki va undan ortiq…» в отчёте 3 125 422,3 млн сум, сумма пакетов и «boshqalar» 4 501 228,9 млн сум (строка итога в отчёте, вероятно, не обновлена)
2025-01-01;multi_life;Комплексное страхование жизни — два и более класса (итог);117646.755;7.180;2672789.371;4.402;0.006;Страх_отчет(IV_чорак_2025_йил_)_uz_—_filtr;
2025-01-01;multi_other;Комплексное страхование — прочие пакеты классов (boshqalar);51185.741;4837.733;24619997.742;0.208;9.451;Страх_отчет(IV_чорак_2025_йил_)_uz_—_filtr;
2025-03-31;cls1_14;Классы 1, 14 — НС + кредиты;9810.133;75.531;1981638.793;1.980;0.770;Страх_отчет(I_чорак_2025_йил_)_uz;
2025-03-31;cls1_2;Классы 1, 2 — НС + болезнь;18158.956;1269.215;49885670.243;0.146;6.989;Страх_отчет(I_чорак_2025_йил_)_uz;
2025-03-31;cls1_2_8_9;Классы 1, 2, 8, 9 — НС + болезнь + огонь и стихия + ущерб;4200.368;868.350;7425118.523;0.226;20.673;Страх_отчет(I_чорак_2025_йил_)_uz;
2025-03-31;cls1_3_10;Классы 1, 3, 10 — НС + транспорт + автогражданка;18237.626;5595.263;4981806.067;1.464;30.680;Страх_отчет(I_чорак_2025_йил_)_uz;
2025-03-31;cls1_8_9_13;Классы 1, 8, 9, 13 — НС + огонь и стихия + ущерб + гражд. ответств.;333.784;0.000;3704780.561;0.036;0.000;Страх_отчет(I_чорак_2025_йил_)_uz;
2025-03-31;cls3_14;Классы 3, 14 — транспорт + кредиты;28300.056;5688.965;9948682.315;1.138;20.102;Страх_отчет(I_чорак_2025_йил_)_uz;
2025-03-31;cls5_11;Классы 5, 11 — авиа + авиа-ответств.;53484.700;12933.625;297145362.156;0.072;24.182;Страх_отчет(I_чорак_2025_йил_)_uz;
2025-03-31;cls8_9;Классы 8, 9 — огонь и стихия + ущерб;293158.974;66431.880;694794905.412;0.169;22.661;Страх_отчет(I_чорак_2025_йил_)_uz;
2025-03-31;cls8_9_13;Классы 8, 9, 13 — огонь и стихия + ущерб + гражд. ответств.;158997.252;47539.044;330979163.186;0.192;29.899;Страх_отчет(I_чорак_2025_йил_)_uz;
2025-03-31;cls8_9_13_16;Классы 8, 9, 13, 16 — огонь и стихия + ущерб + гражд. ответств. + финриски;337783.674;0.000;51835222.043;2.607;0.000;Страх_отчет(I_чорак_2025_йил_)_uz;
2025-03-31;cls8_9_16;Классы 8, 9, 16 — огонь и стихия + ущерб + финриски;181319.371;5848.620;115285252.181;0.629;3.226;Страх_отчет(I_чорак_2025_йил_)_uz;
2025-03-31;multi_general;Комплексное страхование — два и более класса (итог, добровольное общее);1129423.877;146607.067;1591389224.609;0.284;12.981;Страх_отчет(I_чорак_2025_йил_)_uz;
2025-03-31;multi_life;Комплексное страхование жизни — два и более класса (итог);127154.060;66.212;3045785.545;16.699;0.052;Страх_отчет(I_чорак_2025_йил_)_uz;
2025-03-31;multi_other;Комплексное страхование — прочие пакеты классов (boshqalar);25638.982;356.573;23421623.129;0.438;1.391;Страх_отчет(I_чорак_2025_йил_)_uz;
2025-07-01;cls1_14;Классы 1, 14 — НС + кредиты;31771.610;0.000;1982626.900;3.205;0.000;Страх_отчет(II_чорак_2026_йил_)_uz;
2025-07-01;cls1_2;Классы 1, 2 — НС + болезнь;39535.181;4680.355;19141239.914;0.413;11.838;Страх_отчет(II_чорак_2026_йил_)_uz;
2025-07-01;cls1_2_8_9;Классы 1, 2, 8, 9 — НС + болезнь + огонь и стихия + ущерб;9084.746;3127.639;11431358.406;0.159;34.427;Страх_отчет(II_чорак_2026_йил_)_uz;
2025-07-01;cls1_3_10;Классы 1, 3, 10 — НС + транспорт + автогражданка;33996.499;12804.962;5033264.047;1.351;37.666;Страх_отчет(II_чорак_2026_йил_)_uz;
2025-07-01;cls1_8_9_13;Классы 1, 8, 9, 13 — НС + огонь и стихия + ущерб + гражд. ответств.;1141.213;0.000;3774553.487;0.060;0.000;Страх_отчет(II_чорак_2026_йил_)_uz;
2025-07-01;cls3_14;Классы 3, 14 — транспорт + кредиты;375756.758;10715.230;34011341.890;2.210;2.852;Страх_отчет(II_чорак_2026_йил_)_uz;
2025-07-01;cls3_8_9;Классы 3, 8, 9 — транспорт + огонь и стихия + ущерб;7621.535;665.255;2985807.348;0.511;8.729;Страх_отчет(II_чорак_2026_йил_)_uz;
2025-07-01;cls5_11;Классы 5, 11 — авиа + авиа-ответств.;111330.508;21094.076;142043335.686;0.157;18.947;Страх_отчет(II_чорак_2026_йил_)_uz;
2025-07-01;cls7_8_13_16;Классы 7, 8, 13, 16 — грузы + огонь и стихия + гражд. ответств. + финриски;0.000;0.000;0.000;;;Страх_отчет(II_чорак_2026_йил_)_uz;
2025-07-01;cls7_8_9_13;Классы 7, 8, 9, 13 — грузы + огонь и стихия + ущерб + гражд. ответств.;722549.552;0.000;31331219.919;4.612;0.000;Страх_отчет(II_чорак_2026_йил_)_uz;
2025-07-01;cls8_9;Классы 8, 9 — огонь и стихия + ущерб;999011.621;105202.155;833214928.058;0.240;10.531;Страх_отчет(II_чорак_2026_йил_)_uz;
2025-07-01;cls8_9_13;Классы 8, 9, 13 — огонь и стихия + ущерб + гражд. ответств.;377529.361;64689.370;257633551.497;0.293;17.135;Страх_отчет(II_чорак_2026_йил_)_uz;
2025-07-01;cls8_9_13_16;Классы 8, 9, 13, 16 — огонь и стихия + ущерб + гражд. ответств. + финриски;201041.887;0.000;40698556.374;0.988;0.000;Страх_отчет(II_чорак_2026_йил_)_uz;
2025-07-01;cls8_9_16;Классы 8, 9, 16 — огонь и стихия + ущерб + финриски;326936.264;7853.191;164817489.729;0.397;2.402;Страх_отчет(II_чорак_2026_йил_)_uz;
2025-07-01;multi_general;Комплексное страхование — два и более класса (итог, добровольное общее);3294065.061;231772.258;1593284890.395;0.413;7.036;Страх_отчет(II_чорак_2026_йил_)_uz;
2025-07-01;multi_life;Комплексное страхование жизни — два и более класса (итог);264117.650;221.033;7376991.804;7.161;0.084;Страх_отчет(II_чорак_2026_йил_)_uz;
2025-07-01;multi_other;Комплексное страхование — прочие пакеты классов (boshqalar);56758.326;940.024;45185617.140;0.251;1.656;Страх_отчет(II_чорак_2026_йил_)_uz;
2025-10-01;cls1_14;Классы 1, 14 — НС + кредиты;263039.931;0.000;46263069.028;0.758;0.000;Страх_отчет(III_чорак_2025_йил_)_uz_—_filtr;
2025-10-01;cls1_2;Классы 1, 2 — НС + болезнь;69298.111;12932.555;27168096.457;0.340;18.662;Страх_отчет(III_чорак_2025_йил_)_uz_—_filtr;
2025-10-01;cls1_2_8_9;Классы 1, 2, 8, 9 — НС + болезнь + огонь и стихия + ущерб;38126.690;1258.782;2743221.062;1.853;3.302;Страх_отчет(III_чорак_2025_йил_)_uz_—_filtr;
2025-10-01;cls1_3_10;Классы 1, 3, 10 — НС + транспорт + автогражданка;9169.854;0.000;3107974.697;0.393;0.000;Страх_отчет(III_чорак_2025_йил_)_uz_—_filtr;
2025-10-01;cls1_8_9_13;Классы 1, 8, 9, 13 — НС + огонь и стихия + ущерб + гражд. ответств.;51318.988;19217.439;4996340.135;1.370;37.447;Страх_отчет(III_чорак_2025_йил_)_uz_—_filtr;
2025-10-01;cls3_14;Классы 3, 14 — транспорт + кредиты;450733.617;28331.764;348555694.326;0.172;6.286;Страх_отчет(III_чорак_2025_йил_)_uz_—_filtr;
2025-10-01;cls5_11;Классы 5, 11 — авиа + авиа-ответств.;586690.512;19351.649;47425893.515;1.649;3.298;Страх_отчет(III_чорак_2025_йил_)_uz_—_filtr;
2025-10-01;cls7_8_9_13;Классы 7, 8, 9, 13 — грузы + огонь и стихия + ущерб + гражд. ответств.;1358.897;0.000;3821836.249;0.047;0.000;Страх_отчет(III_чорак_2025_йил_)_uz_—_filtr;
2025-10-01;cls8_9;Классы 8, 9 — огонь и стихия + ущерб;1722494.222;146907.513;962093428.450;0.239;8.529;Страх_отчет(III_чорак_2025_йил_)_uz_—_filtr;
2025-10-01;cls8_9_13;Классы 8, 9, 13 — огонь и стихия + ущерб + гражд. ответств.;518855.725;41732.412;206280189.917;0.335;8.043;Страх_отчет(III_чорак_2025_йил_)_uz_—_filtr;
2025-10-01;cls8_9_13_16;Классы 8, 9, 13, 16 — огонь и стихия + ущерб + гражд. ответств. + финриски;571609.797;87421.841;295097342.146;0.258;15.294;Страх_отчет(III_чорак_2025_йил_)_uz_—_filtr;
2025-10-01;cls8_9_16;Классы 8, 9, 16 — огонь и стихия + ущерб + финриски;763538.913;0.000;13015878.976;7.822;0.000;Страх_отчет(III_чорак_2025_йил_)_uz_—_filtr;
2025-10-01;multi_general;Комплексное страхование — два и более класса (итог, добровольное общее);5101370.855;359670.881;1991063306.621;0.342;7.050;Страх_отчет(III_чорак_2025_йил_)_uz_—_filtr;
2025-10-01;multi_life;Комплексное страхование жизни — два и более класса (итог);385096.220;994.432;9431290.707;5.444;0.258;Страх_отчет(III_чорак_2025_йил_)_uz_—_filtr;
2025-10-01;multi_other;Комплексное страхование — прочие пакеты классов (boshqalar);55135.600;2516.927;30494341.663;0.241;4.565;Страх_отчет(III_чорак_2025_йил_)_uz_—_filtr;
2026-01-01;cls1_14;Классы 1, 14 — НС + кредиты;46024.678;2019.894;2888196.413;1.594;4.389;Страх_отчет(IV_чорак_2025_йил_)_uz_—_filtr;
2026-01-01;cls1_2;Классы 1, 2 — НС + болезнь;100832.388;38565.460;48098413.066;0.210;38.247;Страх_отчет(IV_чорак_2025_йил_)_uz_—_filtr;
2026-01-01;cls1_2_8_9;Классы 1, 2, 8, 9 — НС + болезнь + огонь и стихия + ущерб;12639.947;104.398;3583965.451;0.353;0.826;Страх_отчет(IV_чорак_2025_йил_)_uz_—_filtr;
2026-01-01;cls1_3_10;Классы 1, 3, 10 — НС + транспорт + автогражданка;66970.655;22749.817;4847341.353;1.382;33.970;Страх_отчет(IV_чорак_2025_йил_)_uz_—_filtr;
2026-01-01;cls1_8_9_13;Классы 1, 8, 9, 13 — НС + огонь и стихия + ущерб + гражд. ответств.;234.338;3.071;15926.229;1.471;1.310;Страх_отчет(IV_чорак_2025_йил_)_uz_—_filtr;
2026-01-01;cls3_14;Классы 3, 14 — транспорт + кредиты;847872.014;21365.511;68853706.613;1.231;2.520;Страх_отчет(IV_чорак_2025_йил_)_uz_—_filtr;
2026-01-01;cls5_11;Классы 5, 11 — авиа + авиа-ответств.;609704.392;28863.117;360349029.427;0.169;4.734;Страх_отчет(IV_чорак_2025_йил_)_uz_—_filtr;
2026-01-01;cls7_8_9_13;Классы 7, 8, 9, 13 — грузы + огонь и стихия + ущерб + гражд. ответств.;1228738.522;0.000;90070357.109;1.364;0.000;Страх_отчет(IV_чорак_2025_йил_)_uz_—_filtr;
2026-01-01;cls8_9;Классы 8, 9 — огонь и стихия + ущерб;2140443.920;207852.109;929747994.425;0.230;9.711;Страх_отчет(IV_чорак_2025_йил_)_uz_—_filtr;
2026-01-01;cls8_9_13;Классы 8, 9, 13 — огонь и стихия + ущерб + гражд. ответств.;748904.822;172846.203;334032861.610;0.224;23.080;Страх_отчет(IV_чорак_2025_йил_)_uz_—_filtr;
2026-01-01;cls8_9_13_16;Классы 8, 9, 13, 16 — огонь и стихия + ущерб + гражд. ответств. + финриски;314355.684;0.000;74946994.034;0.419;0.000;Страх_отчет(IV_чорак_2025_йил_)_uz_—_filtr;
2026-01-01;cls8_9_16;Классы 8, 9, 16 — огонь и стихия + ущерб + финриски;711800.959;61594.575;162727903.183;0.437;8.653;Страх_отчет(IV_чорак_2025_йил_)_uz_—_filtr;
2026-01-01;multi_general;Комплексное страхование — два и более класса (итог, добровольное общее);7121775.836;637384.013;2156420996.564;0.330;8.950;Страх_отчет(IV_чорак_2025_йил_)_uz_—_filtr;итог отчёта не равен сумме пакетов — взята сумма пакетов: итог «Ikki va undan ortiq…» в отчёте 5 101 370,9 млн сум, сумма пакетов и «boshqalar» 7 121 775,8 млн сум (строка итога в отчёте, вероятно, не обновлена)
2026-01-01;multi_life;Комплексное страхование жизни — два и более класса (итог);353991.685;1501.726;7032529.548;5.034;0.424;Страх_отчет(IV_чорак_2025_йил_)_uz_—_filtr;
2026-01-01;multi_other;Комплексное страхование — прочие пакеты классов (boshqalar);293253.518;81419.859;76258307.651;0.385;27.764;Страх_отчет(IV_чорак_2025_йил_)_uz_—_filtr;
2026-07-01;cls1_14;Классы 1, 14 — НС + кредиты;44577.909;263.105;4600332.278;1.938;0.590;Страх_отчет(II_чорак_2026_йил_)_uz;
2026-07-01;cls1_2;Классы 1, 2 — НС + болезнь;79184.968;6734.930;73667782.819;0.215;8.505;Страх_отчет(II_чорак_2026_йил_)_uz;
2026-07-01;cls1_2_8_9;Классы 1, 2, 8, 9 — НС + болезнь + огонь и стихия + ущерб;1.553;44.576;0.000;;2869.476;Страх_отчет(II_чорак_2026_йил_)_uz;
2026-07-01;cls1_3_10;Классы 1, 3, 10 — НС + транспорт + автогражданка;38347.642;12361.131;5089695.104;1.507;32.234;Страх_отчет(II_чорак_2026_йил_)_uz;
2026-07-01;cls1_8_9_13;Классы 1, 8, 9, 13 — НС + огонь и стихия + ущерб + гражд. ответств.;1595.116;74.507;3963014.473;0.081;4.671;Страх_отчет(II_чорак_2026_йил_)_uz;
2026-07-01;cls3_14;Классы 3, 14 — транспорт + кредиты;322674.207;264430.620;95496722.865;0.676;81.950;Страх_отчет(II_чорак_2026_йил_)_uz;
2026-07-01;cls3_8_9;Классы 3, 8, 9 — транспорт + огонь и стихия + ущерб;1127152.399;416.620;43071549.296;5.234;0.037;Страх_отчет(II_чорак_2026_йил_)_uz;
2026-07-01;cls5_11;Классы 5, 11 — авиа + авиа-ответств.;123046.757;20712.926;105044030.878;0.234;16.833;Страх_отчет(II_чорак_2026_йил_)_uz;
2026-07-01;cls7_8_13_16;Классы 7, 8, 13, 16 — грузы + огонь и стихия + гражд. ответств. + финриски;218855.813;0.000;68995767.300;0.634;0.000;Страх_отчет(II_чорак_2026_йил_)_uz;
2026-07-01;cls7_8_9_13;Классы 7, 8, 9, 13 — грузы + огонь и стихия + ущерб + гражд. ответств.;869.384;216.589;156230652.052;0.001;24.913;Страх_отчет(II_чорак_2026_йил_)_uz;
2026-07-01;cls8_9;Классы 8, 9 — огонь и стихия + ущерб;924224.234;229019.003;998120016.798;0.185;24.780;Страх_отчет(II_чорак_2026_йил_)_uz;
2026-07-01;cls8_9_13;Классы 8, 9, 13 — огонь и стихия + ущерб + гражд. ответств.;331660.258;9355.406;356811239.796;0.186;2.821;Страх_отчет(II_чорак_2026_йил_)_uz;
2026-07-01;cls8_9_13_16;Классы 8, 9, 13, 16 — огонь и стихия + ущерб + гражд. ответств. + финриски;127583.419;144024.895;67626513.062;0.377;112.887;Страх_отчет(II_чорак_2026_йил_)_uz;
2026-07-01;cls8_9_16;Классы 8, 9, 16 — огонь и стихия + ущерб + финриски;100721.854;207185.033;115730337.974;0.174;205.700;Страх_отчет(II_чорак_2026_йил_)_uz;
2026-07-01;multi_general;Комплексное страхование — два и более класса (итог, добровольное общее);3554571.100;899558.779;2185374089.094;0.325;25.307;Страх_отчет(II_чорак_2026_йил_)_uz;
2026-07-01;multi_life;Комплексное страхование жизни — два и более класса (итог);244573.545;2658.830;52438887.261;0.933;1.087;Страх_отчет(II_чорак_2026_йил_)_uz;
2026-07-01;multi_other;Комплексное страхование — прочие пакеты классов (boshqalar);114075.586;4719.436;90926434.399;0.251;4.137;Страх_отчет(II_чорак_2026_йил_)_uz;
