дата среза;разрез;ключ;название;претензий поступило;оплачено;отказано;не урегулировано;договоров действующих на дату;договоров новых с начала года;выплаты общего страхования, млн сум;претензий на 1 000 действующих договоров;доля отказов, %;средняя выплата, сум;источник (разобранный отчёт)
2024-03-31;страховщик;company:ALFA INVEST SUG'URTA KOMPANIYASI AJ;"""ALFA INVEST SUG‘URTA KOMPANIYASI"" AJ";384.0;338.0;30.0;16.0;122712.0;31974.0;7360.254;3.129;7.812;21775898;Страх_отчет(I_чорак_2025_йил_)_uz
2024-03-31;страховщик;company:ALSKOM AJ;"""ALSKOM"" AJ";3329.0;3124.0;35.0;170.0;261874.0;106476.0;12821.690;12.712;1.051;4104254;Страх_отчет(I_чорак_2025_йил_)_uz
2024-03-31;страховщик;company:APEX INSURANCE AJ;"""APEX INSURANCE"" AJ";2118.0;1407.0;170.0;541.0;959211.0;265772.0;216068.741;2.208;8.026;153566980;Страх_отчет(I_чорак_2025_йил_)_uz
2024-03-31;страховщик;company:ARIA SUG'URTA TASHKILOTI AJ;"""ARIA SUG‘URTA TASHKILOTI"" AJ";130.0;117.0;5.0;8.0;3640.0;1571.0;305.122;35.714;3.846;2607880;Страх_отчет(I_чорак_2025_йил_)_uz
2024-03-31;страховщик;company:ASIA INSURANCE SUG'URTA KOMPANIYASI AJ;"""ASIA INSURANCE SUG‘URTA KOMPANIYASI"" AJ";464.0;178.0;24.0;262.0;107384.0;24287.0;5104.545;4.321;5.172;28677221;Страх_отчет(I_чорак_2025_йил_)_uz
2024-03-31;страховщик;company:DD GENERAL INSURANCE AJ;"""DD GENERAL INSURANCE"" AJ";39.0;9.0;0.0;30.0;29723.0;0.0;270.278;1.312;0.000;30030846;Страх_отчет(I_чорак_2025_йил_)_uz
2024-03-31;страховщик;company:EUROASIA INSURANCE AJ QK;"""EUROASIA INSURANCE"" AJ QK";738.0;116.0;28.0;594.0;31083.0;31067.0;1378.713;23.743;3.794;11885459;Страх_отчет(I_чорак_2025_йил_)_uz
2024-03-31;страховщик;company:GLOBAL INSURANCE GROUP AJ;"""GLOBAL INSURANCE GROUP"" AJ";401.0;286.0;29.0;86.0;86330.0;14320.0;3936.593;4.645;7.232;13764310;Страх_отчет(I_чорак_2025_йил_)_uz
2024-03-31;страховщик;company:GROSS SUG'URTA KOMPANIYASI AJ;"""GROSS SUG‘URTA KOMPANIYASI"" AJ";8116.0;7701.0;151.0;264.0;724584.0;182379.0;32447.015;11.201;1.861;4213351;Страх_отчет(I_чорак_2025_йил_)_uz
2024-03-31;страховщик;company:HAMKOR SUG'URTA AJ;"""HAMKOR SUG’URTA"" AJ";171.0;60.0;27.0;84.0;6900.0;6648.0;1653.795;24.783;15.789;27563245;Страх_отчет(I_чорак_2025_йил_)_uz
2024-03-31;страховщик;company:IMKON SUG'URTA AJ;"""IMKON SUG’URTA"" AJ";3594.0;2892.0;8.0;694.0;438273.0;27607.0;6834.099;8.200;0.223;2363105;Страх_отчет(I_чорак_2025_йил_)_uz
2024-03-31;страховщик;company:IMPEX-INSURANCE AJ;"""IMPEX-INSURANCE"" AJ";544.0;185.0;11.0;348.0;124350.0;23136.0;11484.091;4.375;2.022;62076169;Страх_отчет(I_чорак_2025_йил_)_uz
2024-03-31;страховщик;company:INFINITY INSURANCE AJ;"""INFINITY INSURANCE"" AJ";65.0;39.0;10.0;16.0;60566.0;23032.0;595.416;1.073;15.385;15267080;Страх_отчет(I_чорак_2025_йил_)_uz
2024-03-31;страховщик;company:INSON AJ;"""INSON"" AJ";750.0;466.0;35.0;249.0;390923.0;76121.0;9020.970;1.919;4.667;19358304;Страх_отчет(I_чорак_2025_йил_)_uz
2024-03-31;страховщик;company:ISHONCH SUG'URTA KOMPANIYASI AJ;"""ISHONCH SUG‘URTA KOMPANIYASI"" AJ";671.0;412.0;2.0;257.0;47724.0;4338.0;1058.860;14.060;0.298;2570049;Страх_отчет(I_чорак_2025_йил_)_uz
2024-03-31;страховщик;company:KAFIL SUG'URTA AJ;"""KAFIL SUG’URTA"" AJ";852.0;180.0;472.0;200.0;313509.0;19274.0;6862.420;2.718;55.399;38124555;Страх_отчет(I_чорак_2025_йил_)_uz
2024-03-31;страховщик;company:KAFOLAT SUG'URTA KOMPANIYASI AJ;"""KAFOLAT SUG‘URTA KOMPANIYASI"" AJ";1126.0;1005.0;29.0;92.0;382046.0;88501.0;29155.881;2.947;2.575;29010827;Страх_отчет(I_чорак_2025_йил_)_uz
2024-03-31;страховщик;company:KAPITAL SUG'URTA AJ;"""KAPITAL SUG‘URTA"" AJ";1747.0;1491.0;43.0;213.0;929813.0;167981.0;27823.534;1.879;2.461;18660989;Страх_отчет(I_чорак_2025_йил_)_uz
2024-03-31;страховщик;company:MOSAIC INSURANCE GROUP AJ QK;"""MOSAIC INSURANCE GROUP"" AJ QK (ранее ""MOSAIC INSURANCE COMPANY"")";2163.0;2160.0;0.0;3.0;547.0;153.0;5445.390;3954.296;0.000;2521014;Страх_отчет(I_чорак_2025_йил_)_uz
2024-03-31;страховщик;company:MY-INSURANCE AJ;"""MY-INSURANCE"" AJ";1599.0;1004.0;222.0;373.0;816199.0;192830.0;63417.300;1.959;13.884;63164641;Страх_отчет(I_чорак_2025_йил_)_uz
2024-03-31;страховщик;company:NEO INSURANCE CORP AJ;"""NEO INSURANCE CORP"" AJ";216.0;161.0;2.0;53.0;261516.0;149167.0;1211.562;0.826;0.926;7525232;Страх_отчет(I_чорак_2025_йил_)_uz
2024-03-31;страховщик;company:O'ZAGROSUG'URTA AJ;"""O‘ZAGROSUG‘URTA"" AJ";1381.0;752.0;15.0;614.0;594489.0;104774.0;15268.312;2.323;1.086;20303606;Страх_отчет(I_чорак_2025_йил_)_uz
2024-03-31;страховщик;company:O'ZBEKINVEST EISK AJ;"""O‘ZBEKINVEST"" EISK AJ";1406.0;1140.0;34.0;232.0;1009359.0;226028.0;23568.182;1.393;2.418;20673843;Страх_отчет(I_чорак_2025_йил_)_uz
2024-03-31;страховщик;company:OMAD SUG'URTA AJ;"""OMAD SUG‘URTA"" AJ";43.0;9.0;4.0;30.0;18714.0;4425.0;295.301;2.298;9.302;32811200;Страх_отчет(I_чорак_2025_йил_)_uz
2024-03-31;страховщик;company:QUANTUM INSURANCE AJ;"""QUANTUM INSURANCE"" AJ (ранее ""INGO-UZBEKISTON"")";395.0;347.0;9.0;39.0;19960.0;6375.0;1567.972;19.790;2.278;4518651;Страх_отчет(I_чорак_2025_йил_)_uz
2024-03-31;страховщик;company:SEMURG SUG'URTA AJ QK;"""SEMURG SUG‘URTA"" AJ QK";496.0;472.0;11.0;13.0;125853.0;40519.0;2974.316;3.941;2.218;6301516;Страх_отчет(I_чорак_2025_йил_)_uz
2024-03-31;страховщик;company:SQB INSURANCE SUG'URTA KOMPANIYASI AJ;"""SQB INSURANCE SUG‘URTA KOMPANIYASI"" AJ";758.0;722.0;24.0;12.0;229275.0;44950.0;10157.121;3.306;3.166;14068035;Страх_отчет(I_чорак_2025_йил_)_uz
2024-03-31;страховщик;company:TEMIRYO'L SUG'URTA AJ;"""TEMIRYO‘L SUG‘URTA"" AJ";409.0;264.0;13.0;132.0;48827.0;185020.0;14720.754;8.377;3.178;55760432;Страх_отчет(I_чорак_2025_йил_)_uz
2024-03-31;страховщик;company:TRUST-INSURANCE AJ;"""TRUST-INSURANCE"" AJ";113.0;88.0;2.0;23.0;62550.0;14982.0;967.056;1.807;1.770;10989268;Страх_отчет(I_чорак_2025_йил_)_uz
2024-03-31;страховщик;company:UNIVERSAL SUG'URTA AJ;"""UNIVERSAL SUG‘URTA"" AJ";188.0;15.0;7.0;166.0;55040.0;0.0;96.669;3.416;3.723;6444595;Страх_отчет(I_чорак_2025_йил_)_uz
2024-03-31;страховщик;company:XALQ SUG'URTA AJ;"""XALQ SUG‘URTA"" AJ";145.0;91.0;31.0;23.0;493559.0;76651.0;1681.722;0.294;21.379;18480461;Страх_отчет(I_чорак_2025_йил_)_uz
2024-03-31;страховщик;total;Весь рынок;34551.0;27231.0;1483.0;5837.0;8756533.0;2140358.0;515553.672;3.946;4.292;18932602;Страх_отчет(I_чорак_2025_йил_)_uz
2024-03-31;регион;region:ANDIJON;Андижанская область;548.0;361.0;29.0;158.0;515321.0;117202.0;3991.452;1.063;5.292;11056654;Страх_отчет(I_чорак_2025_йил_)_uz
2024-03-31;регион;region:BUXORO;Бухарская область;619.0;366.0;52.0;201.0;396746.0;89839.0;5693.709;1.560;8.401;15556582;Страх_отчет(I_чорак_2025_йил_)_uz
2024-03-31;регион;region:FARG'ONA;Ферганская область;547.0;341.0;61.0;145.0;781960.0;179906.0;5360.878;0.700;11.152;15721051;Страх_отчет(I_чорак_2025_йил_)_uz
2024-03-31;регион;region:JIZZAX;Джизакская область;994.0;794.0;57.0;143.0;444171.0;132683.0;7435.850;2.238;5.734;9365050;Страх_отчет(I_чорак_2025_йил_)_uz
2024-03-31;регион;region:NAMANGAN;Наманганская область;451.0;190.0;24.0;237.0;446910.0;101338.0;5639.063;1.009;5.322;29679278;Страх_отчет(I_чорак_2025_йил_)_uz
2024-03-31;регион;region:NAVOIY;Навоийская область;415.0;224.0;32.0;159.0;237225.0;46020.0;7376.807;1.749;7.711;32932176;Страх_отчет(I_чорак_2025_йил_)_uz
2024-03-31;регион;region:QASHQADARYO;Кашкадарьинская область;550.0;339.0;63.0;148.0;499441.0;125663.0;7903.583;1.101;11.455;23314403;Страх_отчет(I_чорак_2025_йил_)_uz
2024-03-31;регион;region:QORAQALPOG'ISTON RESPUBLIKASI;Республика Каракалпакстан;845.0;492.0;97.0;256.0;316619.0;62689.0;26000.717;2.669;11.479;52846986;Страх_отчет(I_чорак_2025_йил_)_uz
2024-03-31;регион;region:SAMARQAND;Самаркандская область;584.0;337.0;41.0;206.0;593162.0;155753.0;22808.660;0.985;7.021;67681483;Страх_отчет(I_чорак_2025_йил_)_uz
2024-03-31;регион;region:SIRDARYO;Сырдарьинская область;317.0;193.0;26.0;98.0;159405.0;36392.0;11537.348;1.989;8.202;59779006;Страх_отчет(I_чорак_2025_йил_)_uz
2024-03-31;регион;region:SURXANDARYO;Сурхандарьинская область;670.0;425.0;37.0;208.0;403563.0;88626.0;3685.435;1.660;5.522;8671612;Страх_отчет(I_чорак_2025_йил_)_uz
2024-03-31;регион;region:TOSHKENT;Ташкентская область;1559.0;1097.0;63.0;399.0;490601.0;98397.0;23909.717;3.178;4.041;21795549;Страх_отчет(I_чорак_2025_йил_)_uz
2024-03-31;регион;region:TOSHKENT SHAHRI;город Ташкент;24663.0;20521.0;848.0;3294.0;3118737.0;800266.0;376599.060;7.908;3.438;18351886;Страх_отчет(I_чорак_2025_йил_)_uz
2024-03-31;регион;region:XORAZM;Хорезмская область;1789.0;1551.0;53.0;185.0;352672.0;105584.0;7611.392;5.073;2.963;4907410;Страх_отчет(I_чорак_2025_йил_)_uz
2024-03-31;регион;total;Республика Узбекистан;34551.0;27231.0;1483.0;5837.0;8756533.0;2140358.0;515553.672;3.946;4.292;18932602;Страх_отчет(I_чорак_2025_йил_)_uz
2024-07-01;страховщик;company:ALFA INVEST SUG'URTA KOMPANIYASI AJ;"""ALFA INVEST SUG‘URTA KOMPANIYASI"" AJ";1349.0;1010.0;81.0;258.0;147678.0;72023.0;39314.966;9.135;6.004;38925709;Страх_отчет(II_чорак_2025_йил_)_uz_—_filtr
2024-07-01;страховщик;company:ALSKOM AJ;"""ALSKOM"" AJ";5055.0;4510.0;62.0;483.0;342556.0;219855.0;24689.263;14.757;1.227;5474338;Страх_отчет(II_чорак_2025_йил_)_uz_—_filtr
2024-07-01;страховщик;company:APEX INSURANCE AJ;"""APEX INSURANCE"" AJ";4009.0;3131.0;337.0;541.0;954803.0;545386.0;415174.160;4.199;8.406;132601137;Страх_отчет(II_чорак_2025_йил_)_uz_—_filtr
2024-07-01;страховщик;company:ARIA SUG'URTA TASHKILOTI AJ;"""ARIA SUG‘URTA TASHKILOTI"" AJ";247.0;222.0;18.0;7.0;4158.0;3256.0;843.093;59.404;7.287;3797716;Страх_отчет(II_чорак_2025_йил_)_uz_—_filtr
2024-07-01;страховщик;company:ASIA INSURANCE SUG'URTA KOMPANIYASI AJ;"""ASIA INSURANCE SUG‘URTA KOMPANIYASI"" AJ";713.0;419.0;77.0;217.0;100941.0;47856.0;10489.072;7.064;10.799;25033586;Страх_отчет(II_чорак_2025_йил_)_uz_—_filtr
2024-07-01;страховщик;company:DD GENERAL INSURANCE AJ;"""DD GENERAL INSURANCE"" AJ";60.0;46.0;3.0;11.0;23723.0;0.0;1154.732;2.529;5.000;25102866;Страх_отчет(II_чорак_2025_йил_)_uz_—_filtr
2024-07-01;страховщик;company:EUROASIA INSURANCE AJ QK;"""EUROASIA INSURANCE"" AJ QK";815.0;533.0;48.0;234.0;45748.0;45721.0;8917.908;17.815;5.890;16731535;Страх_отчет(II_чорак_2025_йил_)_uz_—_filtr
2024-07-01;страховщик;company:GLOBAL INSURANCE GROUP AJ;"""GLOBAL INSURANCE GROUP"" AJ";401.0;286.0;29.0;86.0;110191.0;28371.0;11518.273;3.639;7.232;40273682;Страх_отчет(II_чорак_2025_йил_)_uz_—_filtr
2024-07-01;страховщик;company:GROSS SUG'URTA KOMPANIYASI AJ;"""GROSS SUG‘URTA KOMPANIYASI"" AJ";14957.0;14416.0;171.0;370.0;855267.0;381704.0;50695.458;17.488;1.143;3516611;Страх_отчет(II_чорак_2025_йил_)_uz_—_filtr
2024-07-01;страховщик;company:HAMKOR SUG'URTA AJ;"""HAMKOR SUG’URTA"" AJ";239.0;112.0;51.0;76.0;13853.0;13414.0;2547.497;17.253;21.339;22745506;Страх_отчет(II_чорак_2025_йил_)_uz_—_filtr
2024-07-01;страховщик;company:IMKON SUG'URTA AJ;"""IMKON SUG’URTA"" AJ";5205.0;5084.0;13.0;108.0;416961.0;60532.0;12088.983;12.483;0.250;2377849;Страх_отчет(II_чорак_2025_йил_)_uz_—_filtr
2024-07-01;страховщик;company:IMPEX-INSURANCE AJ;"""IMPEX-INSURANCE"" AJ";1064.0;712.0;53.0;299.0;115717.0;45697.0;16741.199;9.195;4.981;23512920;Страх_отчет(II_чорак_2025_йил_)_uz_—_filtr
2024-07-01;страховщик;company:INFINITY INSURANCE AJ;"""INFINITY INSURANCE"" AJ";134.0;73.0;15.0;46.0;89396.0;57732.0;839.899;1.499;11.194;11505470;Страх_отчет(II_чорак_2025_йил_)_uz_—_filtr
2024-07-01;страховщик;company:INSON AJ;"""INSON"" AJ";3105.0;2798.0;109.0;198.0;408669.0;142388.0;25282.380;7.598;3.510;9035876;Страх_отчет(II_чорак_2025_йил_)_uz_—_filtr
2024-07-01;страховщик;company:ISHONCH SUG'URTA KOMPANIYASI AJ;"""ISHONCH SUG‘URTA KOMPANIYASI"" AJ";1075.0;780.0;2.0;293.0;38167.0;11540.0;2060.816;28.166;0.186;2642072;Страх_отчет(II_чорак_2025_йил_)_uz_—_filtr
2024-07-01;страховщик;company:KAFIL SUG'URTA AJ;"""KAFIL SUG’URTA"" AJ";2124.0;375.0;1002.0;747.0;354877.0;86394.0;27844.014;5.985;47.175;74250704;Страх_отчет(II_чорак_2025_йил_)_uz_—_filtr
2024-07-01;страховщик;company:KAFOLAT SUG'URTA KOMPANIYASI AJ;"""KAFOLAT SUG‘URTA KOMPANIYASI"" AJ";1805.0;1708.0;48.0;49.0;391189.0;185763.0;59321.367;4.614;2.659;34731479;Страх_отчет(II_чорак_2025_йил_)_uz_—_filtr
2024-07-01;страховщик;company:KAPITAL SUG'URTA AJ;"""KAPITAL SUG‘URTA"" AJ";4136.0;2598.0;87.0;1451.0;889192.0;335102.0;65220.825;4.651;2.103;25104244;Страх_отчет(II_чорак_2025_йил_)_uz_—_filtr
2024-07-01;страховщик;company:MOSAIC INSURANCE GROUP AJ QK;"""MOSAIC INSURANCE GROUP"" AJ QK (ранее ""MOSAIC INSURANCE COMPANY"")";3833.0;3830.0;0.0;3.0;585.0;374.0;8381.901;6552.137;0.000;2188486;Страх_отчет(II_чорак_2025_йил_)_uz_—_filtr
2024-07-01;страховщик;company:MY-INSURANCE AJ;"""MY-INSURANCE"" AJ";4197.0;3344.0;338.0;515.0;898333.0;390533.0;127880.112;4.672;8.053;38241660;Страх_отчет(II_чорак_2025_йил_)_uz_—_filtr
2024-07-01;страховщик;company:NEO INSURANCE CORP AJ;"""NEO INSURANCE CORP"" AJ";388.0;309.0;16.0;63.0;410769.0;299564.0;2696.581;0.945;4.124;8726801;Страх_отчет(II_чорак_2025_йил_)_uz_—_filtr
2024-07-01;страховщик;company:O'ZAGROSUG'URTA AJ;"""O‘ZAGROSUG‘URTA"" AJ";2409.0;1754.0;43.0;612.0;533051.0;186131.0;21628.246;4.519;1.785;12330813;Страх_отчет(II_чорак_2025_йил_)_uz_—_filtr
2024-07-01;страховщик;company:O'ZBEKINVEST EISK AJ;"""O‘ZBEKINVEST"" EISK AJ";2982.0;2635.0;80.0;267.0;1011139.0;471696.0;47943.087;2.949;2.683;18194720;Страх_отчет(II_чорак_2025_йил_)_uz_—_filtr
2024-07-01;страховщик;company:OMAD SUG'URTA AJ;"""OMAD SUG‘URTA"" AJ";83.0;12.0;9.0;62.0;16860.0;6119.0;341.931;4.923;10.843;28494233;Страх_отчет(II_чорак_2025_йил_)_uz_—_filtr
2024-07-01;страховщик;company:QUANTUM INSURANCE AJ;"""QUANTUM INSURANCE"" AJ (ранее ""INGO-UZBEKISTON"")";761.0;712.0;18.0;31.0;28841.0;17387.0;4759.727;26.386;2.365;6685010;Страх_отчет(II_чорак_2025_йил_)_uz_—_filtr
2024-07-01;страховщик;company:SEMURG SUG'URTA AJ QK;"""SEMURG SUG‘URTA"" AJ QK";144.0;109.0;17.0;18.0;133512.0;72014.0;3150.899;1.079;11.806;28907329;Страх_отчет(II_чорак_2025_йил_)_uz_—_filtr
2024-07-01;страховщик;company:SQB INSURANCE SUG'URTA KOMPANIYASI AJ;"""SQB INSURANCE SUG‘URTA KOMPANIYASI"" AJ";1658.0;1597.0;29.0;32.0;226283.0;92611.0;22183.838;7.327;1.749;13890944;Страх_отчет(II_чорак_2025_йил_)_uz_—_filtr
2024-07-01;страховщик;company:TEMIRYO'L SUG'URTA AJ;"""TEMIRYO‘L SUG‘URTA"" AJ";1497.0;757.0;42.0;698.0;54644.0;303519.0;26779.095;27.396;2.806;35375291;Страх_отчет(II_чорак_2025_йил_)_uz_—_filtr
2024-07-01;страховщик;company:TRUST-INSURANCE AJ;"""TRUST-INSURANCE"" AJ";301.0;259.0;8.0;34.0;86801.0;46947.0;2906.378;3.468;2.658;11221538;Страх_отчет(II_чорак_2025_йил_)_uz_—_filtr
2024-07-01;страховщик;company:XALQ SUG'URTA AJ;"""XALQ SUG‘URTA"" AJ";262.0;170.0;58.0;34.0;628470.0;249808.0;4118.207;0.417;22.137;24224746;Страх_отчет(II_чорак_2025_йил_)_uz_—_filtr
2024-07-01;страховщик;total;Весь рынок;65008.0;54301.0;2864.0;7843.0;9332374.0;4419437.0;1047513.908;6.966;4.406;19290877;Страх_отчет(II_чорак_2025_йил_)_uz_—_filtr
2024-07-01;регион;region:ANDIJON;Андижанская область;1049.0;800.0;67.0;182.0;535195.0;239465.0;9658.098;1.960;6.387;12072623;Страх_отчет(II_чорак_2025_йил_)_uz_—_filtr
2024-07-01;регион;region:BUXORO;Бухарская область;1128.0;820.0;93.0;215.0;416352.0;182295.0;17829.269;2.709;8.245;21743011;Страх_отчет(II_чорак_2025_йил_)_uz_—_filtr
2024-07-01;регион;region:FARG'ONA;Ферганская область;1090.0;804.0;109.0;177.0;784356.0;354921.0;10107.842;1.390;10.000;12571942;Страх_отчет(II_чорак_2025_йил_)_uz_—_filtr
2024-07-01;регион;region:JIZZAX;Джизакская область;2615.0;2385.0;96.0;134.0;513589.0;280879.0;17414.900;5.092;3.671;7301845;Страх_отчет(II_чорак_2025_йил_)_uz_—_filtr
2024-07-01;регион;region:NAMANGAN;Наманганская область;809.0;594.0;42.0;173.0;531941.0;246083.0;9917.147;1.521;5.192;16695534;Страх_отчет(II_чорак_2025_йил_)_uz_—_filtr
2024-07-01;регион;region:NAVOIY;Навоийская область;686.0;466.0;68.0;152.0;251272.0;98105.0;11397.868;2.730;9.913;24458944;Страх_отчет(II_чорак_2025_йил_)_uz_—_filtr
2024-07-01;регион;region:QASHQADARYO;Кашкадарьинская область;1203.0;981.0;108.0;114.0;532685.0;257629.0;14477.779;2.258;8.978;14758185;Страх_отчет(II_чорак_2025_йил_)_uz_—_filtr
2024-07-01;регион;region:QORAQALPOG'ISTON RESPUBLIKASI;Республика Каракалпакстан;1638.0;1182.0;150.0;306.0;323312.0;137073.0;51750.001;5.066;9.158;43781727;Страх_отчет(II_чорак_2025_йил_)_uz_—_filtr
2024-07-01;регион;region:SAMARQAND;Самаркандская область;1012.0;776.0;81.0;155.0;574183.0;269926.0;51639.250;1.763;8.004;66545425;Страх_отчет(II_чорак_2025_йил_)_uz_—_filtr
2024-07-01;регион;region:SIRDARYO;Сырдарьинская область;584.0;436.0;44.0;104.0;170043.0;86684.0;14693.713;3.434;7.534;33701177;Страх_отчет(II_чорак_2025_йил_)_uz_—_filtr
2024-07-01;регион;region:SURXANDARYO;Сурхандарьинская область;1008.0;775.0;73.0;160.0;421290.0;181476.0;7802.983;2.393;7.242;10068365;Страх_отчет(II_чорак_2025_йил_)_uz_—_filtr
2024-07-01;регион;region:TOSHKENT;Ташкентская область;3163.0;2239.0;109.0;815.0;473909.0;183909.0;44106.441;6.674;3.446;19699170;Страх_отчет(II_чорак_2025_йил_)_uz_—_filtr
2024-07-01;регион;region:TOSHKENT SHAHRI;город Ташкент;47959.0;41342.0;1697.0;4920.0;3420849.0;1697737.0;775350.444;14.020;3.538;18754546;Страх_отчет(II_чорак_2025_йил_)_uz_—_filtr
2024-07-01;регион;region:XORAZM;Хорезмская область;1064.0;701.0;127.0;236.0;383398.0;203255.0;11368.172;2.775;11.936;16217078;Страх_отчет(II_чорак_2025_йил_)_uz_—_filtr
2024-07-01;регион;total;Республика Узбекистан;65008.0;54301.0;2864.0;7843.0;9332374.0;4419437.0;1047513.908;6.966;4.406;19290877;Страх_отчет(II_чорак_2025_йил_)_uz_—_filtr
2024-10-01;страховщик;company:ALFA INVEST SUG'URTA KOMPANIYASI AJ;"""ALFA INVEST SUG‘URTA KOMPANIYASI"" AJ";2332.0;2112.0;182.0;38.0;184958.0;119503.0;45685.542;12.608;7.804;21631412;Страх_отчет(III_чорак_2025_йил_)_uz_—_filtr
2024-10-01;страховщик;company:ALSKOM AJ;"""ALSKOM"" AJ";7758.0;7418.0;73.0;267.0;428501.0;346227.0;38861.885;18.105;0.941;5238863;Страх_отчет(III_чорак_2025_йил_)_uz_—_filtr
2024-10-01;страховщик;company:APEX INSURANCE AJ;"""APEX INSURANCE"" AJ";6177.0;5332.0;569.0;276.0;965535.0;875666.0;550821.736;6.397;9.212;103304902;Страх_отчет(III_чорак_2025_йил_)_uz_—_filtr
2024-10-01;страховщик;company:ARIA SUG'URTA TASHKILOTI AJ;"""ARIA SUG‘URTA TASHKILOTI"" AJ";442.0;398.0;31.0;13.0;5356.0;6180.0;1511.028;82.524;7.014;3796554;Страх_отчет(III_чорак_2025_йил_)_uz_—_filtr
2024-10-01;страховщик;company:ASIA INSURANCE SUG'URTA KOMPANIYASI AJ;"""ASIA INSURANCE SUG‘URTA KOMPANIYASI"" AJ";944.0;619.0;98.0;227.0;98586.0;73667.0;15486.418;9.575;10.381;25018445;Страх_отчет(III_чорак_2025_йил_)_uz_—_filtr
2024-10-01;страховщик;company:EUROASIA INSURANCE AJ QK;"""EUROASIA INSURANCE"" AJ QK";476.0;473.0;1.0;2.0;47774.0;47747.0;10920.730;9.964;0.210;23088224;Страх_отчет(III_чорак_2025_йил_)_uz_—_filtr
2024-10-01;страховщик;company:GLOBAL INSURANCE GROUP AJ;"""GLOBAL INSURANCE GROUP"" AJ";973.0;858.0;29.0;86.0;200713.0;47202.0;15700.742;4.848;2.980;18299233;Страх_отчет(III_чорак_2025_йил_)_uz_—_filtr
2024-10-01;страховщик;company:GROSS SUG'URTA KOMPANIYASI AJ;"""GROSS SUG‘URTA KOMPANIYASI"" AJ";22441.0;21928.0;185.0;328.0;1020712.0;621631.0;84828.217;21.986;0.824;3868489;Страх_отчет(III_чорак_2025_йил_)_uz_—_filtr
2024-10-01;страховщик;company:HAMKOR SUG'URTA AJ;"""HAMKOR SUG’URTA"" AJ";306.0;159.0;82.0;65.0;18578.0;17946.0;3645.102;16.471;26.797;22925173;Страх_отчет(III_чорак_2025_йил_)_uz_—_filtr
2024-10-01;страховщик;company:IMKON SUG'URTA AJ;"""IMKON SUG’URTA"" AJ";7801.0;7766.0;29.0;6.0;351613.0;81664.0;17407.371;22.186;0.372;2241485;Страх_отчет(III_чорак_2025_йил_)_uz_—_filtr
2024-10-01;страховщик;company:IMPEX-INSURANCE AJ;"""IMPEX-INSURANCE"" AJ";1623.0;1080.0;134.0;409.0;106186.0;69314.0;28203.793;15.285;8.256;26114623;Страх_отчет(III_чорак_2025_йил_)_uz_—_filtr
2024-10-01;страховщик;company:INFINITY INSURANCE AJ;"""INFINITY INSURANCE"" AJ";409.0;320.0;38.0;51.0;107586.0;89027.0;2235.226;3.802;9.291;6985081;Страх_отчет(III_чорак_2025_йил_)_uz_—_filtr
2024-10-01;страховщик;company:INSON AJ;"""INSON"" AJ";4606.0;4138.0;173.0;295.0;420545.0;213534.0;35778.804;10.952;3.756;8646400;Страх_отчет(III_чорак_2025_йил_)_uz_—_filtr
2024-10-01;страховщик;company:ISHONCH SUG'URTA KOMPANIYASI AJ;"""ISHONCH SUG‘URTA KOMPANIYASI"" AJ";1539.0;1245.0;8.0;286.0;43432.0;25591.0;4533.188;35.435;0.520;3641115;Страх_отчет(III_чорак_2025_йил_)_uz_—_filtr
2024-10-01;страховщик;company:KAFIL SUG'URTA AJ;"""KAFIL SUG’URTA"" AJ";4860.0;4595.0;236.0;29.0;414842.0;173430.0;38185.699;11.715;4.856;8310272;Страх_отчет(III_чорак_2025_йил_)_uz_—_filtr
2024-10-01;страховщик;company:KAFOLAT SUG'URTA KOMPANIYASI AJ;"""KAFOLAT SUG‘URTA KOMPANIYASI"" AJ";2435.0;2309.0;69.0;57.0;404487.0;285083.0;83217.363;6.020;2.834;36040434;Страх_отчет(III_чорак_2025_йил_)_uz_—_filtr
2024-10-01;страховщик;company:KAPITAL SUG'URTA AJ;"""KAPITAL SUG‘URTA"" AJ";5623.0;4850.0;158.0;615.0;809842.0;469173.0;107253.107;6.943;2.810;22114043;Страх_отчет(III_чорак_2025_йил_)_uz_—_filtr
2024-10-01;страховщик;company:MOSAIC INSURANCE GROUP AJ QK;"""MOSAIC INSURANCE GROUP"" AJ QK (ранее ""MOSAIC INSURANCE COMPANY"")";4940.0;4934.0;0.0;6.0;662.0;573.0;10152.862;7462.236;0.000;2057734;Страх_отчет(III_чорак_2025_йил_)_uz_—_filtr
2024-10-01;страховщик;company:MY-INSURANCE AJ;"""MY-INSURANCE"" AJ";4769.0;3927.0;399.0;443.0;1003073.0;636790.0;145361.687;4.754;8.367;37015963;Страх_отчет(III_чорак_2025_йил_)_uz_—_filtr
2024-10-01;страховщик;company:NEO INSURANCE CORP AJ;"""NEO INSURANCE CORP"" AJ";1543.0;1416.0;104.0;23.0;507540.0;439545.0;6962.406;3.040;6.740;4916953;Страх_отчет(III_чорак_2025_йил_)_uz_—_filtr
2024-10-01;страховщик;company:O'ZAGROSUG'URTA AJ;"""O‘ZAGROSUG‘URTA"" AJ";2886.0;2701.0;33.0;152.0;485334.0;287264.0;35454.417;5.946;1.143;13126404;Страх_отчет(III_чорак_2025_йил_)_uz_—_filtr
2024-10-01;страховщик;company:O'ZBEKINVEST EISK AJ;"""O‘ZBEKINVEST"" EISK AJ";4236.0;3802.0;131.0;303.0;1014368.0;731260.0;142084.805;4.176;3.093;37371069;Страх_отчет(III_чорак_2025_йил_)_uz_—_filtr
2024-10-01;страховщик;company:O'ZBEKISTON QAYTA SUG'URTA KOMPANIYASI MQST AJ;"""O‘ZBEKISTON QAYTA SUG‘URTA KOMPANIYASI"" MQST AJ";0.0;;;0.0;0.0;0.0;0.000;;;;Страх_отчет(III_чорак_2025_йил_)_uz_—_filtr
2024-10-01;страховщик;company:OMAD SUG'URTA AJ;"""OMAD SUG‘URTA"" AJ";107.0;41.0;18.0;48.0;17286.0;7084.0;2703.326;6.190;16.822;65934771;Страх_отчет(III_чорак_2025_йил_)_uz_—_filtr
2024-10-01;страховщик;company:QUANTUM INSURANCE AJ;"""QUANTUM INSURANCE"" AJ (ранее ""INGO-UZBEKISTON"")";1302.0;1246.0;27.0;29.0;38391.0;30071.0;11971.604;33.914;2.074;9608029;Страх_отчет(III_чорак_2025_йил_)_uz_—_filtr
2024-10-01;страховщик;company:SEMURG SUG'URTA AJ QK;"""SEMURG SUG‘URTA"" AJ QK";894.0;761.0;91.0;42.0;142014.0;107266.0;6064.979;6.295;10.179;7969750;Страх_отчет(III_чорак_2025_йил_)_uz_—_filtr
2024-10-01;страховщик;company:SQB INSURANCE SUG'URTA KOMPANIYASI AJ;"""SQB INSURANCE SUG‘URTA KOMPANIYASI"" AJ";2309.0;2266.0;43.0;0.0;210279.0;134428.0;31132.009;10.981;1.862;13738751;Страх_отчет(III_чорак_2025_йил_)_uz_—_filtr
2024-10-01;страховщик;company:TEMIRYO'L SUG'URTA AJ;"""TEMIRYO‘L SUG‘URTA"" AJ";4700.0;1478.0;72.0;3150.0;70118.0;441193.0;40455.589;67.030;1.532;27371846;Страх_отчет(III_чорак_2025_йил_)_uz_—_filtr
2024-10-01;страховщик;company:TRUST-INSURANCE AJ;"""TRUST-INSURANCE"" AJ";461.0;407.0;13.0;41.0;81351.0;86499.0;6581.012;5.667;2.820;16169563;Страх_отчет(III_чорак_2025_йил_)_uz_—_filtr
2024-10-01;страховщик;company:XALQ SUG'URTA AJ;"""XALQ SUG‘URTA"" AJ";425.0;295.0;89.0;41.0;731721.0;385965.0;13016.852;0.581;20.941;44124923;Страх_отчет(III_чорак_2025_йил_)_uz_—_filtr
2024-10-01;страховщик;total;Весь рынок;99317.0;88874.0;3115.0;7328.0;9931383.0;6850523.0;1536217.499;10.000;3.136;17285342;Страх_отчет(III_чорак_2025_йил_)_uz_—_filtr
2024-10-01;регион;region:ANDIJON;Андижанская область;1373.0;1176.0;94.0;103.0;552130.0;351924.0;13282.880;2.487;6.846;11294966;Страх_отчет(III_чорак_2025_йил_)_uz_—_filtr
2024-10-01;регион;region:BUXORO;Бухарская область;1498.0;1198.0;119.0;181.0;419217.0;270170.0;24245.377;3.573;7.944;20238211;Страх_отчет(III_чорак_2025_йил_)_uz_—_filtr
2024-10-01;регион;region:FARG'ONA;Ферганская область;1549.0;1243.0;147.0;159.0;795585.0;535561.0;17515.189;1.947;9.490;14091061;Страх_отчет(III_чорак_2025_йил_)_uz_—_filtr
2024-10-01;регион;region:JIZZAX;Джизакская область;3238.0;3017.0;150.0;71.0;575927.0;439698.0;28594.693;5.622;4.632;9477856;Страх_отчет(III_чорак_2025_йил_)_uz_—_filtr
2024-10-01;регион;region:NAMANGAN;Наманганская область;1038.0;902.0;67.0;69.0;519747.0;356924.0;12639.404;1.997;6.455;14012643;Страх_отчет(III_чорак_2025_йил_)_uz_—_filtr
2024-10-01;регион;region:NAVOIY;Навоийская область;992.0;785.0;97.0;110.0;260268.0;147130.0;20026.460;3.811;9.778;25511414;Страх_отчет(III_чорак_2025_йил_)_uz_—_filtr
2024-10-01;регион;region:QASHQADARYO;Кашкадарьинская область;1865.0;1657.0;130.0;78.0;531422.0;366114.0;21946.369;3.509;6.971;13244640;Страх_отчет(III_чорак_2025_йил_)_uz_—_filtr
2024-10-01;регион;region:QORAQALPOG'ISTON RESPUBLIKASI;Республика Каракалпакстан;2228.0;1854.0;218.0;156.0;327115.0;203198.0;59980.375;6.811;9.785;32351874;Страх_отчет(III_чорак_2025_йил_)_uz_—_filtr
2024-10-01;регион;region:SAMARQAND;Самаркандская область;1407.0;1151.0;120.0;136.0;606170.0;397407.0;58517.734;2.321;8.529;50840777;Страх_отчет(III_чорак_2025_йил_)_uz_—_filtr
2024-10-01;регион;region:SIRDARYO;Сырдарьинская область;819.0;657.0;64.0;98.0;175323.0;126482.0;18348.153;4.671;7.814;27927173;Страх_отчет(III_чорак_2025_йил_)_uz_—_filtr
2024-10-01;регион;region:SURXANDARYO;Сурхандарьинская область;1422.0;1206.0;99.0;117.0;441303.0;274925.0;13184.083;3.222;6.962;10932076;Страх_отчет(III_чорак_2025_йил_)_uz_—_filtr
2024-10-01;регион;region:TOSHKENT;Ташкентская область;3954.0;3408.0;141.0;405.0;415373.0;261803.0;59957.008;9.519;3.566;17593019;Страх_отчет(III_чорак_2025_йил_)_uz_—_filtr
2024-10-01;регион;region:TOSHKENT SHAHRI;город Ташкент;76522.0;69489.0;1518.0;5515.0;3907560.0;2819898.0;1168901.832;19.583;1.984;16821394;Страх_отчет(III_чорак_2025_йил_)_uz_—_filtr
2024-10-01;регион;region:XORAZM;Хорезмская область;1412.0;1131.0;151.0;130.0;404243.0;299289.0;19077.941;3.493;10.694;16868206;Страх_отчет(III_чорак_2025_йил_)_uz_—_filtr
2024-10-01;регион;total;Республика Узбекистан;99317.0;88874.0;3115.0;7328.0;9931383.0;6850523.0;1536217.499;10.000;3.136;17285342;Страх_отчет(III_чорак_2025_йил_)_uz_—_filtr
2025-01-01;страховщик;company:ALFA INVEST SUG'URTA KOMPANIYASI AJ;"""ALFA INVEST SUG‘URTA KOMPANIYASI"" AJ";2686.0;2414.0;223.0;49.0;198144.0;148914.0;59189.538;13.556;8.302;24519279;Страх_отчет(IV_чорак_2025_йил_)_uz_—_filtr
2025-01-01;страховщик;company:ALSKOM AJ;"""ALSKOM"" AJ";11263.0;10871.0;92.0;300.0;601513.0;512681.0;58982.301;18.724;0.817;5425656;Страх_отчет(IV_чорак_2025_йил_)_uz_—_filtr
2025-01-01;страховщик;company:APEX INSURANCE AJ;"""APEX INSURANCE"" AJ";9551.0;7903.0;1394.0;254.0;805806.0;1128886.0;693618.300;11.853;14.595;87766456;Страх_отчет(IV_чорак_2025_йил_)_uz_—_filtr
2025-01-01;страховщик;company:ARIA SUG'URTA TASHKILOTI AJ;"""ARIA SUG‘URTA TASHKILOTI"" AJ";651.0;601.0;38.0;12.0;5757.0;8994.0;1844.051;113.080;5.837;3068304;Страх_отчет(IV_чорак_2025_йил_)_uz_—_filtr
2025-01-01;страховщик;company:ASIA INSURANCE SUG'URTA KOMPANIYASI AJ;"""ASIA INSURANCE SUG‘URTA KOMPANIYASI"" AJ";1193.0;846.0;152.0;195.0;109288.0;109067.0;21423.878;10.916;12.741;25323733;Страх_отчет(IV_чорак_2025_йил_)_uz_—_filtr
2025-01-01;страховщик;company:EUROASIA INSURANCE AJ QK;"""EUROASIA INSURANCE"" AJ QK";1024.0;948.0;56.0;20.0;44018.0;47261.0;14436.136;23.263;5.469;15227991;Страх_отчет(IV_чорак_2025_йил_)_uz_—_filtr
2025-01-01;страховщик;company:GLOBAL INSURANCE GROUP AJ;"""GLOBAL INSURANCE GROUP"" AJ";5942.0;5692.0;95.0;155.0;220022.0;66511.0;23975.619;27.006;1.599;4212161;Страх_отчет(IV_чорак_2025_йил_)_uz_—_filtr
2025-01-01;страховщик;company:GROSS SUG'URTA KOMPANIYASI AJ;"""GROSS SUG‘URTA KOMPANIYASI"" AJ";33664.0;33230.0;339.0;95.0;1179397.0;860914.0;109642.279;28.543;1.007;3299497;Страх_отчет(IV_чорак_2025_йил_)_uz_—_filtr
2025-01-01;страховщик;company:HAMKOR SUG'URTA AJ;"""HAMKOR SUG’URTA"" AJ";369.0;200.0;112.0;57.0;26831.0;26182.0;4704.292;13.753;30.352;23521459;Страх_отчет(IV_чорак_2025_йил_)_uz_—_filtr
2025-01-01;страховщик;company:IMKON SUG'URTA AJ;"""IMKON SUG’URTA"" AJ";10188.0;9883.0;29.0;276.0;358249.0;106950.0;23339.734;28.438;0.285;2361604;Страх_отчет(IV_чорак_2025_йил_)_uz_—_filtr
2025-01-01;страховщик;company:IMPEX-INSURANCE AJ;"""IMPEX-INSURANCE"" AJ";2392.0;1507.0;503.0;382.0;93396.0;90098.0;51672.444;25.611;21.028;34288284;Страх_отчет(IV_чорак_2025_йил_)_uz_—_filtr
2025-01-01;страховщик;company:INFINITY INSURANCE AJ;"""INFINITY INSURANCE"" AJ";1035.0;949.0;71.0;15.0;104891.0;103207.0;7033.185;9.867;6.860;7411154;Страх_отчет(IV_чорак_2025_йил_)_uz_—_filtr
2025-01-01;страховщик;company:INSON AJ;"""INSON"" AJ";6074.0;5692.0;188.0;194.0;402022.0;271502.0;48290.044;15.109;3.095;8483845;Страх_отчет(IV_чорак_2025_йил_)_uz_—_filtr
2025-01-01;страховщик;company:ISHONCH SUG'URTA KOMPANIYASI AJ;"""ISHONCH SUG‘URTA KOMPANIYASI"" AJ";2276.0;1845.0;10.0;421.0;46850.0;39810.0;6344.619;48.581;0.439;3438818;Страх_отчет(IV_чорак_2025_йил_)_uz_—_filtr
2025-01-01;страховщик;company:KAFIL SUG'URTA AJ;"""KAFIL SUG’URTA"" AJ";5517.0;5242.0;257.0;18.0;497478.0;263894.0;77489.182;11.090;4.658;14782370;Страх_отчет(IV_чорак_2025_йил_)_uz_—_filtr
2025-01-01;страховщик;company:KAFOLAT SUG'URTA KOMPANIYASI AJ;"""KAFOLAT SUG‘URTA KOMPANIYASI"" AJ";3050.0;2924.0;93.0;33.0;405701.0;397997.0;104848.332;7.518;3.049;35857843;Страх_отчет(IV_чорак_2025_йил_)_uz_—_filtr
2025-01-01;страховщик;company:KAPITAL SUG'URTA AJ;"""KAPITAL SUG‘URTA"" AJ";7316.0;6667.0;184.0;465.0;636958.0;561297.0;152313.384;11.486;2.515;22845865;Страх_отчет(IV_чорак_2025_йил_)_uz_—_filtr
2025-01-01;страховщик;company:MOSAIC INSURANCE GROUP AJ QK;"""MOSAIC INSURANCE GROUP"" AJ QK (ранее ""MOSAIC INSURANCE COMPANY"")";7416.0;7356.0;0.0;60.0;743.0;923.0;13197.026;9981.157;0.000;1794049;Страх_отчет(IV_чорак_2025_йил_)_uz_—_filtr
2025-01-01;страховщик;company:MY-INSURANCE AJ;"""MY-INSURANCE"" AJ";5224.0;4526.0;464.0;234.0;1090260.0;1072209.0;165746.267;4.792;8.882;36620916;Страх_отчет(IV_чорак_2025_йил_)_uz_—_filtr
2025-01-01;страховщик;company:NEO INSURANCE CORP AJ;"""NEO INSURANCE CORP"" AJ";4961.0;4578.0;146.0;237.0;521862.0;563819.0;11920.279;9.506;2.943;2603818;Страх_отчет(IV_чорак_2025_йил_)_uz_—_filtr
2025-01-01;страховщик;company:O'ZAGROSUG'URTA AJ;"""O‘ZAGROSUG‘URTA"" AJ";3423.0;3241.0;46.0;136.0;428115.0;389865.0;43783.437;7.996;1.344;13509237;Страх_отчет(IV_чорак_2025_йил_)_uz_—_filtr
2025-01-01;страховщик;company:O'ZBEKINVEST EISK AJ;"""O‘ZBEKINVEST"" EISK AJ";5604.0;5084.0;189.0;331.0;986757.0;1013534.0;156775.185;5.679;3.373;30836976;Страх_отчет(IV_чорак_2025_йил_)_uz_—_filtr
2025-01-01;страховщик;company:O'ZBEKISTON QAYTA SUG'URTA KOMPANIYASI MQST AJ;"""O‘ZBEKISTON QAYTA SUG‘URTA KOMPANIYASI"" MQST AJ";0.0;0.0;0.0;0.0;0.0;0.0;0.000;;;;Страх_отчет(IV_чорак_2025_йил_)_uz_—_filtr
2025-01-01;страховщик;company:OMAD SUG'URTA AJ;"""OMAD SUG‘URTA"" AJ";141.0;50.0;54.0;37.0;16985.0;7736.0;3118.060;8.301;38.298;62361192;Страх_отчет(IV_чорак_2025_йил_)_uz_—_filtr
2025-01-01;страховщик;company:QUANTUM INSURANCE AJ;"""QUANTUM INSURANCE"" AJ (ранее ""INGO-UZBEKISTON"")";1865.0;1797.0;40.0;28.0;48430.0;45619.0;14280.375;38.509;2.145;7946786;Страх_отчет(IV_чорак_2025_йил_)_uz_—_filtr
2025-01-01;страховщик;company:SEMURG SUG'URTA AJ QK;"""SEMURG SUG‘URTA"" AJ QK";1756.0;1654.0;60.0;42.0;140995.0;138278.0;9164.911;12.454;3.417;5541059;Страх_отчет(IV_чорак_2025_йил_)_uz_—_filtr
2025-01-01;страховщик;company:SQB INSURANCE SUG'URTA KOMPANIYASI AJ;"""SQB INSURANCE SUG‘URTA KOMPANIYASI"" AJ";3200.0;3133.0;67.0;0.0;199866.0;159534.0;54251.413;16.011;2.094;17316123;Страх_отчет(IV_чорак_2025_йил_)_uz_—_filtr
2025-01-01;страховщик;company:TEMIRYO'L SUG'URTA AJ;"""TEMIRYO‘L SUG‘URTA"" AJ";4682.0;2823.0;110.0;1749.0;80614.0;525856.0;88359.021;58.079;2.349;31299689;Страх_отчет(IV_чорак_2025_йил_)_uz_—_filtr
2025-01-01;страховщик;company:TRUST-INSURANCE AJ;"""TRUST-INSURANCE"" AJ";651.0;560.0;14.0;77.0;127473.0;111379.0;37245.036;5.107;2.151;66508993;Страх_отчет(IV_чорак_2025_йил_)_uz_—_filtr
2025-01-01;страховщик;company:XALQ SUG'URTA AJ;"""XALQ SUG‘URTA"" AJ";595.0;413.0;124.0;58.0;766377.0;467942.0;16130.790;0.776;20.840;39057603;Страх_отчет(IV_чорак_2025_йил_)_uz_—_filtr
2025-01-01;страховщик;total;Весь рынок;143709.0;132629.0;5150.0;5930.0;10144798.0;9240859.0;2073119.119;14.166;3.584;15630964;Страх_отчет(IV_чорак_2025_йил_)_uz_—_filtr
2025-01-01;регион;region:ANDIJON;Андижанская область;1910.0;1655.0;143.0;112.0;547377.0;463498.0;17531.070;3.489;7.487;10592791;Страх_отчет(IV_чорак_2025_йил_)_uz_—_filtr
2025-01-01;регион;region:BUXORO;Бухарская область;2130.0;1780.0;190.0;160.0;402483.0;359423.0;33014.772;5.292;8.920;18547625;Страх_отчет(IV_чорак_2025_йил_)_uz_—_filtr
2025-01-01;регион;region:FARG'ONA;Ферганская область;2257.0;1819.0;277.0;161.0;839662.0;685713.0;39562.907;2.688;12.273;21749812;Страх_отчет(IV_чорак_2025_йил_)_uz_—_filtr
2025-01-01;регион;region:JIZZAX;Джизакская область;3566.0;3302.0;196.0;68.0;607930.0;606304.0;40236.425;5.866;5.496;12185471;Страх_отчет(IV_чорак_2025_йил_)_uz_—_filtr
2025-01-01;регион;region:NAMANGAN;Наманганская область;1351.0;1167.0;107.0;77.0;483631.0;430718.0;14631.372;2.793;7.920;12537594;Страх_отчет(IV_чорак_2025_йил_)_uz_—_filtr
2025-01-01;регион;region:NAVOIY;Навоийская область;1481.0;1265.0;137.0;79.0;258720.0;196037.0;28232.504;5.724;9.251;22318185;Страх_отчет(IV_чорак_2025_йил_)_uz_—_filtr
2025-01-01;регион;region:QASHQADARYO;Кашкадарьинская область;2864.0;2597.0;183.0;84.0;548704.0;510786.0;32664.389;5.220;6.390;12577739;Страх_отчет(IV_чорак_2025_йил_)_uz_—_filtr
2025-01-01;регион;region:QORAQALPOG'ISTON RESPUBLIKASI;Республика Каракалпакстан;3100.0;2593.0;378.0;129.0;281437.0;269999.0;69841.516;11.015;12.194;26934638;Страх_отчет(IV_чорак_2025_йил_)_uz_—_filtr
2025-01-01;регион;region:SAMARQAND;Самаркандская область;2032.0;1668.0;219.0;145.0;703706.0;609474.0;66884.420;2.888;10.778;40098573;Страх_отчет(IV_чорак_2025_йил_)_uz_—_filtr
2025-01-01;регион;region:SIRDARYO;Сырдарьинская область;1127.0;926.0;118.0;83.0;168674.0;185775.0;23482.752;6.682;10.470;25359343;Страх_отчет(IV_чорак_2025_йил_)_uz_—_filtr
2025-01-01;регион;region:SURXANDARYO;Сурхандарьинская область;1961.0;1648.0;148.0;165.0;447379.0;366976.0;18509.778;4.383;7.547;11231661;Страх_отчет(IV_чорак_2025_йил_)_uz_—_filtr
2025-01-01;регион;region:TOSHKENT;Ташкентская область;4914.0;4382.0;241.0;291.0;339590.0;307698.0;73339.316;14.470;4.904;16736494;Страх_отчет(IV_чорак_2025_йил_)_uz_—_filtr
2025-01-01;регион;region:TOSHKENT SHAHRI;город Ташкент;112948.0;106147.0;2572.0;4229.0;4138947.0;3833550.0;1587385.263;27.289;2.277;14954594;Страх_отчет(IV_чорак_2025_йил_)_uz_—_filtr
2025-01-01;регион;region:XORAZM;Хорезмская область;2068.0;1680.0;241.0;147.0;376558.0;414908.0;27802.636;5.492;11.654;16549188;Страх_отчет(IV_чорак_2025_йил_)_uz_—_filtr
2025-01-01;регион;total;Республика Узбекистан;143709.0;132629.0;5150.0;5930.0;10144798.0;9240859.0;2073119.119;14.166;3.584;15630964;Страх_отчет(IV_чорак_2025_йил_)_uz_—_filtr
2025-03-31;страховщик;company:ALFA INVEST SUG'URTA KOMPANIYASI AJ;"""ALFA INVEST SUG‘URTA KOMPANIYASI"" AJ";3267.0;3051.0;144.0;72.0;219302.0;38014.0;11450.196;14.897;4.408;3752932;Страх_отчет(I_чорак_2025_йил_)_uz
2025-03-31;страховщик;company:ALSKOM AJ;"""ALSKOM"" AJ";3391.0;3329.0;18.0;44.0;642827.0;191339.0;21210.620;5.275;0.531;6371469;Страх_отчет(I_чорак_2025_йил_)_uz
2025-03-31;страховщик;company:APEX INSURANCE AJ;"""APEX INSURANCE"" AJ";2441.0;2017.0;307.0;117.0;988518.0;325352.0;76993.672;2.469;12.577;38172371;Страх_отчет(I_чорак_2025_йил_)_uz
2025-03-31;страховщик;company:ARIA SUG'URTA TASHKILOTI AJ;"""ARIA SUG‘URTA TASHKILOTI"" AJ";230.0;212.0;7.0;11.0;5332.0;2119.0;557.832;43.136;3.043;2631284;Страх_отчет(I_чорак_2025_йил_)_uz
2025-03-31;страховщик;company:ASIA INSURANCE SUG'URTA KOMPANIYASI AJ;"""ASIA INSURANCE SUG‘URTA KOMPANIYASI"" AJ";394.0;217.0;31.0;146.0;129018.0;43252.0;5476.868;3.054;7.868;25239022;Страх_отчет(I_чорак_2025_йил_)_uz
2025-03-31;страховщик;company:DD GENERAL INSURANCE AJ;"""DD GENERAL INSURANCE"" AJ";0.0;0.0;0.0;0.0;0.0;0.0;0.000;;;;Страх_отчет(I_чорак_2025_йил_)_uz
2025-03-31;страховщик;company:EUROASIA INSURANCE AJ QK;"""EUROASIA INSURANCE"" AJ QK";149.0;55.0;4.0;90.0;199.0;199.0;5255.808;748.744;2.685;95560142;Страх_отчет(I_чорак_2025_йил_)_uz
2025-03-31;страховщик;company:GLOBAL INSURANCE GROUP AJ;"""GLOBAL INSURANCE GROUP"" AJ";1021.0;928.0;10.0;83.0;93772.0;23702.0;6325.887;10.888;0.979;6816689;Страх_отчет(I_чорак_2025_йил_)_uz
2025-03-31;страховщик;company:GROSS SUG'URTA KOMPANIYASI AJ;"""GROSS SUG‘URTA KOMPANIYASI"" AJ";6386.0;6150.0;65.0;171.0;853307.0;249035.0;40450.951;7.484;1.018;6577390;Страх_отчет(I_чорак_2025_йил_)_uz
2025-03-31;страховщик;company:HAMKOR SUG'URTA AJ;"""HAMKOR SUG’URTA"" AJ";137.0;60.0;32.0;45.0;7925.0;7924.0;930.924;17.287;23.358;15515398;Страх_отчет(I_чорак_2025_йил_)_uz
2025-03-31;страховщик;company:IMKON SUG'URTA AJ;"""IMKON SUG’URTA"" AJ";1982.0;1956.0;5.0;21.0;304237.0;8562.0;4837.493;6.515;0.252;2473156;Страх_отчет(I_чорак_2025_йил_)_uz
2025-03-31;страховщик;company:IMPEX-INSURANCE AJ;"""IMPEX-INSURANCE"" AJ";597.0;339.0;237.0;21.0;109774.0;34163.0;18113.375;5.438;39.698;53431783;Страх_отчет(I_чорак_2025_йил_)_uz
2025-03-31;страховщик;company:INFINITY INSURANCE AJ;"""INFINITY INSURANCE"" AJ";578.0;550.0;13.0;15.0;93784.0;6718.0;4527.353;6.163;2.249;8231551;Страх_отчет(I_чорак_2025_йил_)_uz
2025-03-31;страховщик;company:INSON AJ;"""INSON"" AJ";1340.0;1116.0;67.0;157.0;374170.0;36930.0;10086.183;3.581;5.000;9037799;Страх_отчет(I_чорак_2025_йил_)_uz
2025-03-31;страховщик;company:ISHONCH SUG'URTA KOMPANIYASI AJ;"""ISHONCH SUG‘URTA KOMPANIYASI"" AJ";936.0;704.0;3.0;229.0;64240.0;22000.0;4048.775;14.570;0.321;5751101;Страх_отчет(I_чорак_2025_йил_)_uz
2025-03-31;страховщик;company:KAFIL SUG'URTA AJ;"""KAFIL SUG’URTA"" AJ";2637.0;2575.0;49.0;13.0;552142.0;79666.0;19921.014;4.776;1.858;7736316;Страх_отчет(I_чорак_2025_йил_)_uz
2025-03-31;страховщик;company:KAFOLAT SUG'URTA KOMPANIYASI AJ;"""KAFOLAT SUG‘URTA KOMPANIYASI"" AJ";3999.0;3893.0;34.0;72.0;431940.0;116644.0;53074.244;9.258;0.850;13633251;Страх_отчет(I_чорак_2025_йил_)_uz
2025-03-31;страховщик;company:KAPITAL SUG'URTA AJ;"""KAPITAL SUG‘URTA"" AJ";15574.0;14835.0;53.0;686.0;420707.0;211801.0;20867.163;37.019;0.340;1406617;Страх_отчет(I_чорак_2025_йил_)_uz
2025-03-31;страховщик;company:MOSAIC INSURANCE GROUP AJ QK;"""MOSAIC INSURANCE GROUP"" AJ QK (ранее ""MOSAIC INSURANCE COMPANY"")";996.0;986.0;0.0;10.0;714.0;176.0;1429.282;1394.958;0.000;1449576;Страх_отчет(I_чорак_2025_йил_)_uz
2025-03-31;страховщик;company:MY-INSURANCE AJ;"""MY-INSURANCE"" AJ";1916.0;1577.0;26.0;313.0;1168644.0;294024.0;145715.204;1.640;1.357;92400256;Страх_отчет(I_чорак_2025_йил_)_uz
2025-03-31;страховщик;company:NEO INSURANCE CORP AJ;"""NEO INSURANCE CORP"" AJ";864.0;668.0;55.0;141.0;486656.0;96677.0;5112.743;1.775;6.366;7653807;Страх_отчет(I_чорак_2025_йил_)_uz
2025-03-31;страховщик;company:O'ZAGROSUG'URTA AJ;"""O‘ZAGROSUG‘URTA"" AJ";674.0;515.0;29.0;130.0;384166.0;67812.0;13627.072;1.754;4.303;26460334;Страх_отчет(I_чорак_2025_йил_)_uz
2025-03-31;страховщик;company:O'ZBEKINVEST EISK AJ;"""O‘ZBEKINVEST"" EISK AJ";1560.0;1007.0;50.0;503.0;805928.0;315222.0;41269.578;1.936;3.205;40982699;Страх_отчет(I_чорак_2025_йил_)_uz
2025-03-31;страховщик;company:OMAD SUG'URTA AJ;"""OMAD SUG‘URTA"" AJ";71.0;15.0;2.0;54.0;15930.0;0.0;2722.779;4.457;2.817;181518627;Страх_отчет(I_чорак_2025_йил_)_uz
2025-03-31;страховщик;company:QUANTUM INSURANCE AJ;"""QUANTUM INSURANCE"" AJ (ранее ""INGO-UZBEKISTON"")";499.0;470.0;11.0;18.0;62959.0;20435.0;3121.954;7.926;2.204;6642455;Страх_отчет(I_чорак_2025_йил_)_uz
2025-03-31;страховщик;company:SEMURG SUG'URTA AJ QK;"""SEMURG SUG‘URTA"" AJ QK";302.0;259.0;8.0;35.0;144009.0;39343.0;2365.355;2.097;2.649;9132646;Страх_отчет(I_чорак_2025_йил_)_uz
2025-03-31;страховщик;company:SQB INSURANCE SUG'URTA KOMPANIYASI AJ;"""SQB INSURANCE SUG‘URTA KOMPANIYASI"" AJ";928.0;919.0;9.0;0.0;193868.0;19482.0;17780.197;4.787;0.970;19347331;Страх_отчет(I_чорак_2025_йил_)_uz
2025-03-31;страховщик;company:TEMIRYO'L SUG'URTA AJ;"""TEMIRYO‘L SUG‘URTA"" AJ";2296.0;542.0;24.0;1730.0;87272.0;92134.0;21249.468;26.309;1.045;39205661;Страх_отчет(I_чорак_2025_йил_)_uz
2025-03-31;страховщик;company:TRUST-INSURANCE AJ;"""TRUST-INSURANCE"" AJ";260.0;152.0;5.0;103.0;158033.0;42039.0;30417.873;1.645;1.923;200117586;Страх_отчет(I_чорак_2025_йил_)_uz
2025-03-31;страховщик;company:UNIVERSAL SUG'URTA AJ;"""UNIVERSAL SUG‘URTA"" AJ";0.0;0.0;0.0;0.0;0.0;0.0;0.000;;;;Страх_отчет(I_чорак_2025_йил_)_uz
2025-03-31;страховщик;company:XALQ SUG'URTA AJ;"""XALQ SUG‘URTA"" AJ";1665.0;1531.0;43.0;91.0;766248.0;104429.0;7401.447;2.173;2.583;4834387;Страх_отчет(I_чорак_2025_йил_)_uz
2025-03-31;страховщик;total;Весь рынок;57090.0;50628.0;1341.0;5121.0;9565621.0;2489193.0;596341.310;5.968;2.349;11778883;Страх_отчет(I_чорак_2025_йил_)_uz
2025-03-31;регион;region:ANDIJON;Андижанская область;528.0;378.0;29.0;121.0;458642.0;114740.0;5970.197;1.151;5.492;15794173;Страх_отчет(I_чорак_2025_йил_)_uz
2025-03-31;регион;region:BUXORO;Бухарская область;576.0;371.0;49.0;156.0;353604.0;90407.0;5469.090;1.629;8.507;14741482;Страх_отчет(I_чорак_2025_йил_)_uz
2025-03-31;регион;region:FARG'ONA;Ферганская область;678.0;464.0;54.0;160.0;731805.0;186718.0;43770.394;0.926;7.965;94332746;Страх_отчет(I_чорак_2025_йил_)_uz
2025-03-31;регион;region:JIZZAX;Джизакская область;371.0;272.0;30.0;69.0;603068.0;150525.0;2930.602;0.615;8.086;10774274;Страх_отчет(I_чорак_2025_йил_)_uz
2025-03-31;регион;region:NAMANGAN;Наманганская область;341.0;250.0;35.0;56.0;430240.0;110682.0;17087.300;0.793;10.264;68349199;Страх_отчет(I_чорак_2025_йил_)_uz
2025-03-31;регион;region:NAVOIY;Навоийская область;388.0;266.0;42.0;80.0;225758.0;49529.0;8311.527;1.719;10.825;31246343;Страх_отчет(I_чорак_2025_йил_)_uz
2025-03-31;регион;region:QASHQADARYO;Кашкадарьинская область;836.0;723.0;37.0;76.0;535424.0;126287.0;10996.407;1.561;4.426;15209416;Страх_отчет(I_чорак_2025_йил_)_uz
2025-03-31;регион;region:QORAQALPOG'ISTON RESPUBLIKASI;Республика Каракалпакстан;742.0;562.0;56.0;124.0;273322.0;61102.0;53277.670;2.715;7.547;94800125;Страх_отчет(I_чорак_2025_йил_)_uz
2025-03-31;регион;region:SAMARQAND;Самаркандская область;590.0;422.0;53.0;115.0;625772.0;153010.0;15002.547;0.943;8.983;35551059;Страх_отчет(I_чорак_2025_йил_)_uz
2025-03-31;регион;region:SIRDARYO;Сырдарьинская область;366.0;271.0;11.0;84.0;164146.0;44748.0;20716.648;2.230;3.005;76445197;Страх_отчет(I_чорак_2025_йил_)_uz
2025-03-31;регион;region:SURXANDARYO;Сурхандарьинская область;619.0;466.0;39.0;114.0;391831.0;87834.0;34803.471;1.580;6.300;74685560;Страх_отчет(I_чорак_2025_йил_)_uz
2025-03-31;регион;region:TOSHKENT;Ташкентская область;1112.0;857.0;36.0;219.0;273675.0;52457.0;13881.832;4.063;3.237;16198170;Страх_отчет(I_чорак_2025_йил_)_uz
2025-03-31;регион;region:TOSHKENT SHAHRI;город Ташкент;49314.0;44904.0;818.0;3592.0;4134884.0;1172037.0;355608.671;11.926;1.659;7919309;Страх_отчет(I_чорак_2025_йил_)_uz
2025-03-31;регион;region:XORAZM;Хорезмская область;629.0;422.0;52.0;155.0;363450.0;89117.0;8514.953;1.731;8.267;20177613;Страх_отчет(I_чорак_2025_йил_)_uz
2025-03-31;регион;total;Республика Узбекистан;57090.0;50628.0;1341.0;5121.0;9565621.0;2489193.0;596341.310;5.968;2.349;11778883;Страх_отчет(I_чорак_2025_йил_)_uz
2025-07-01;страховщик;company:ALFA INVEST SUG'URTA KOMPANIYASI AJ;"""ALFA INVEST SUG‘URTA KOMPANIYASI"" AJ";5699.0;5415.0;174.0;110.0;261070.0;101241.0;22284.963;21.829;3.053;4115413;Страх_отчет(II_чорак_2026_йил_)_uz
2025-07-01;страховщик;company:ALSKOM AJ;"""ALSKOM"" AJ";7299.0;7249.0;31.0;19.0;701805.0;357765.0;46753.532;10.400;0.425;6449653;Страх_отчет(II_чорак_2026_йил_)_uz
2025-07-01;страховщик;company:APEX INSURANCE AJ;"""APEX INSURANCE"" AJ";10672.0;9892.0;549.0;231.0;1234795.0;728875.0;287187.683;8.643;5.144;29032317;Страх_отчет(II_чорак_2026_йил_)_uz
2025-07-01;страховщик;company:ARIA SUG'URTA TASHKILOTI AJ;"""ARIA SUG‘URTA TASHKILOTI"" AJ";452.0;412.0;19.0;21.0;7341.0;6247.0;1383.904;61.572;4.204;3358991;Страх_отчет(II_чорак_2026_йил_)_uz
2025-07-01;страховщик;company:ASIA INSURANCE SUG'URTA KOMPANIYASI AJ;"""ASIA INSURANCE SUG‘URTA KOMPANIYASI"" AJ";694.0;463.0;77.0;154.0;155069.0;91888.0;11304.871;4.475;11.095;24416569;Страх_отчет(II_чорак_2026_йил_)_uz
2025-07-01;страховщик;company:DD GENERAL INSURANCE AJ;"""DD GENERAL INSURANCE"" AJ";0.0;0.0;0.0;0.0;0.0;0.0;0.000;;;;Страх_отчет(II_чорак_2025_йил_)_uz_—_filtr
2025-07-01;страховщик;company:EUROASIA INSURANCE AJ QK;"""EUROASIA INSURANCE"" AJ QK";308.0;195.0;95.0;18.0;7113.0;7113.0;6723.472;43.301;30.844;34479343;Страх_отчет(II_чорак_2026_йил_)_uz
2025-07-01;страховщик;company:GLOBAL INSURANCE GROUP AJ;"""GLOBAL INSURANCE GROUP"" AJ";1482.0;1339.0;8.0;135.0;76335.0;37651.0;11533.960;19.414;0.540;8613861;Страх_отчет(II_чорак_2026_йил_)_uz
2025-07-01;страховщик;company:GROSS SUG'URTA KOMPANIYASI AJ;"""GROSS SUG‘URTA KOMPANIYASI"" AJ";12667.0;12510.0;108.0;49.0;995551.0;468076.0;97417.378;12.724;0.853;7787161;Страх_отчет(II_чорак_2026_йил_)_uz
2025-07-01;страховщик;company:HAMKOR SUG'URTA AJ;"""HAMKOR SUG’URTA"" AJ";211.0;109.0;62.0;40.0;14933.0;14927.0;2331.433;14.130;29.384;21389292;Страх_отчет(II_чорак_2026_йил_)_uz
2025-07-01;страховщик;company:IMKON SUG'URTA AJ;"""IMKON SUG’URTA"" AJ";4645.0;4621.0;10.0;14.0;337245.0;17951.0;12297.022;13.773;0.215;2661117;Страх_отчет(II_чорак_2026_йил_)_uz
2025-07-01;страховщик;company:IMPEX-INSURANCE AJ;"""IMPEX-INSURANCE"" AJ";785.0;525.0;251.0;9.0;118125.0;63511.0;27422.500;6.646;31.975;52233333;Страх_отчет(II_чорак_2026_йил_)_uz
2025-07-01;страховщик;company:INFINITY INSURANCE AJ;"""INFINITY INSURANCE"" AJ";990.0;876.0;58.0;56.0;90005.0;16998.0;6385.968;10.999;5.859;7289918;Страх_отчет(II_чорак_2026_йил_)_uz
2025-07-01;страховщик;company:INSON AJ;"""INSON"" AJ";2564.0;2341.0;143.0;80.0;371211.0;86507.0;22767.658;6.907;5.577;9725612;Страх_отчет(II_чорак_2026_йил_)_uz
2025-07-01;страховщик;company:ISHONCH SUG'URTA KOMPANIYASI AJ;"""ISHONCH SUG‘URTA KOMPANIYASI"" AJ";1899.0;1661.0;4.0;234.0;77804.0;41934.0;8677.073;24.407;0.211;5224005;Страх_отчет(II_чорак_2026_йил_)_uz
2025-07-01;страховщик;company:KAFIL SUG'URTA AJ;"""KAFIL SUG’URTA"" AJ";4520.0;4304.0;157.0;59.0;568884.0;146561.0;37698.859;7.945;3.473;8759029;Страх_отчет(II_чорак_2026_йил_)_uz
2025-07-01;страховщик;company:KAFOLAT SUG'URTA KOMPANIYASI AJ;"""KAFOLAT SUG‘URTA KOMPANIYASI"" AJ";4712.0;4507.0;82.0;123.0;472122.0;251191.0;77616.757;9.980;1.740;17221379;Страх_отчет(II_чорак_2026_йил_)_uz
2025-07-01;страховщик;company:KAPITAL SUG'URTA AJ;"""KAPITAL SUG‘URTA"" AJ";27131.0;26077.0;163.0;891.0;592757.0;433541.0;54013.928;45.771;0.601;2071324;Страх_отчет(II_чорак_2026_йил_)_uz
2025-07-01;страховщик;company:MOSAIC INSURANCE GROUP AJ QK;"""MOSAIC INSURANCE GROUP"" AJ QK (ранее ""MOSAIC INSURANCE COMPANY"")";5269.0;5258.0;1.0;10.0;1181.0;809.0;5196.100;4461.473;0.019;988227;Страх_отчет(II_чорак_2026_йил_)_uz
2025-07-01;страховщик;company:MY-INSURANCE AJ;"""MY-INSURANCE"" AJ";3986.0;3532.0;45.0;409.0;1275254.0;604262.0;181993.241;3.126;1.129;51526965;Страх_отчет(II_чорак_2026_йил_)_uz
2025-07-01;страховщик;company:NEO INSURANCE CORP AJ;"""NEO INSURANCE CORP"" AJ";3253.0;2968.0;121.0;164.0;406663.0;207959.0;18269.999;7.999;3.720;6155660;Страх_отчет(II_чорак_2026_йил_)_uz
2025-07-01;страховщик;company:O'ZAGROSUG'URTA AJ;"""O‘ZAGROSUG‘URTA"" AJ";1386.0;1264.0;53.0;69.0;372035.0;133871.0;24107.513;3.725;3.824;19072399;Страх_отчет(II_чорак_2026_йил_)_uz
2025-07-01;страховщик;company:O'ZBEKINVEST EISK AJ;"""O‘ZBEKINVEST"" EISK AJ";2961.0;2319.0;99.0;543.0;1096062.0;613772.0;59033.800;2.701;3.343;25456576;Страх_отчет(II_чорак_2026_йил_)_uz
2025-07-01;страховщик;company:O'ZBEKISTON QAYTA SUG'URTA KOMPANIYASI MQST AJ;"""O‘ZBEKISTON QAYTA SUG‘URTA KOMPANIYASI"" MQST AJ";0.0;0.0;0.0;0.0;0.0;0.0;0.000;;;;Страх_отчет(II_чорак_2026_йил_)_uz
2025-07-01;страховщик;company:OMAD SUG'URTA AJ;"""OMAD SUG‘URTA"" AJ";0.0;0.0;0.0;0.0;0.0;0.0;0.000;;;;Страх_отчет(II_чорак_2025_йил_)_uz_—_filtr
2025-07-01;страховщик;company:QUANTUM INSURANCE AJ;"""QUANTUM INSURANCE"" AJ (ранее ""INGO-UZBEKISTON"")";1010.0;960.0;18.0;32.0;78821.0;54935.0;6677.146;12.814;1.782;6955361;Страх_отчет(II_чорак_2026_йил_)_uz
2025-07-01;страховщик;company:SEMURG SUG'URTA AJ QK;"""SEMURG SUG‘URTA"" AJ QK";458.0;399.0;21.0;38.0;148476.0;76288.0;3377.639;3.085;4.585;8465260;Страх_отчет(II_чорак_2026_йил_)_uz
2025-07-01;страховщик;company:SQB INSURANCE SUG'URTA KOMPANIYASI AJ;"""SQB INSURANCE SUG‘URTA KOMPANIYASI"" AJ";2013.0;1995.0;18.0;0.0;210530.0;60247.0;39641.155;9.562;0.894;19870253;Страх_отчет(II_чорак_2026_йил_)_uz
2025-07-01;страховщик;company:TEMIRYO'L SUG'URTA AJ;"""TEMIRYO‘L SUG‘URTA"" AJ";2524.0;721.0;55.0;1748.0;68072.0;207590.0;35803.905;37.078;2.179;49658676;Страх_отчет(II_чорак_2026_йил_)_uz
2025-07-01;страховщик;company:TRUST-INSURANCE AJ;"""TRUST-INSURANCE"" AJ";405.0;333.0;16.0;56.0;180091.0;78340.0;62023.995;2.249;3.951;186258243;Страх_отчет(II_чорак_2026_йил_)_uz
2025-07-01;страховщик;company:XALQ SUG'URTA AJ;"""XALQ SUG‘URTA"" AJ";2195.0;2007.0;98.0;90.0;762106.0;181697.0;10992.470;2.880;4.465;5477065;Страх_отчет(II_чорак_2026_йил_)_uz
2025-07-01;страховщик;total;Весь рынок;112190.0;104252.0;2536.0;5402.0;10681456.0;5091747.0;1180917.924;10.503;2.260;11327533;Страх_отчет(II_чорак_2026_йил_)_uz
2025-07-01;регион;region:ANDIJON;Андижанская область;941.0;765.0;80.0;96.0;514933.0;230726.0;11647.546;1.827;8.502;15225550;Страх_отчет(II_чорак_2026_йил_)_uz
2025-07-01;регион;region:BUXORO;Бухарская область;1042.0;793.0;89.0;160.0;393887.0;169845.0;12935.053;2.645;8.541;16311543;Страх_отчет(II_чорак_2026_йил_)_uz
2025-07-01;регион;region:FARG'ONA;Ферганская область;1247.0;976.0;112.0;159.0;823805.0;367004.0;76279.423;1.514;8.982;78155147;Страх_отчет(II_чорак_2026_йил_)_uz
2025-07-01;регион;region:JIZZAX;Джизакская область;1055.0;888.0;79.0;88.0;446742.0;114311.0;9156.889;2.362;7.488;10311812;Страх_отчет(II_чорак_2026_йил_)_uz
2025-07-01;регион;region:NAMANGAN;Наманганская область;688.0;561.0;61.0;66.0;480939.0;225840.0;19294.168;1.431;8.866;34392456;Страх_отчет(II_чорак_2026_йил_)_uz
2025-07-01;регион;region:NAVOIY;Навоийская область;639.0;518.0;67.0;54.0;256853.0;104558.0;17465.437;2.488;10.485;33717060;Страх_отчет(II_чорак_2026_йил_)_uz
2025-07-01;регион;region:QASHQADARYO;Кашкадарьинская область;1651.0;1478.0;79.0;94.0;556115.0;243767.0;19402.363;2.969;4.785;13127444;Страх_отчет(II_чорак_2026_йил_)_uz
2025-07-01;регион;region:QORAQALPOG'ISTON RESPUBLIKASI;Республика Каракалпакстан;1270.0;1017.0;110.0;143.0;297766.0;125233.0;59805.999;4.265;8.661;58806292;Страх_отчет(II_чорак_2026_йил_)_uz
2025-07-01;регион;region:SAMARQAND;Самаркандская область;1078.0;850.0;87.0;141.0;678806.0;303509.0;23190.932;1.588;8.071;27283449;Страх_отчет(II_чорак_2026_йил_)_uz
2025-07-01;регион;region:SIRDARYO;Сырдарьинская область;801.0;664.0;30.0;107.0;185170.0;99059.0;26163.658;4.326;3.745;39403100;Страх_отчет(II_чорак_2026_йил_)_uz
2025-07-01;регион;region:SURXANDARYO;Сурхандарьинская область;1246.0;1010.0;73.0;163.0;425578.0;174757.0;43961.563;2.928;5.859;43526300;Страх_отчет(II_чорак_2026_йил_)_uz
2025-07-01;регион;region:TOSHKENT;Ташкентская область;1916.0;1569.0;83.0;264.0;263689.0;103526.0;28017.045;7.266;4.332;17856625;Страх_отчет(II_чорак_2026_йил_)_uz
2025-07-01;регион;region:TOSHKENT SHAHRI;город Ташкент;97535.0;92328.0;1490.0;3717.0;5044167.0;2808225.0;820188.454;19.336;1.528;8883421;Страх_отчет(II_чорак_2026_йил_)_uz
2025-07-01;регион;region:XORAZM;Хорезмская область;1081.0;835.0;96.0;150.0;388655.0;167342.0;13409.395;2.781;8.881;16059156;Страх_отчет(II_чорак_2026_йил_)_uz
2025-07-01;регион;total;Республика Узбекистан;112190.0;104252.0;2536.0;5402.0;10757105.0;5237702.0;1180917.924;10.429;2.260;11327533;Страх_отчет(II_чорак_2026_йил_)_uz
2025-10-01;страховщик;company:ALFA INVEST SUG'URTA KOMPANIYASI AJ;"""ALFA INVEST SUG‘URTA KOMPANIYASI"" AJ";6189.0;5879.0;231.0;79.0;310574.0;224153.0;32977.978;19.928;3.732;5609454;Страх_отчет(III_чорак_2025_йил_)_uz_—_filtr
2025-10-01;страховщик;company:ALSKOM AJ;"""ALSKOM"" AJ";12084.0;12025.0;48.0;11.0;648209.0;497499.0;72788.926;18.642;0.397;6053133;Страх_отчет(III_чорак_2025_йил_)_uz_—_filtr
2025-10-01;страховщик;company:APEX INSURANCE AJ;"""APEX INSURANCE"" AJ";28994.0;28127.0;828.0;39.0;1404548.0;1133413.0;468804.440;20.643;2.856;16667417;Страх_отчет(III_чорак_2025_йил_)_uz_—_filtr
2025-10-01;страховщик;company:ARIA SUG'URTA TASHKILOTI AJ;"""ARIA SUG‘URTA TASHKILOTI"" AJ";659.0;601.0;26.0;32.0;9390.0;11414.0;2439.335;70.181;3.945;4058793;Страх_отчет(III_чорак_2025_йил_)_uz_—_filtr
2025-10-01;страховщик;company:ASIA INSURANCE SUG'URTA KOMPANIYASI AJ;"""ASIA INSURANCE SUG‘URTA KOMPANIYASI"" AJ";1127.0;802.0;134.0;191.0;189879.0;153133.0;21156.437;5.935;11.890;26379597;Страх_отчет(III_чорак_2025_йил_)_uz_—_filtr
2025-10-01;страховщик;company:EUROASIA INSURANCE AJ QK;"""EUROASIA INSURANCE"" AJ QK";388.0;280.0;99.0;9.0;29114.0;29114.0;17664.712;13.327;25.515;63088256;Страх_отчет(III_чорак_2025_йил_)_uz_—_filtr
2025-10-01;страховщик;company:GLOBAL INSURANCE GROUP AJ;"""GLOBAL INSURANCE GROUP"" AJ";2329.0;2044.0;12.0;273.0;35933.0;26774.0;24058.434;64.815;0.515;11770271;Страх_отчет(III_чорак_2025_йил_)_uz_—_filtr
2025-10-01;страховщик;company:GROSS SUG'URTA KOMPANIYASI AJ;"""GROSS SUG‘URTA KOMPANIYASI"" AJ";19059.0;18721.0;145.0;193.0;1220994.0;773840.0;145670.926;15.609;0.761;7781151;Страх_отчет(III_чорак_2025_йил_)_uz_—_filtr
2025-10-01;страховщик;company:HAMKOR SUG'URTA AJ;"""HAMKOR SUG’URTA"" AJ";300.0;172.0;90.0;38.0;24942.0;24929.0;3063.866;12.028;30.000;17813176;Страх_отчет(III_чорак_2025_йил_)_uz_—_filtr
2025-10-01;страховщик;company:IMKON SUG'URTA AJ;"""IMKON SUG’URTA"" AJ";5916.0;5886.0;14.0;16.0;378059.0;94768.0;15580.992;15.648;0.237;2647127;Страх_отчет(III_чорак_2025_йил_)_uz_—_filtr
2025-10-01;страховщик;company:IMPEX-INSURANCE AJ;"""IMPEX-INSURANCE"" AJ";1070.0;773.0;253.0;44.0;118697.0;82669.0;43868.551;9.015;23.645;56751036;Страх_отчет(III_чорак_2025_йил_)_uz_—_filtr
2025-10-01;страховщик;company:INFINITY INSURANCE AJ;"""INFINITY INSURANCE"" AJ";1494.0;1418.0;64.0;12.0;87419.0;33428.0;9851.010;17.090;4.284;6947116;Страх_отчет(III_чорак_2025_йил_)_uz_—_filtr
2025-10-01;страховщик;company:INSON AJ;"""INSON"" AJ";3855.0;2395.0;152.0;1308.0;247729.0;166652.0;32948.778;15.561;3.943;13757319;Страх_отчет(III_чорак_2025_йил_)_uz_—_filtr
2025-10-01;страховщик;company:ISHONCH SUG'URTA KOMPANIYASI AJ;"""ISHONCH SUG‘URTA KOMPANIYASI"" AJ";3269.0;3001.0;7.0;261.0;79515.0;52150.0;11573.114;41.112;0.214;3856419;Страх_отчет(III_чорак_2025_йил_)_uz_—_filtr
2025-10-01;страховщик;company:KAFIL SUG'URTA AJ;"""KAFIL SUG’URTA"" AJ";5348.0;5131.0;182.0;35.0;570897.0;191926.0;54524.475;9.368;3.403;10626481;Страх_отчет(III_чорак_2025_йил_)_uz_—_filtr
2025-10-01;страховщик;company:KAFOLAT SUG'URTA KOMPANIYASI AJ;"""KAFOLAT SUG‘URTA KOMPANIYASI"" AJ";6272.0;6013.0;154.0;105.0;538616.0;419395.0;102781.530;11.645;2.455;17093220;Страх_отчет(III_чорак_2025_йил_)_uz_—_filtr
2025-10-01;страховщик;company:KAPITAL SUG'URTA AJ;"""KAPITAL SUG‘URTA"" AJ";35771.0;34459.0;201.0;1111.0;758482.0;636501.0;85222.086;47.161;0.562;2473144;Страх_отчет(III_чорак_2025_йил_)_uz_—_filtr
2025-10-01;страховщик;company:MOSAIC INSURANCE GROUP AJ QK;"""MOSAIC INSURANCE GROUP"" AJ QK (ранее ""MOSAIC INSURANCE COMPANY"")";8312.0;8295.0;1.0;16.0;1482.0;1297.0;9042.224;5608.637;0.012;1090081;Страх_отчет(III_чорак_2025_йил_)_uz_—_filtr
2025-10-01;страховщик;company:MY-INSURANCE AJ;"""MY-INSURANCE"" AJ";5244.0;4788.0;56.0;400.0;1395087.0;994887.0;217972.759;3.759;1.068;45524804;Страх_отчет(III_чорак_2025_йил_)_uz_—_filtr
2025-10-01;страховщик;company:NEO INSURANCE CORP AJ;"""NEO INSURANCE CORP"" AJ";6061.0;5641.0;177.0;243.0;383168.0;343998.0;23523.565;15.818;2.920;4170106;Страх_отчет(III_чорак_2025_йил_)_uz_—_filtr
2025-10-01;страховщик;company:O'ZAGROSUG'URTA AJ;"""O‘ZAGROSUG‘URTA"" AJ";1764.0;1648.0;71.0;45.0;345674.0;188109.0;30407.442;5.103;4.025;18451118;Страх_отчет(III_чорак_2025_йил_)_uz_—_filtr
2025-10-01;страховщик;company:O'ZBEKINVEST EISK AJ;"""O‘ZBEKINVEST"" EISK AJ";4278.0;3464.0;176.0;638.0;1182864.0;951070.0;97242.458;3.617;4.114;28072303;Страх_отчет(III_чорак_2025_йил_)_uz_—_filtr
2025-10-01;страховщик;company:O'ZBEKISTON QAYTA SUG'URTA KOMPANIYASI MQST AJ;"""O‘ZBEKISTON QAYTA SUG‘URTA KOMPANIYASI"" MQST AJ";0.0;0.0;0.0;0.0;3.0;3.0;0.000;0.000;;;Страх_отчет(III_чорак_2025_йил_)_uz_—_filtr
2025-10-01;страховщик;company:OMAD SUG'URTA AJ;"""OMAD SUG‘URTA"" AJ";0.0;0.0;0.0;0.0;0.0;0.0;0.000;;;;Страх_отчет(III_чорак_2025_йил_)_uz_—_filtr
2025-10-01;страховщик;company:QUANTUM INSURANCE AJ;"""QUANTUM INSURANCE"" AJ (ранее ""INGO-UZBEKISTON"")";1576.0;1528.0;24.0;24.0;77465.0;91462.0;13572.899;20.345;1.523;8882788;Страх_отчет(III_чорак_2025_йил_)_uz_—_filtr
2025-10-01;страховщик;company:SEMURG SUG'URTA AJ QK;"""SEMURG SUG‘URTA"" AJ QK";529.0;463.0;37.0;29.0;154595.0;116628.0;5352.883;3.422;6.994;11561302;Страх_отчет(III_чорак_2025_йил_)_uz_—_filtr
2025-10-01;страховщик;company:SQB INSURANCE SUG'URTA KOMPANIYASI AJ;"""SQB INSURANCE SUG‘URTA KOMPANIYASI"" AJ";3679.0;3647.0;24.0;8.0;260885.0;138758.0;61630.576;14.102;0.652;16898979;Страх_отчет(III_чорак_2025_йил_)_uz_—_filtr
2025-10-01;страховщик;company:TEMIRYO'L SUG'URTA AJ;"""TEMIRYO‘L SUG‘URTA"" AJ";2796.0;2482.0;93.0;221.0;75239.0;280556.0;55102.086;37.162;3.326;22200679;Страх_отчет(III_чорак_2025_йил_)_uz_—_filtr
2025-10-01;страховщик;company:TRUST-INSURANCE AJ;"""TRUST-INSURANCE"" AJ";654.0;460.0;30.0;164.0;192855.0;108467.0;136289.952;3.391;4.587;296282505;Страх_отчет(III_чорак_2025_йил_)_uz_—_filtr
2025-10-01;страховщик;company:XALQ SUG'URTA AJ;"""XALQ SUG‘URTA"" AJ";3492.0;3220.0;141.0;131.0;760122.0;254121.0;17709.220;4.594;4.038;5499758;Страх_отчет(III_чорак_2025_йил_)_uz_—_filtr
2025-10-01;страховщик;total;Весь рынок;172509.0;163363.0;3470.0;5676.0;11482433.0;8021111.0;1812821.653;15.024;2.011;11096893;Страх_отчет(III_чорак_2025_йил_)_uz_—_filtr
2025-10-01;регион;region:ANDIJON;Андижанская область;1365.0;1159.0;120.0;86.0;549813.0;349998.0;17025.402;2.483;8.791;14689734;Страх_отчет(III_чорак_2025_йил_)_uz_—_filtr
2025-10-01;регион;region:BUXORO;Бухарская область;1409.0;1092.0;143.0;174.0;395241.0;255403.0;18275.230;3.565;10.149;16735559;Страх_отчет(III_чорак_2025_йил_)_uz_—_filtr
2025-10-01;регион;region:FARG'ONA;Ферганская область;1931.0;1515.0;172.0;244.0;861157.0;534629.0;153538.745;2.242;8.907;101345707;Страх_отчет(III_чорак_2025_йил_)_uz_—_filtr
2025-10-01;регион;region:JIZZAX;Джизакская область;1404.0;1215.0;98.0;91.0;617664.0;171299.0;14120.864;2.273;6.980;11622111;Страх_отчет(III_чорак_2025_йил_)_uz_—_filtr
2025-10-01;регион;region:NAMANGAN;Наманганская область;894.0;747.0;87.0;60.0;502390.0;342898.0;21585.531;1.779;9.732;28896293;Страх_отчет(III_чорак_2025_йил_)_uz_—_filtr
2025-10-01;регион;region:NAVOIY;Навоийская область;888.0;726.0;93.0;69.0;267320.0;155355.0;22378.183;3.322;10.473;30823944;Страх_отчет(III_чорак_2025_йил_)_uz_—_filtr
2025-10-01;регион;region:QASHQADARYO;Кашкадарьинская область;2430.0;2179.0;122.0;129.0;542935.0;359624.0;30343.386;4.476;5.021;13925372;Страх_отчет(III_чорак_2025_йил_)_uz_—_filtr
2025-10-01;регион;region:QORAQALPOG'ISTON RESPUBLIKASI;Республика Каракалпакстан;1738.0;1478.0;171.0;89.0;313884.0;187002.0;68266.971;5.537;9.839;46188749;Страх_отчет(III_чорак_2025_йил_)_uz_—_filtr
2025-10-01;регион;region:SAMARQAND;Самаркандская область;1574.0;1294.0;121.0;159.0;705427.0;466356.0;28788.005;2.231;7.687;22247299;Страх_отчет(III_чорак_2025_йил_)_uz_—_filtr
2025-10-01;регион;region:SIRDARYO;Сырдарьинская область;1542.0;1295.0;75.0;172.0;191019.0;144077.0;41527.259;8.072;4.864;32067381;Страх_отчет(III_чорак_2025_йил_)_uz_—_filtr
2025-10-01;регион;region:SURXANDARYO;Сурхандарьинская область;1795.0;1538.0;111.0;146.0;435969.0;261428.0;50321.640;4.117;6.184;32718881;Страх_отчет(III_чорак_2025_йил_)_uz_—_filtr
2025-10-01;регион;region:TOSHKENT;Ташкентская область;2561.0;2121.0;137.0;303.0;282475.0;156618.0;40302.901;9.066;5.349;19001839;Страх_отчет(III_чорак_2025_йил_)_uz_—_filtr
2025-10-01;регион;region:TOSHKENT SHAHRI;город Ташкент;151433.0;145756.0;1884.0;3793.0;5536789.0;4710276.0;1286037.963;27.350;1.244;8823225;Страх_отчет(III_чорак_2025_йил_)_uz_—_filtr
2025-10-01;регион;region:XORAZM;Хорезмская область;1545.0;1248.0;136.0;161.0;419354.0;256953.0;20309.572;3.684;8.803;16273695;Страх_отчет(III_чорак_2025_йил_)_uz_—_filtr
2025-10-01;регион;total;Республика Узбекистан;172509.0;163363.0;3470.0;5676.0;11621437.0;8351916.0;1812821.653;14.844;2.011;11096893;Страх_отчет(III_чорак_2025_йил_)_uz_—_filtr
2026-01-01;страховщик;company:ALFA INVEST SUG'URTA KOMPANIYASI AJ;"""ALFA INVEST SUG‘URTA KOMPANIYASI"" AJ";6455.0;6127.0;266.0;62.0;345783.0;340747.0;44449.520;18.668;4.121;7254696;Страх_отчет(IV_чорак_2025_йил_)_uz_—_filtr
2026-01-01;страховщик;company:ALSKOM AJ;"""ALSKOM"" AJ";15211.0;15103.0;66.0;42.0;588437.0;599721.0;98679.487;25.850;0.434;6533767;Страх_отчет(IV_чорак_2025_йил_)_uz_—_filtr
2026-01-01;страховщик;company:APEX INSURANCE AJ;"""APEX INSURANCE"" AJ";61768.0;60797.0;898.0;73.0;1590287.0;1613871.0;868492.873;38.841;1.454;14285127;Страх_отчет(IV_чорак_2025_йил_)_uz_—_filtr
2026-01-01;страховщик;company:ARIA SUG'URTA TASHKILOTI AJ;"""ARIA SUG‘URTA TASHKILOTI"" AJ";1134.0;1075.0;36.0;23.0;12874.0;16516.0;3796.863;88.085;3.175;3531966;Страх_отчет(IV_чорак_2025_йил_)_uz_—_filtr
2026-01-01;страховщик;company:ASIA INSURANCE SUG'URTA KOMPANIYASI AJ;"""ASIA INSURANCE SUG‘URTA KOMPANIYASI"" AJ";1622.0;1217.0;216.0;189.0;211893.0;212429.0;30703.823;7.655;13.317;25229107;Страх_отчет(IV_чорак_2025_йил_)_uz_—_filtr
2026-01-01;страховщик;company:EUROASIA INSURANCE AJ QK;"""EUROASIA INSURANCE"" AJ QK";549.0;428.0;115.0;6.0;56477.0;56481.0;41202.407;9.721;20.947;96267306;Страх_отчет(IV_чорак_2025_йил_)_uz_—_filtr
2026-01-01;страховщик;company:GLOBAL INSURANCE GROUP AJ;"""GLOBAL INSURANCE GROUP"" AJ";2559.0;2126.0;19.0;414.0;35933.0;26774.0;30231.034;71.216;0.742;14219678;Страх_отчет(IV_чорак_2025_йил_)_uz_—_filtr
2026-01-01;страховщик;company:GROSS SUG'URTA KOMPANIYASI AJ;"""GROSS SUG‘URTA KOMPANIYASI"" AJ";28029.0;27702.0;170.0;157.0;1491653.0;1138063.0;219252.027;18.791;0.607;7914664;Страх_отчет(IV_чорак_2025_йил_)_uz_—_filtr
2026-01-01;страховщик;company:HAMKOR SUG'URTA AJ;"""HAMKOR SUG’URTA"" AJ";394.0;257.0;113.0;24.0;85870.0;39574.0;4367.192;4.588;28.680;16992965;Страх_отчет(IV_чорак_2025_йил_)_uz_—_filtr
2026-01-01;страховщик;company:IMKON SUG'URTA AJ;"""IMKON SUG’URTA"" AJ";8419.0;7304.0;35.0;1080.0;382547.0;179877.0;19628.048;22.008;0.416;2687301;Страх_отчет(IV_чорак_2025_йил_)_uz_—_filtr
2026-01-01;страховщик;company:IMPEX-INSURANCE AJ;"""IMPEX-INSURANCE"" AJ";1518.0;1164.0;259.0;95.0;116701.0;94750.0;66783.869;13.008;17.062;57374458;Страх_отчет(IV_чорак_2025_йил_)_uz_—_filtr
2026-01-01;страховщик;company:INFINITY INSURANCE AJ;"""INFINITY INSURANCE"" AJ";2355.0;2281.0;73.0;1.0;102343.0;64888.0;14105.185;23.011;3.100;6183772;Страх_отчет(IV_чорак_2025_йил_)_uz_—_filtr
2026-01-01;страховщик;company:INSON AJ;"""INSON"" AJ";5259.0;4950.0;233.0;76.0;300932.0;300364.0;44081.853;17.476;4.431;8905425;Страх_отчет(IV_чорак_2025_йил_)_uz_—_filtr
2026-01-01;страховщик;company:ISHONCH SUG'URTA KOMPANIYASI AJ;"""ISHONCH SUG‘URTA KOMPANIYASI"" AJ";5358.0;5068.0;0.0;290.0;84870.0;64436.0;17975.960;63.132;0.000;3546953;Страх_отчет(IV_чорак_2025_йил_)_uz_—_filtr
2026-01-01;страховщик;company:KAFIL SUG'URTA AJ;"""KAFIL SUG’URTA"" AJ";8740.0;8491.0;225.0;24.0;571651.0;250795.0;72194.506;15.289;2.574;8502474;Страх_отчет(IV_чорак_2025_йил_)_uz_—_filtr
2026-01-01;страховщик;company:KAFOLAT SUG'URTA KOMPANIYASI AJ;"""KAFOLAT SUG‘URTA KOMPANIYASI"" AJ";12032.0;11702.0;308.0;22.0;657082.0;667533.0;194728.239;18.311;2.560;16640595;Страх_отчет(IV_чорак_2025_йил_)_uz_—_filtr
2026-01-01;страховщик;company:KAPITAL SUG'URTA AJ;"""KAPITAL SUG‘URTA"" AJ";46055.0;45133.0;212.0;710.0;938758.0;841977.0;210267.583;49.060;0.460;4658843;Страх_отчет(IV_чорак_2025_йил_)_uz_—_filtr
2026-01-01;страховщик;company:MOSAIC INSURANCE GROUP AJ QK;"""MOSAIC INSURANCE GROUP"" AJ QK (ранее ""MOSAIC INSURANCE COMPANY"")";11702.0;11693.0;1.0;8.0;1762.0;1893.0;12848.999;6641.317;0.009;1098862;Страх_отчет(IV_чорак_2025_йил_)_uz_—_filtr
2026-01-01;страховщик;company:MY-INSURANCE AJ;"""MY-INSURANCE"" AJ";6424.0;6087.0;66.0;271.0;1554663.0;1434526.0;245323.192;4.132;1.027;40302808;Страх_отчет(IV_чорак_2025_йил_)_uz_—_filtr
2026-01-01;страховщик;company:NEO INSURANCE CORP AJ;"""NEO INSURANCE CORP"" AJ";19771.0;19452.0;224.0;95.0;426741.0;518432.0;34844.859;46.330;1.133;1791325;Страх_отчет(IV_чорак_2025_йил_)_uz_—_filtr
2026-01-01;страховщик;company:O'ZAGROSUG'URTA AJ;"""O‘ZAGROSUG‘URTA"" AJ";2312.0;2082.0;96.0;134.0;318331.0;257255.0;34055.473;7.263;4.152;16357095;Страх_отчет(IV_чорак_2025_йил_)_uz_—_filtr
2026-01-01;страховщик;company:O'ZBEKINVEST EISK AJ;"""O‘ZBEKINVEST"" EISK AJ";5998.0;5098.0;237.0;663.0;1281857.0;1354932.0;131599.218;4.679;3.951;25813891;Страх_отчет(IV_чорак_2025_йил_)_uz_—_filtr
2026-01-01;страховщик;company:O'ZBEKISTON QAYTA SUG'URTA KOMPANIYASI MQST AJ;"""O‘ZBEKISTON QAYTA SUG‘URTA KOMPANIYASI"" MQST AJ";0.0;0.0;0.0;0.0;11.0;11.0;0.000;0.000;;;Страх_отчет(IV_чорак_2025_йил_)_uz_—_filtr
2026-01-01;страховщик;company:OMAD SUG'URTA AJ;"""OMAD SUG‘URTA"" AJ";0.0;0.0;0.0;0.0;0.0;0.0;0.000;;;;Страх_отчет(IV_чорак_2025_йил_)_uz_—_filtr
2026-01-01;страховщик;company:QUANTUM INSURANCE AJ;"""QUANTUM INSURANCE"" AJ (ранее ""INGO-UZBEKISTON"")";2766.0;2704.0;32.0;30.0;73295.0;119697.0;23254.697;37.738;1.157;8600110;Страх_отчет(IV_чорак_2025_йил_)_uz_—_filtr
2026-01-01;страховщик;company:SEMURG SUG'URTA AJ QK;"""SEMURG SUG‘URTA"" AJ QK";645.0;570.0;53.0;22.0;129057.0;120551.0;14219.198;4.998;8.217;24945961;Страх_отчет(IV_чорак_2025_йил_)_uz_—_filtr
2026-01-01;страховщик;company:SQB INSURANCE SUG'URTA KOMPANIYASI AJ;"""SQB INSURANCE SUG‘URTA KOMPANIYASI"" AJ";6365.0;6330.0;32.0;3.0;308461.0;212832.0;91379.064;20.635;0.503;14435871;Страх_отчет(IV_чорак_2025_йил_)_uz_—_filtr
2026-01-01;страховщик;company:TEMIRYO'L SUG'URTA AJ;"""TEMIRYO‘L SUG‘URTA"" AJ";3021.0;2717.0;140.0;164.0;97454.0;392199.0;64401.633;30.999;4.634;23703214;Страх_отчет(IV_чорак_2025_йил_)_uz_—_filtr
2026-01-01;страховщик;company:TRUST-INSURANCE AJ;"""TRUST-INSURANCE"" AJ";2716.0;2000.0;56.0;660.0;207235.0;137101.0;180084.166;13.106;2.062;90042083;Страх_отчет(IV_чорак_2025_йил_)_uz_—_filtr
2026-01-01;страховщик;company:XALQ SUG'URTA AJ;"""XALQ SUG‘URTA"" AJ";5620.0;5303.0;234.0;83.0;734820.0;317170.0;32120.553;7.648;4.164;6057053;Страх_отчет(IV_чорак_2025_йил_)_uz_—_filtr
2026-01-01;страховщик;total;Весь рынок;274797.0;264961.0;4415.0;5421.0;12707767.0;11375384.0;2845071.519;21.624;1.607;10737699;Страх_отчет(IV_чорак_2025_йил_)_uz_—_filtr
2026-01-01;регион;region:ANDIJON;Андижанская область;1758.0;1498.0;156.0;104.0;621299.0;509576.0;21327.109;2.830;8.874;14237055;Страх_отчет(IV_чорак_2025_йил_)_uz_—_filtr
2026-01-01;регион;region:BUXORO;Бухарская область;1841.0;1492.0;195.0;154.0;414330.0;357915.0;25354.956;4.443;10.592;16993938;Страх_отчет(IV_чорак_2025_йил_)_uz_—_filtr
2026-01-01;регион;region:FARG'ONA;Ферганская область;2687.0;2283.0;233.0;171.0;918214.0;725971.0;193414.344;2.926;8.671;84719380;Страх_отчет(IV_чорак_2025_йил_)_uz_—_filtr
2026-01-01;регион;region:JIZZAX;Джизакская область;1890.0;1687.0;121.0;82.0;502864.0;225105.0;24195.305;3.758;6.402;14342208;Страх_отчет(IV_чорак_2025_йил_)_uz_—_filtr
2026-01-01;регион;region:NAMANGAN;Наманганская область;1145.0;973.0;118.0;54.0;549545.0;486407.0;23792.795;2.084;10.306;24453026;Страх_отчет(IV_чорак_2025_йил_)_uz_—_filtr
2026-01-01;регион;region:NAVOIY;Навоийская область;1167.0;980.0;130.0;57.0;287837.0;215617.0;81707.728;4.054;11.140;83375233;Страх_отчет(IV_чорак_2025_йил_)_uz_—_filtr
2026-01-01;регион;region:QASHQADARYO;Кашкадарьинская область;3198.0;2975.0;153.0;70.0;544163.0;484681.0;38645.826;5.877;4.784;12990194;Страх_отчет(IV_чорак_2025_йил_)_uz_—_filtr
2026-01-01;регион;region:QORAQALPOG'ISTON RESPUBLIKASI;Республика Каракалпакстан;2163.0;1883.0;191.0;89.0;319763.0;257107.0;74128.471;6.764;8.830;39367218;Страх_отчет(IV_чорак_2025_йил_)_uz_—_filtr
2026-01-01;регион;region:SAMARQAND;Самаркандская область;2011.0;1707.0;157.0;147.0;765518.0;653972.0;34410.917;2.627;7.807;20158709;Страх_отчет(IV_чорак_2025_йил_)_uz_—_filtr
2026-01-01;регион;region:SIRDARYO;Сырдарьинская область;1573.0;1393.0;90.0;90.0;207318.0;201489.0;46901.595;7.587;5.722;33669487;Страх_отчет(IV_чорак_2025_йил_)_uz_—_filtr
2026-01-01;регион;region:SURXANDARYO;Сурхандарьинская область;2309.0;2028.0;144.0;137.0;440097.0;348917.0;55925.750;5.247;6.236;27576800;Страх_отчет(IV_чорак_2025_йил_)_uz_—_filtr
2026-01-01;регион;region:TOSHKENT;Ташкентская область;3332.0;2891.0;185.0;256.0;297148.0;211316.0;51024.303;11.213;5.552;17649361;Страх_отчет(IV_чорак_2025_йил_)_uz_—_filtr
2026-01-01;регион;region:TOSHKENT SHAHRI;город Ташкент;247703.0;241456.0;2375.0;3872.0;6536239.0;6397942.0;2147282.809;37.897;0.959;8893060;Страх_отчет(IV_чорак_2025_йил_)_uz_—_filtr
2026-01-01;регион;region:XORAZM;Хорезмская область;2020.0;1715.0;167.0;138.0;460939.0;381711.0;26959.611;4.382;8.267;15719890;Страх_отчет(IV_чорак_2025_йил_)_uz_—_filtr
2026-01-01;регион;total;Республика Узбекистан;274797.0;264961.0;4415.0;5421.0;12865274.0;11457726.0;2845071.519;21.360;1.607;10737699;Страх_отчет(IV_чорак_2025_йил_)_uz_—_filtr
2026-07-01;страховщик;company:ALFA INVEST SUG'URTA KOMPANIYASI AJ;"""ALFA INVEST SUG‘URTA KOMPANIYASI"" AJ";7269.0;6739.0;469.0;61.0;391127.0;168466.0;33368.985;18.585;6.452;4951623;Страх_отчет(II_чорак_2026_йил_)_uz
2026-07-01;страховщик;company:ALSKOM AJ;"""ALSKOM"" AJ";6481.0;6408.0;37.0;36.0;377069.0;166591.0;45200.654;17.188;0.571;7053785;Страх_отчет(II_чорак_2026_йил_)_uz
2026-07-01;страховщик;company:APEX INSURANCE AJ;"""APEX INSURANCE"" AJ";46308.0;45641.0;580.0;87.0;1651040.0;721086.0;926950.028;28.048;1.252;20309591;Страх_отчет(II_чорак_2026_йил_)_uz
2026-07-01;страховщик;company:ARIA SUG'URTA TASHKILOTI AJ;"""ARIA SUG‘URTA TASHKILOTI"" AJ";554.0;497.0;45.0;12.0;17987.0;11192.0;2397.806;30.800;8.123;4824560;Страх_отчет(II_чорак_2026_йил_)_uz
2026-07-01;страховщик;company:ASIA INSURANCE SUG'URTA KOMPANIYASI AJ;"""ASIA INSURANCE SUG‘URTA KOMPANIYASI"" AJ";1078.0;813.0;99.0;166.0;190047.0;67820.0;16558.176;5.672;9.184;20366760;Страх_отчет(II_чорак_2026_йил_)_uz
2026-07-01;страховщик;company:EUROASIA INSURANCE AJ QK;"""EUROASIA INSURANCE"" AJ QK";520.0;453.0;37.0;30.0;29701.0;29701.0;5228.259;17.508;7.115;11541412;Страх_отчет(II_чорак_2026_йил_)_uz
2026-07-01;страховщик;company:GLOBAL INSURANCE GROUP AJ;"""GLOBAL INSURANCE GROUP"" AJ";0.0;0.0;0.0;0.0;0.0;0.0;0.000;;;;Страх_отчет(II_чорак_2026_йил_)_uz
2026-07-01;страховщик;company:GROSS SUG'URTA KOMPANIYASI AJ;"""GROSS SUG‘URTA KOMPANIYASI"" AJ";14307.0;14077.0;118.0;112.0;1330545.0;665823.0;203868.583;10.753;0.825;14482389;Страх_отчет(II_чорак_2026_йил_)_uz
2026-07-01;страховщик;company:HAMKOR SUG'URTA AJ;"""HAMKOR SUG’URTA"" AJ";229.0;166.0;56.0;7.0;62341.0;12546.0;2277.146;3.673;24.454;13717747;Страх_отчет(II_чорак_2026_йил_)_uz
2026-07-01;страховщик;company:IMKON SUG'URTA AJ;"""IMKON SUG’URTA"" AJ";2384.0;2315.0;52.0;17.0;374178.0;119122.0;7635.276;6.371;2.181;3298175;Страх_отчет(II_чорак_2026_йил_)_uz
2026-07-01;страховщик;company:IMPEX-INSURANCE AJ;"""IMPEX-INSURANCE"" AJ";669.0;461.0;12.0;196.0;107052.0;29140.0;47705.403;6.249;1.794;103482436;Страх_отчет(II_чорак_2026_йил_)_uz
2026-07-01;страховщик;company:INFINITY INSURANCE AJ;"""INFINITY INSURANCE"" AJ";1187.0;1163.0;22.0;2.0;173419.0;106310.0;9095.196;6.845;1.853;7820461;Страх_отчет(II_чорак_2026_йил_)_uz
2026-07-01;страховщик;company:INSON AJ;"""INSON"" AJ";3516.0;3353.0;54.0;109.0;451041.0;266341.0;28528.510;7.795;1.536;8508354;Страх_отчет(II_чорак_2026_йил_)_uz
2026-07-01;страховщик;company:ISHONCH SUG'URTA KOMPANIYASI AJ;"""ISHONCH SUG‘URTA KOMPANIYASI"" AJ";3134.0;2834.0;4.0;296.0;88537.0;20450.0;11858.090;35.398;0.128;4184224;Страх_отчет(II_чорак_2026_йил_)_uz
2026-07-01;страховщик;company:KAFIL SUG'URTA AJ;"""KAFIL SUG’URTA"" AJ";3954.0;3817.0;97.0;40.0;631001.0;200846.0;34907.633;6.266;2.453;9145306;Страх_отчет(II_чорак_2026_йил_)_uz
2026-07-01;страховщик;company:KAFOLAT SUG'URTA KOMPANIYASI AJ;"""KAFOLAT SUG‘URTA KOMPANIYASI"" AJ";8832.0;8539.0;182.0;111.0;802045.0;438278.0;155751.634;11.012;2.061;18240032;Страх_отчет(II_чорак_2026_йил_)_uz
2026-07-01;страховщик;company:KAPITAL SUG'URTA AJ;"""KAPITAL SUG‘URTA"" AJ";2191.0;1632.0;29.0;530.0;762037.0;384250.0;41749.934;2.875;1.324;25582067;Страх_отчет(II_чорак_2026_йил_)_uz
2026-07-01;страховщик;company:MOSAIC INSURANCE GROUP AJ QK;"""MOSAIC INSURANCE GROUP"" AJ QK (ранее ""MOSAIC INSURANCE COMPANY"")";5447.0;5425.0;0.0;22.0;1338.0;694.0;9351.217;4071.001;0.000;1723727;Страх_отчет(II_чорак_2026_йил_)_uz
2026-07-01;страховщик;company:MY-INSURANCE AJ;"""MY-INSURANCE"" AJ";3136.0;2718.0;115.0;303.0;1529445.0;1093257.0;89897.574;2.050;3.667;33074898;Страх_отчет(II_чорак_2026_йил_)_uz
2026-07-01;страховщик;company:NEO INSURANCE CORP AJ;"""NEO INSURANCE CORP"" AJ";6957.0;6435.0;138.0;384.0;417982.0;234513.0;20253.219;16.644;1.984;3147353;Страх_отчет(II_чорак_2026_йил_)_uz
2026-07-01;страховщик;company:O'ZAGROSUG'URTA AJ;"""O‘ZAGROSUG‘URTA"" AJ";1609.0;1292.0;54.0;263.0;382838.0;178456.0;36631.051;4.203;3.356;28352206;Страх_отчет(II_чорак_2026_йил_)_uz
2026-07-01;страховщик;company:O'ZBEKINVEST EISK AJ;"""O‘ZBEKINVEST"" EISK AJ";4022.0;2821.0;167.0;1034.0;1322828.0;682903.0;283587.842;3.040;4.152;100527417;Страх_отчет(II_чорак_2026_йил_)_uz
2026-07-01;страховщик;company:O'ZBEKISTON QAYTA SUG'URTA KOMPANIYASI MQST AJ;"""O‘ZBEKISTON QAYTA SUG‘URTA KOMPANIYASI"" MQST AJ";0.0;0.0;0.0;0.0;55.0;55.0;0.000;0.000;;;Страх_отчет(II_чорак_2026_йил_)_uz
2026-07-01;страховщик;company:QUANTUM INSURANCE AJ;"""QUANTUM INSURANCE"" AJ (ранее ""INGO-UZBEKISTON"")";2775.0;2708.0;22.0;45.0;98312.0;38058.0;16674.609;28.226;0.793;6157536;Страх_отчет(II_чорак_2026_йил_)_uz
2026-07-01;страховщик;company:SEMURG SUG'URTA AJ QK;"""SEMURG SUG‘URTA"" AJ QK";196.0;147.0;42.0;7.0;61927.0;3302.0;3065.154;3.165;21.429;20851385;Страх_отчет(II_чорак_2026_йил_)_uz
2026-07-01;страховщик;company:SQB INSURANCE SUG'URTA KOMPANIYASI AJ;"""SQB INSURANCE SUG‘URTA KOMPANIYASI"" AJ";3006.0;2936.0;52.0;18.0;361152.0;121339.0;49444.410;8.323;1.730;16840739;Страх_отчет(II_чорак_2026_йил_)_uz
2026-07-01;страховщик;company:TEMIRYO'L SUG'URTA AJ;"""TEMIRYO‘L SUG‘URTA"" AJ";639.0;425.0;41.0;173.0;53402.0;182107.0;14767.070;11.966;6.416;34746047;Страх_отчет(II_чорак_2026_йил_)_uz
2026-07-01;страховщик;company:TRUST-INSURANCE AJ;"""TRUST-INSURANCE"" AJ";6146.0;4302.0;834.0;1010.0;248338.0;68818.0;49375.487;24.749;13.570;11477333;Страх_отчет(II_чорак_2026_йил_)_uz
2026-07-01;страховщик;company:XALQ SUG'URTA AJ;"""XALQ SUG‘URTA"" AJ";1181.0;956.0;125.0;100.0;683099.0;164995.0;10273.703;1.729;10.584;10746552;Страх_отчет(II_чорак_2026_йил_)_uz
2026-07-01;страховщик;total;Весь рынок;137727.0;129073.0;3483.0;5171.0;12599883.0;6176459.0;2156402.648;10.931;2.529;16706845;Страх_отчет(II_чорак_2026_йил_)_uz
2026-07-01;регион;region:ANDIJON;Андижанская область;1052.0;854.0;64.0;134.0;554555.0;215839.0;19224.874;1.897;6.084;22511562;Страх_отчет(II_чорак_2026_йил_)_uz
2026-07-01;регион;region:BUXORO;Бухарская область;1129.0;821.0;91.0;217.0;410112.0;174508.0;16938.583;2.753;8.060;20631647;Страх_отчет(II_чорак_2026_йил_)_uz
2026-07-01;регион;region:FARG'ONA;Ферганская область;1567.0;1223.0;91.0;253.0;858086.0;325946.0;60676.310;1.826;5.807;49612682;Страх_отчет(II_чорак_2026_йил_)_uz
2026-07-01;регион;region:JIZZAX;Джизакская область;1037.0;888.0;50.0;99.0;299202.0;102706.0;13917.822;3.466;4.822;15673223;Страх_отчет(II_чорак_2026_йил_)_uz
2026-07-01;регион;region:NAMANGAN;Наманганская область;604.0;455.0;45.0;104.0;493430.0;212362.0;6072.397;1.224;7.450;13345927;Страх_отчет(II_чорак_2026_йил_)_uz
2026-07-01;регион;region:NAVOIY;Навоийская область;638.0;517.0;67.0;54.0;274090.0;100913.0;12106.716;2.328;10.502;23417247;Страх_отчет(II_чорак_2026_йил_)_uz
2026-07-01;регион;region:QASHQADARYO;Кашкадарьинская область;1334.0;1158.0;81.0;95.0;508314.0;207518.0;16219.018;2.624;6.072;14006061;Страх_отчет(II_чорак_2026_йил_)_uz
2026-07-01;регион;region:QORAQALPOG'ISTON RESPUBLIKASI;Республика Каракалпакстан;1383.0;1154.0;111.0;118.0;288863.0;103012.0;15320.090;4.788;8.026;13275641;Страх_отчет(II_чорак_2026_йил_)_uz
2026-07-01;регион;region:SAMARQAND;Самаркандская область;1257.0;1009.0;96.0;152.0;720182.0;302540.0;15654.893;1.745;7.637;15515256;Страх_отчет(II_чорак_2026_йил_)_uz
2026-07-01;регион;region:SIRDARYO;Сырдарьинская область;809.0;673.0;45.0;91.0;175152.0;93209.0;9288.281;4.619;5.562;13801309;Страх_отчет(II_чорак_2026_йил_)_uz
2026-07-01;регион;region:SURXANDARYO;Сурхандарьинская область;941.0;726.0;66.0;149.0;399001.0;151472.0;10726.634;2.358;7.014;14774978;Страх_отчет(II_чорак_2026_йил_)_uz
2026-07-01;регион;region:TOSHKENT;Ташкентская область;2420.0;2011.0;140.0;269.0;339572.0;175492.0;28476.010;7.127;5.785;14160124;Страх_отчет(II_чорак_2026_йил_)_uz
2026-07-01;регион;region:TOSHKENT SHAHRI;город Ташкент;122239.0;116541.0;2456.0;3242.0;6857574.0;3855045.0;1916008.506;17.825;2.009;16440639;Страх_отчет(II_чорак_2026_йил_)_uz
2026-07-01;регион;region:XORAZM;Хорезмская область;1317.0;1043.0;80.0;194.0;421750.0;155897.0;15772.512;3.123;6.074;15122255;Страх_отчет(II_чорак_2026_йил_)_uz
2026-07-01;регион;total;Республика Узбекистан;137727.0;129073.0;3483.0;5171.0;12599883.0;6176459.0;2156402.648;10.931;2.529;16706845;Страх_отчет(II_чорак_2026_йил_)_uz
