ряд;строка отчёта;дата среза;период (нарастающим итогом);премии, млн сум;выплаты, млн сум;страховые обязательства, млн сум;убыточность, % (выплаты/премии);договоров действующих на дату, шт.;договоров заключено за период, шт.;источник (разобранный отчёт)
osgor;ОСГОР — ГО работодателя (обязательное);2024-03-31;2024, 3 мес.;41574.637;41517.881;156466112.873;99.863;40934;7932;Страх_отчет(I_чорак_2025_йил_)_uz
osgor;ОСГОР — ГО работодателя (обязательное);2024-07-01;2024, 6 мес.;92762.034;61301.090;170513450.040;66.084;40657;19378;Страх_отчет(II_чорак_2025_йил_)_uz_—_filtr
osgor;ОСГОР — ГО работодателя (обязательное);2024-10-01;2024, 9 мес.;129186.276;97969.881;150562534.723;75.836;36104;25115;Страх_отчет(III_чорак_2025_йил_)_uz_—_filtr
osgor;ОСГОР — ГО работодателя (обязательное);2025-01-01;2024, 12 мес. (год завершён);248565.588;130611.670;180323995.741;52.546;36561;40326;Страх_отчет(IV_чорак_2025_йил_)_uz_—_filtr
osgor;ОСГОР — ГО работодателя (обязательное);2025-03-31;2025, 3 мес.;73703.882;32291.432;194495636.287;43.812;42342;13267;Страх_отчет(I_чорак_2025_йил_)_uz
osgor;ОСГОР — ГО работодателя (обязательное);2025-07-01;2025, 6 мес.;137168.736;79721.341;212472967.766;58.119;44950;25847;Страх_отчет(II_чорак_2026_йил_)_uz
osgor;ОСГОР — ГО работодателя (обязательное);2025-10-01;2025, 9 мес.;177425.298;112671.502;223241769.758;63.504;48176;33574;Страх_отчет(III_чорак_2025_йил_)_uz_—_filtr
osgor;ОСГОР — ГО работодателя (обязательное);2026-01-01;2025, 12 мес. (год завершён);285879.358;135434.461;248634255.185;47.375;51144;51046;Страх_отчет(IV_чорак_2025_йил_)_uz_—_filtr
osgor;ОСГОР — ГО работодателя (обязательное);2026-07-01;2026, 6 мес.;182791.529;66519.523;257378573.674;36.391;49715;25993;Страх_отчет(II_чорак_2026_йил_)_uz
osgor_annuity;ОСГОР — аннуитеты;2024-03-31;2024, 3 мес.;17170.537;3065.399;100173.511;17.853;801;52;Страх_отчет(I_чорак_2025_йил_)_uz
osgor_annuity;ОСГОР — аннуитеты;2024-07-01;2024, 6 мес.;25185.491;5772.551;92776.458;22.920;753;72;Страх_отчет(II_чорак_2025_йил_)_uz_—_filtr
osgor_annuity;ОСГОР — аннуитеты;2024-10-01;2024, 9 мес.;37328.751;10075.615;100623.016;26.992;801;132;Страх_отчет(III_чорак_2025_йил_)_uz_—_filtr
osgor_annuity;ОСГОР — аннуитеты;2025-01-01;2024, 12 мес. (год завершён);48162.282;14684.421;108217.273;30.489;853;193;Страх_отчет(IV_чорак_2025_йил_)_uz_—_filtr
osgor_annuity;ОСГОР — аннуитеты;2025-03-31;2025, 3 мес.;20814.669;6726.500;102071.915;32.316;829;36;Страх_отчет(I_чорак_2025_йил_)_uz
osgor_annuity;ОСГОР — аннуитеты;2025-07-01;2025, 6 мес.;28459.265;9590.353;98504.033;33.699;843;71;Страх_отчет(II_чорак_2026_йил_)_uz
osgor_annuity;ОСГОР — аннуитеты;2025-10-01;2025, 9 мес.;52196.333;15208.781;118729.882;29.138;937;191;Страх_отчет(III_чорак_2025_йил_)_uz_—_filtr
osgor_annuity;ОСГОР — аннуитеты;2026-01-01;2025, 12 мес. (год завершён);65637.425;20306.207;156806.221;30.937;1207;239;Страх_отчет(IV_чорак_2025_йил_)_uz_—_filtr
osgor_annuity;ОСГОР — аннуитеты;2026-07-01;2026, 6 мес.;27105.259;12048.555;172453.332;44.451;1148;76;Страх_отчет(II_чорак_2026_йил_)_uz
