Класс;Название класса;id набора;Набор;Источник;Номер у источника;Регионы;Период от;Период до;Строк в базе;Единица;Что даёт;Показатель в анализе;В балле уровня риска;Страница набора;Адрес данных;Ограничения
1;Несчастные случаи;road_accidents;Количество дорожно-транспортных происшествий (по регионам);data.egov.uz;6114e2b9114fbfdc20c354d2;да;2014;2023;150;единиц;частота;Дорожно-транспортные происшествия;нет;https://data.egov.uz/rus/data/6114e2b9114fbfdc20c354d2;https://data.egov.uz/apiData/MainData/GetByFile?id=6114e2b9114fbfdc20c354d2&fileType=1&tableType=2;"2014–2023 годы; 2024 год лежит в отдельном наборе road_accidents_2024; это все ДТП по учёту органа статистики, а не страховые случаи"
1;Несчастные случаи;road_accidents_2024;Количество дорожно-транспортных происшествий (2024, по регионам);data.egov.uz;6114e27e114fbfdc20c354cc;да;2024;2024;15;единиц;частота;Дорожно-транспортные происшествия;нет;https://data.egov.uz/rus/data/6114e27e114fbfdc20c354cc;https://data.egov.uz/apiData/MainData/GetByFile?id=6114e27e114fbfdc20c354cc&fileType=1&tableType=2;"в наборе столбцы нарастающим итогом (январь–март … январь–декабрь); берётся только январь–декабрь как год"
1;Несчастные случаи;road_injured;Количество пострадавших в дорожно-транспортных происшествиях (по регионам);data.egov.uz;6114e246114fbfdc20c354c8;да;2014;2023;150;человек;тяжесть;Пострадавшие в ДТП;да;https://data.egov.uz/rus/data/6114e246114fbfdc20c354c8;https://data.egov.uz/apiData/MainData/GetByFile?id=6114e246114fbfdc20c354c8&fileType=1&tableType=2;"2014–2023 годы; 2024 год лежит в отдельном наборе road_injured_2024; погибшие и раненые вместе, раздельно по регионам не даются"
1;Несчастные случаи;road_injured_2024;Количество пострадавших в дорожно-транспортных происшествиях (2024, по регионам);data.egov.uz;6114e1fd114fbfdc20c354c2;да;2024;2024;15;человек;тяжесть;Пострадавшие в ДТП;да;https://data.egov.uz/rus/data/6114e1fd114fbfdc20c354c2;https://data.egov.uz/apiData/MainData/GetByFile?id=6114e1fd114fbfdc20c354c2&fileType=1&tableType=2;"столбцы нарастающим итогом; берётся только январь–декабрь 2024; январь–март 2025 не сохраняется (неполный год)"
1;Несчастные случаи;road_death_rate;Смертность в результате дорожно-транспортных происшествий (ЦУР 3.6.1);data.egov.uz;61bc3675ae25c8ecefbfe0df;нет (только республика);2000;2020;21;на 100 000 человек;тяжесть;Смертность в ДТП на 100 000 жителей;нет;https://data.egov.uz/rus/data/61bc3675ae25c8ecefbfe0df;https://data.egov.uz/apiData/MainData/GetByFile?id=61bc3675ae25c8ecefbfe0df&fileType=1&tableType=2;"только по республике, разреза регионов нет; единица по методике ЦУР 3.6.1 (на 100 000 населения) — в самом наборе не подписана"
1;Несчастные случаи;deaths_total;Число умерших (всего);stat.uz;226;да;2010;2025;240;человек;справочно;—;нет;https://stat.uz/ru/ofitsialnaya-statistika/demography;https://api.siat.stat.uz/media/uploads/sdmx/sdmx_data_226.json;"все причины смерти вместе; причин по регионам в открытых данных нет"
1;Несчастные случаи;mortality_rate;Коэффициент смертности (всего);stat.uz;229;да;2010;2025;240;промилле;частота;Коэффициент смертности;да;https://stat.uz/ru/ofitsialnaya-statistika/demography;https://api.siat.stat.uz/media/uploads/sdmx/sdmx_data_229.json;общий коэффициент, без поправки на возрастной состав региона
1;Несчастные случаи;disability_primary;Первичная инвалидность (всего);stat.uz;2742;нет (только республика);2017;2024;8;человек;тяжесть;Впервые признаны лицами с инвалидностью (всего);нет;https://stat.uz/ru/ofitsialnaya-statistika/social-protection;https://api.siat.stat.uz/media/uploads/sdmx/sdmx_data_2742.json;только по республике, разреза регионов нет
1;Несчастные случаи;disability_work_injury_m;Впервые признаны лицами с инвалидностью по причине трудового увечья (мужчины);stat.uz;3475;нет (только республика);2017;2024;8;человек;тяжесть;Инвалидность из-за трудового увечья (мужчины + женщины);нет;https://stat.uz/ru/ofitsialnaya-statistika/social-protection;https://api.siat.stat.uz/media/uploads/sdmx/sdmx_data_3475.json;"только по республике; мужчины и женщины — разные наборы (женщины — 3487)"
1;Несчастные случаи;disability_work_injury_f;Впервые признаны лицами с инвалидностью по причине трудового увечья (женщины);stat.uz;3487;нет (только республика);2017;2024;8;человек;тяжесть;Инвалидность из-за трудового увечья (мужчины + женщины);нет;https://stat.uz/ru/ofitsialnaya-statistika/social-protection;https://api.siat.stat.uz/media/uploads/sdmx/sdmx_data_3487.json;только по республике
1;Несчастные случаи;work_injury_fatal_rate;Производственные травмы со смертельным исходом на 100 000 работников по видам экономической деятельности;data.egov.uz;61166677114fbfdc20c3687d;нет (только республика);2020;2020;13;на 100 000 работников;частота;Смертельные травмы на производстве на 100 000 работников;нет;https://data.egov.uz/rus/data/61166677114fbfdc20c3687d;https://data.egov.uz/apiData/MainData/GetByFile?id=61166677114fbfdc20c3687d&fileType=1&tableType=2;"только по республике, разрез — виды деятельности, а не регионы; в наборе один год — 2020; свежее органом статистики на портале не выложено"
1;Несчастные случаи;work_injury_nonfatal_rate;Несмертельные производственные травмы на 100 000 работников по видам экономической деятельности;data.egov.uz;6117852c96188a0f14ac90c4;нет (только республика);2020;2020;13;на 100 000 работников;частота;Несмертельные травмы на производстве на 100 000 работников;нет;https://data.egov.uz/rus/data/6117852c96188a0f14ac90c4;https://data.egov.uz/apiData/MainData/GetByFile?id=6117852c96188a0f14ac90c4&fileType=1&tableType=2;"только по республике, разрез — виды деятельности; один год — 2020"
1;Несчастные случаи;work_accidents;Количество несчастных случаев на производстве (по видам деятельности);data.egov.uz;6117876296188a0f14ac90d3;нет (только республика);2020;2020;10;единиц;справочно;—;нет;https://data.egov.uz/rus/data/6117876296188a0f14ac90d3;https://data.egov.uz/apiData/MainData/GetByFile?id=6117876296188a0f14ac90d3&fileType=1&tableType=2;"только по республике; один год — 2020"
1;Несчастные случаи;passengers_road;Количество перевезённых пассажиров автомобильным транспортом;stat.uz;599;да;2000;2025;390;млн человек;экспозиция;Перевезено пассажиров автотранспортом;нет;https://stat.uz/ru/ofitsialnaya-statistika/services;https://api.siat.stat.uz/media/uploads/sdmx/sdmx_data_599.json;объём перевозок, а не аварийность
1;Несчастные случаи;—;НЕ НАЙДЕНО В ОТКРЫТЫХ ДАННЫХ;stat.uz, data.egov.uz;;;;;;;;;;;;"бытового травматизма населения по регионам нет; производственный травматизм — только 2020 год и только по республике"
2;На случай болезни;deaths_total;Число умерших (всего);stat.uz;226;да;2010;2025;240;человек;справочно;—;нет;https://stat.uz/ru/ofitsialnaya-statistika/demography;https://api.siat.stat.uz/media/uploads/sdmx/sdmx_data_226.json;"все причины смерти вместе; причин по регионам в открытых данных нет"
2;На случай болезни;mortality_rate;Коэффициент смертности (всего);stat.uz;229;да;2010;2025;240;промилле;частота;Коэффициент смертности;да;https://stat.uz/ru/ofitsialnaya-statistika/demography;https://api.siat.stat.uz/media/uploads/sdmx/sdmx_data_229.json;общий коэффициент, без поправки на возрастной состав региона
2;На случай болезни;respiratory_morbidity;Заболеваемость острыми инфекциями верхних и нижних дыхательных путей;stat.uz;1953;да;2012;2024;195;единиц (случаев);частота;Заболеваемость острыми инфекциями дыхательных путей;нет;https://stat.uz/ru/ofitsialnaya-statistika/social-protection;https://api.siat.stat.uz/media/uploads/sdmx/sdmx_data_1953.json;"одна группа болезней; общей первичной заболеваемости по годам и регионам в открытых данных нет (набор Минздрава на data.egov.uz — без указания года)"
2;На случай болезни;doctors_per_10k;Численность врачей на 10 000 населения;stat.uz;3193;да;2010;2025;240;на 10 000 населения;условия лечения;Врачей на 10 000 жителей;нет;https://stat.uz/ru/ofitsialnaya-statistika/social-protection;https://api.siat.stat.uz/media/uploads/sdmx/sdmx_data_3193.json;"обеспеченность врачами — не риск, а условие лечения; в балл риска не входит"
2;На случай болезни;hospital_beds_per_10k;Число больничных коек на 10 000 населения;stat.uz;3194;да;2010;2025;240;на 10 000 населения;условия лечения;Больничных коек на 10 000 жителей;нет;https://stat.uz/ru/ofitsialnaya-statistika/social-protection;https://api.siat.stat.uz/media/uploads/sdmx/sdmx_data_3194.json;в балл риска не входит — показатель условия лечения, а не частоты
2;На случай болезни;disability_primary;Первичная инвалидность (всего);stat.uz;2742;нет (только республика);2017;2024;8;человек;тяжесть;Впервые признаны лицами с инвалидностью (всего);нет;https://stat.uz/ru/ofitsialnaya-statistika/social-protection;https://api.siat.stat.uz/media/uploads/sdmx/sdmx_data_2742.json;только по республике, разреза регионов нет
2;На случай болезни;—;НЕ НАЙДЕНО В ОТКРЫТЫХ ДАННЫХ;stat.uz, data.egov.uz;;;;;;;;;;;;"общей заболеваемости по регионам по годам нет (набор Минздрава на data.egov.uz без указания года); есть одна группа болезней (острые инфекции дыхательных путей) и смертность"
3;Наземный транспорт;cars_per_100_households;Количество автомобилей на 100 домохозяйств;stat.uz;579;нет (только республика);2010;2025;16;штук;экспозиция;Автомобилей на 100 домохозяйств;нет;https://stat.uz/ru/ofitsialnaya-statistika/living-standards;https://api.siat.stat.uz/media/uploads/sdmx/sdmx_data_579.json;"ТОЛЬКО по республике, разреза регионов нет; это обеспеченность домохозяйств, а не число машин на учёте; подменять ею парк региона нельзя"
3;Наземный транспорт;road_accidents;Количество дорожно-транспортных происшествий (по регионам);data.egov.uz;6114e2b9114fbfdc20c354d2;да;2014;2023;150;единиц;частота;Дорожно-транспортные происшествия;да;https://data.egov.uz/rus/data/6114e2b9114fbfdc20c354d2;https://data.egov.uz/apiData/MainData/GetByFile?id=6114e2b9114fbfdc20c354d2&fileType=1&tableType=2;"2014–2023 годы; 2024 год лежит в отдельном наборе road_accidents_2024; это все ДТП по учёту органа статистики, а не страховые случаи"
3;Наземный транспорт;road_accidents_2024;Количество дорожно-транспортных происшествий (2024, по регионам);data.egov.uz;6114e27e114fbfdc20c354cc;да;2024;2024;15;единиц;частота;Дорожно-транспортные происшествия;да;https://data.egov.uz/rus/data/6114e27e114fbfdc20c354cc;https://data.egov.uz/apiData/MainData/GetByFile?id=6114e27e114fbfdc20c354cc&fileType=1&tableType=2;"в наборе столбцы нарастающим итогом (январь–март … январь–декабрь); берётся только январь–декабрь как год"
3;Наземный транспорт;road_injured;Количество пострадавших в дорожно-транспортных происшествиях (по регионам);data.egov.uz;6114e246114fbfdc20c354c8;да;2014;2023;150;человек;тяжесть;Пострадавшие в ДТП;да;https://data.egov.uz/rus/data/6114e246114fbfdc20c354c8;https://data.egov.uz/apiData/MainData/GetByFile?id=6114e246114fbfdc20c354c8&fileType=1&tableType=2;"2014–2023 годы; 2024 год лежит в отдельном наборе road_injured_2024; погибшие и раненые вместе, раздельно по регионам не даются"
3;Наземный транспорт;road_injured_2024;Количество пострадавших в дорожно-транспортных происшествиях (2024, по регионам);data.egov.uz;6114e1fd114fbfdc20c354c2;да;2024;2024;15;человек;тяжесть;Пострадавшие в ДТП;да;https://data.egov.uz/rus/data/6114e1fd114fbfdc20c354c2;https://data.egov.uz/apiData/MainData/GetByFile?id=6114e1fd114fbfdc20c354c2&fileType=1&tableType=2;"столбцы нарастающим итогом; берётся только январь–декабрь 2024; январь–март 2025 не сохраняется (неполный год)"
3;Наземный транспорт;road_death_rate;Смертность в результате дорожно-транспортных происшествий (ЦУР 3.6.1);data.egov.uz;61bc3675ae25c8ecefbfe0df;нет (только республика);2000;2020;21;на 100 000 человек;тяжесть;Смертность в ДТП на 100 000 жителей;нет;https://data.egov.uz/rus/data/61bc3675ae25c8ecefbfe0df;https://data.egov.uz/apiData/MainData/GetByFile?id=61bc3675ae25c8ecefbfe0df&fileType=1&tableType=2;"только по республике, разреза регионов нет; единица по методике ЦУР 3.6.1 (на 100 000 населения) — в самом наборе не подписана"
3;Наземный транспорт;thefts;Число зарегистрированных краж (всего);stat.uz;888;да;2010;2025;240;единиц;частота;Зарегистрированные кражи;нет;https://stat.uz/ru/ofitsialnaya-statistika/crime-and-justice;https://api.siat.stat.uz/media/uploads/sdmx/sdmx_data_888.json;"все кражи вместе: угоны автомобилей и кражи грузов отдельно не выделены; с 2024 года ряд резко вырос (14,9 тыс. → 48,4 тыс.) — вероятно, изменение учёта; тренд 2024 к 2023 читать с осторожностью"
3;Наземный транспорт;freight_road;Объём перевезённых грузов автомобильным транспортом;stat.uz;479;да;2000;2025;390;млн т;экспозиция;Перевезено грузов автотранспортом;нет;https://stat.uz/ru/ofitsialnaya-statistika/services;https://api.siat.stat.uz/media/uploads/sdmx/sdmx_data_479.json;это объём, а не аварийность: частоты убытков по грузам в открытых данных нет
3;Наземный транспорт;passengers_road;Количество перевезённых пассажиров автомобильным транспортом;stat.uz;599;да;2000;2025;390;млн человек;экспозиция;Перевезено пассажиров автотранспортом;нет;https://stat.uz/ru/ofitsialnaya-statistika/services;https://api.siat.stat.uz/media/uploads/sdmx/sdmx_data_599.json;объём перевозок, а не аварийность
3;Наземный транспорт;—;НЕ НАЙДЕНО В ОТКРЫТЫХ ДАННЫХ;stat.uz, data.egov.uz;;;;;;;;;;;;парка транспортных средств по регионам и угонов отдельно от прочих краж нет
4;Ж/д подвижной состав;freight_rail;Объём перевезённых грузов железнодорожным транспортом;stat.uz;525;нет (только республика);2000;2025;26;млн т;экспозиция;Перевезено грузов железной дорогой;нет;https://stat.uz/ru/ofitsialnaya-statistika/services;https://api.siat.stat.uz/media/uploads/sdmx/sdmx_data_525.json;"только по республике; аварий на железной дороге в открытых данных нет"
4;Ж/д подвижной состав;passengers_rail;Количество отправленных пассажиров железнодорожным транспортом;stat.uz;634;нет (только республика);2000;2025;26;млн человек;экспозиция;Отправлено пассажиров железной дорогой;нет;https://stat.uz/ru/ofitsialnaya-statistika/services;https://api.siat.stat.uz/media/uploads/sdmx/sdmx_data_634.json;только по республике
4;Ж/д подвижной состав;—;НЕ НАЙДЕНО В ОТКРЫТЫХ ДАННЫХ;stat.uz, data.egov.uz;;;;;;;;;;;;аварий и происшествий на железной дороге нет — только объём перевозок по республике
5;Авиационное;freight_air;Объём перевезённых грузов воздушным транспортом;stat.uz;498;нет (только республика);2000;2025;26;тыс. т;экспозиция;Перевезено грузов воздушным транспортом;нет;https://stat.uz/ru/ofitsialnaya-statistika/services;https://api.siat.stat.uz/media/uploads/sdmx/sdmx_data_498.json;"только по республике; авиационных происшествий в открытых данных нет"
5;Авиационное;passengers_air;Количество отправленных пассажиров воздушным транспортом;stat.uz;614;нет (только республика);2000;2025;26;млн человек;экспозиция;Отправлено пассажиров воздушным транспортом;нет;https://stat.uz/ru/ofitsialnaya-statistika/services;https://api.siat.stat.uz/media/uploads/sdmx/sdmx_data_614.json;только по республике
5;Авиационное;—;НЕ НАЙДЕНО В ОТКРЫТЫХ ДАННЫХ;stat.uz, data.egov.uz;;;;;;;;;;;;авиационных происшествий нет — только объём перевозок по республике
6;Морское;—;НЕ НАЙДЕНО В ОТКРЫТЫХ ДАННЫХ;stat.uz, data.egov.uz;;;;;;;;;;;;морского и речного транспорта в статистике нет (ни перевозок, ни аварий)
7;Имущество в пути (грузы);road_accidents;Количество дорожно-транспортных происшествий (по регионам);data.egov.uz;6114e2b9114fbfdc20c354d2;да;2014;2023;150;единиц;частота;Дорожно-транспортные происшествия;да;https://data.egov.uz/rus/data/6114e2b9114fbfdc20c354d2;https://data.egov.uz/apiData/MainData/GetByFile?id=6114e2b9114fbfdc20c354d2&fileType=1&tableType=2;"2014–2023 годы; 2024 год лежит в отдельном наборе road_accidents_2024; это все ДТП по учёту органа статистики, а не страховые случаи"
7;Имущество в пути (грузы);road_accidents_2024;Количество дорожно-транспортных происшествий (2024, по регионам);data.egov.uz;6114e27e114fbfdc20c354cc;да;2024;2024;15;единиц;частота;Дорожно-транспортные происшествия;да;https://data.egov.uz/rus/data/6114e27e114fbfdc20c354cc;https://data.egov.uz/apiData/MainData/GetByFile?id=6114e27e114fbfdc20c354cc&fileType=1&tableType=2;"в наборе столбцы нарастающим итогом (январь–март … январь–декабрь); берётся только январь–декабрь как год"
7;Имущество в пути (грузы);thefts;Число зарегистрированных краж (всего);stat.uz;888;да;2010;2025;240;единиц;частота;Зарегистрированные кражи;нет;https://stat.uz/ru/ofitsialnaya-statistika/crime-and-justice;https://api.siat.stat.uz/media/uploads/sdmx/sdmx_data_888.json;"все кражи вместе: угоны автомобилей и кражи грузов отдельно не выделены; с 2024 года ряд резко вырос (14,9 тыс. → 48,4 тыс.) — вероятно, изменение учёта; тренд 2024 к 2023 читать с осторожностью"
7;Имущество в пути (грузы);robberies;Число зарегистрированных грабежей и разбоев (всего);stat.uz;880;нет (только республика);2010;2025;16;единиц;частота;Грабежи и разбои;нет;https://stat.uz/ru/ofitsialnaya-statistika/crime-and-justice;https://api.siat.stat.uz/media/uploads/sdmx/sdmx_data_880.json;только по республике, разреза регионов нет
7;Имущество в пути (грузы);freight_road;Объём перевезённых грузов автомобильным транспортом;stat.uz;479;да;2000;2025;390;млн т;экспозиция;Перевезено грузов автотранспортом;нет;https://stat.uz/ru/ofitsialnaya-statistika/services;https://api.siat.stat.uz/media/uploads/sdmx/sdmx_data_479.json;это объём, а не аварийность: частоты убытков по грузам в открытых данных нет
7;Имущество в пути (грузы);freight_rail;Объём перевезённых грузов железнодорожным транспортом;stat.uz;525;нет (только республика);2000;2025;26;млн т;экспозиция;Перевезено грузов железной дорогой;нет;https://stat.uz/ru/ofitsialnaya-statistika/services;https://api.siat.stat.uz/media/uploads/sdmx/sdmx_data_525.json;"только по республике; аварий на железной дороге в открытых данных нет"
7;Имущество в пути (грузы);freight_air;Объём перевезённых грузов воздушным транспортом;stat.uz;498;нет (только республика);2000;2025;26;тыс. т;экспозиция;Перевезено грузов воздушным транспортом;нет;https://stat.uz/ru/ofitsialnaya-statistika/services;https://api.siat.stat.uz/media/uploads/sdmx/sdmx_data_498.json;"только по республике; авиационных происшествий в открытых данных нет"
7;Имущество в пути (грузы);freight_total;Объём перевезённых грузов всеми видами транспорта;stat.uz;517;нет (только республика);2000;2025;26;млн т;экспозиция;Перевезено грузов всеми видами транспорта;нет;https://stat.uz/ru/ofitsialnaya-statistika/services;https://api.siat.stat.uz/media/uploads/sdmx/sdmx_data_517.json;только по республике
7;Имущество в пути (грузы);—;НЕ НАЙДЕНО В ОТКРЫТЫХ ДАННЫХ;stat.uz, data.egov.uz;;;;;;;;;;;;краж грузов и аварий с грузами отдельно нет — только объём перевозок (автотранспорт по регионам)
8;Имущество от огня и стихии;household_size;Информация о среднем составе домашних хозяйств;stat.uz;1325;да;2010;2025;240;человек;справочно;—;нет;https://stat.uz/ru/ofitsialnaya-statistika/living-standards;https://api.siat.stat.uz/media/uploads/sdmx/sdmx_data_1325.json;"само число домохозяйств по регионам орган статистики открыто не публикует; деление населения на средний состав — это уже расчёт, а не данные источника; показатель выборочный (обследование домохозяйств)"
8;Имущество от огня и стихии;housing_fund_area;Общая площадь жилищного фонда;stat.uz;1244;да;2010;2025;240;на конец года, кв. м;уязвимость;Доля глинобитного жилья и жилья из сырцового кирпича;да;https://stat.uz/ru/ofitsialnaya-statistika/environment;https://api.siat.stat.uz/media/uploads/sdmx/sdmx_data_1244.json;"на конец года; свежесть — год назад"
8;Имущество от огня и стихии;dwellings_count;Количество квартир (домов);stat.uz;1245;да;2010;2025;240;на конец года, единиц;справочно;—;нет;https://stat.uz/ru/ofitsialnaya-statistika/environment;https://api.siat.stat.uz/media/uploads/sdmx/sdmx_data_1245.json;на конец года
8;Имущество от огня и стихии;housing_fund_by_walls_brick;Распределение жилищного фонда по материалу стен: жжёный кирпич;stat.uz;1256;да;2010;2025;240;на конец года, тысяч кв. м;справочно;—;нет;https://stat.uz/ru/ofitsialnaya-statistika/environment;https://api.siat.stat.uz/media/uploads/sdmx/sdmx_data_1256.json;"это структура всего фонда, а не конкретного объекта; коэффициент объекта по ней калибровать нельзя"
8;Имущество от огня и стихии;housing_commissioned;Общая площадь введённого в эксплуатацию жилья;stat.uz;1905;да;2010;2026-Q2;645;тысяча квадратных метров;справочно;—;нет;https://stat.uz/ru/ofitsialnaya-statistika/investments;https://api.siat.stat.uz/media/uploads/sdmx/sdmx_data_1905.json;в одном наборе смешаны годовые и квартальные столбцы — они разведены по полю period
8;Имущество от огня и стихии;house_price_index;Динамика индекса цен на рынке жилья (к предыдущему кварталу);stat.uz;1305;да;2022-Q1;2026-Q1;255;процент;справочно;—;нет;https://stat.uz/ru/ofitsialnaya-statistika/prices-and-indexes;https://api.siat.stat.uz/media/uploads/sdmx/sdmx_data_1305.json;"это ИНДЕКС (к предыдущему кварталу), а не цена квадратного метра; уровня цен орган статистики открыто не даёт; ряд начинается с 2022-Q1"
8;Имущество от огня и стихии;house_price_index_primary;Динамика индекса цен на первичном рынке жилья (к предыдущему кварталу);stat.uz;1306;да;2020-Q2;2026-Q1;360;процент;справочно;—;нет;https://stat.uz/ru/ofitsialnaya-statistika/prices-and-indexes;https://api.siat.stat.uz/media/uploads/sdmx/sdmx_data_1306.json;индекс, не уровень цен
8;Имущество от огня и стихии;house_price_index_secondary;Динамика индекса цен на вторичном рынке жилья (к предыдущему кварталу);stat.uz;1307;да;2020-Q2;2026-Q1;360;процент;справочно;—;нет;https://stat.uz/ru/ofitsialnaya-statistika/prices-and-indexes;https://api.siat.stat.uz/media/uploads/sdmx/sdmx_data_1307.json;индекс, не уровень цен
8;Имущество от огня и стихии;cpi_annual;Годовая динамика индекса потребительских цен (к декабрю предыдущего года);stat.uz;3003;нет (только республика);2000;2025;26;процент;справочно;—;нет;https://stat.uz/ru/ofitsialnaya-statistika/prices-and-indexes;https://api.siat.stat.uz/media/uploads/sdmx/sdmx_data_3003.json;только по республике, разреза регионов нет
8;Имущество от огня и стихии;construction_price_index_m;Динамика индекса цен на инвестиции в основной капитал и строительные работы (к предыдущему месяцу);stat.uz;1301;нет (только республика);2010-M01;2026-M08;12800;процент;справочно;—;нет;https://stat.uz/ru/ofitsialnaya-statistika/prices-and-indexes;https://api.siat.stat.uz/media/uploads/sdmx/sdmx_data_1301.json;"строки — не регионы, а виды затрат (сводный индекс, СМР, материалы …); разреза регионов нет; месяцы до 2021 года подписаны кириллической «М», позже латинской «M» — период нормализуется к виду ГГГГ-MNN"
8;Имущество от огня и стихии;construction_price_index_y;Годовая динамика индекса цен на инвестиции в основной капитал и строительные работы (к декабрю предыдущего года);stat.uz;1302;нет (только республика);2010;2025;16;процент;тяжесть;Индекс цен на строительство (к декабрю прошлого года);нет;https://stat.uz/ru/ofitsialnaya-statistika/prices-and-indexes;https://api.siat.stat.uz/media/uploads/sdmx/sdmx_data_1302.json;только по республике
8;Имущество от огня и стихии;emergencies;Статистика произошедших чрезвычайных ситуаций (МЧС);data.egov.uz;674026018f55e7be2f46f1f0;нет (только республика);2025-Q2;2026-Q2;6;случаев;частота;Чрезвычайные ситуации (всего);нет;https://data.egov.uz/rus/data/674026018f55e7be2f46f1f0;https://data.egov.uz/apiData/MainData/GetByFile?id=674026018f55e7be2f46f1f0&fileType=1&tableType=2;"в наборе всего два периода: II квартал 2025 и II квартал 2026; нет разреза регионов, нет сумм ущерба и числа пострадавших объектов; для расчёта убыточности классов 8 и 9 этого недостаточно"
8;Имущество от огня и стихии;housing_walls_adobe;Распределение жилищного фонда по материалу стен: глинобитные;stat.uz;1260;да;2010;2025;240;на конец года, тысяч кв. м;уязвимость;Доля глинобитного жилья и жилья из сырцового кирпича;да;https://stat.uz/ru/ofitsialnaya-statistika/environment;https://api.siat.stat.uz/media/uploads/sdmx/sdmx_data_1260.json;структура всего жилищного фонда, а не нежилых объектов и не конкретного объекта
8;Имущество от огня и стихии;housing_walls_raw_brick;Распределение жилищного фонда по материалу стен: сырцовый кирпич;stat.uz;1257;да;2010;2025;240;на конец года, тысяч кв. м;уязвимость;Доля глинобитного жилья и жилья из сырцового кирпича;да;https://stat.uz/ru/ofitsialnaya-statistika/environment;https://api.siat.stat.uz/media/uploads/sdmx/sdmx_data_1257.json;структура всего жилищного фонда
8;Имущество от огня и стихии;—;НЕ НАЙДЕНО В ОТКРЫТЫХ ДАННЫХ;stat.uz, data.egov.uz;;;;;;;;;;;;"пожаров и ущерба от пожаров по регионам нет (единственный набор про пожары пуст); ЧС МЧС — два квартала без регионов и без сумм ущерба; перечня землетрясений нет"
9;Имущество от ущерба;household_size;Информация о среднем составе домашних хозяйств;stat.uz;1325;да;2010;2025;240;человек;справочно;—;нет;https://stat.uz/ru/ofitsialnaya-statistika/living-standards;https://api.siat.stat.uz/media/uploads/sdmx/sdmx_data_1325.json;"само число домохозяйств по регионам орган статистики открыто не публикует; деление населения на средний состав — это уже расчёт, а не данные источника; показатель выборочный (обследование домохозяйств)"
9;Имущество от ущерба;housing_fund_area;Общая площадь жилищного фонда;stat.uz;1244;да;2010;2025;240;на конец года, кв. м;справочно;—;нет;https://stat.uz/ru/ofitsialnaya-statistika/environment;https://api.siat.stat.uz/media/uploads/sdmx/sdmx_data_1244.json;"на конец года; свежесть — год назад"
9;Имущество от ущерба;dwellings_count;Количество квартир (домов);stat.uz;1245;да;2010;2025;240;на конец года, единиц;справочно;—;нет;https://stat.uz/ru/ofitsialnaya-statistika/environment;https://api.siat.stat.uz/media/uploads/sdmx/sdmx_data_1245.json;на конец года
9;Имущество от ущерба;housing_commissioned;Общая площадь введённого в эксплуатацию жилья;stat.uz;1905;да;2010;2026-Q2;645;тысяча квадратных метров;справочно;—;нет;https://stat.uz/ru/ofitsialnaya-statistika/investments;https://api.siat.stat.uz/media/uploads/sdmx/sdmx_data_1905.json;в одном наборе смешаны годовые и квартальные столбцы — они разведены по полю period
9;Имущество от ущерба;house_price_index;Динамика индекса цен на рынке жилья (к предыдущему кварталу);stat.uz;1305;да;2022-Q1;2026-Q1;255;процент;справочно;—;нет;https://stat.uz/ru/ofitsialnaya-statistika/prices-and-indexes;https://api.siat.stat.uz/media/uploads/sdmx/sdmx_data_1305.json;"это ИНДЕКС (к предыдущему кварталу), а не цена квадратного метра; уровня цен орган статистики открыто не даёт; ряд начинается с 2022-Q1"
9;Имущество от ущерба;house_price_index_primary;Динамика индекса цен на первичном рынке жилья (к предыдущему кварталу);stat.uz;1306;да;2020-Q2;2026-Q1;360;процент;справочно;—;нет;https://stat.uz/ru/ofitsialnaya-statistika/prices-and-indexes;https://api.siat.stat.uz/media/uploads/sdmx/sdmx_data_1306.json;индекс, не уровень цен
9;Имущество от ущерба;house_price_index_secondary;Динамика индекса цен на вторичном рынке жилья (к предыдущему кварталу);stat.uz;1307;да;2020-Q2;2026-Q1;360;процент;справочно;—;нет;https://stat.uz/ru/ofitsialnaya-statistika/prices-and-indexes;https://api.siat.stat.uz/media/uploads/sdmx/sdmx_data_1307.json;индекс, не уровень цен
9;Имущество от ущерба;cpi_annual;Годовая динамика индекса потребительских цен (к декабрю предыдущего года);stat.uz;3003;нет (только республика);2000;2025;26;процент;справочно;—;нет;https://stat.uz/ru/ofitsialnaya-statistika/prices-and-indexes;https://api.siat.stat.uz/media/uploads/sdmx/sdmx_data_3003.json;только по республике, разреза регионов нет
9;Имущество от ущерба;construction_price_index_m;Динамика индекса цен на инвестиции в основной капитал и строительные работы (к предыдущему месяцу);stat.uz;1301;нет (только республика);2010-M01;2026-M08;12800;процент;справочно;—;нет;https://stat.uz/ru/ofitsialnaya-statistika/prices-and-indexes;https://api.siat.stat.uz/media/uploads/sdmx/sdmx_data_1301.json;"строки — не регионы, а виды затрат (сводный индекс, СМР, материалы …); разреза регионов нет; месяцы до 2021 года подписаны кириллической «М», позже латинской «M» — период нормализуется к виду ГГГГ-MNN"
9;Имущество от ущерба;construction_price_index_y;Годовая динамика индекса цен на инвестиции в основной капитал и строительные работы (к декабрю предыдущего года);stat.uz;1302;нет (только республика);2010;2025;16;процент;тяжесть;Индекс цен на строительство (к декабрю прошлого года);нет;https://stat.uz/ru/ofitsialnaya-statistika/prices-and-indexes;https://api.siat.stat.uz/media/uploads/sdmx/sdmx_data_1302.json;только по республике
9;Имущество от ущерба;emergencies;Статистика произошедших чрезвычайных ситуаций (МЧС);data.egov.uz;674026018f55e7be2f46f1f0;нет (только республика);2025-Q2;2026-Q2;6;случаев;частота;Чрезвычайные ситуации (всего);нет;https://data.egov.uz/rus/data/674026018f55e7be2f46f1f0;https://data.egov.uz/apiData/MainData/GetByFile?id=674026018f55e7be2f46f1f0&fileType=1&tableType=2;"в наборе всего два периода: II квартал 2025 и II квартал 2026; нет разреза регионов, нет сумм ущерба и числа пострадавших объектов; для расчёта убыточности классов 8 и 9 этого недостаточно"
9;Имущество от ущерба;crimes_total;Число зарегистрированных преступлений (по регионам);stat.uz;800;да;2010;2025;240;единиц;частота;Зарегистрированные преступления;да;https://stat.uz/ru/ofitsialnaya-statistika/crime-and-justice;https://api.siat.stat.uz/media/uploads/sdmx/sdmx_data_800.json;"все виды преступлений вместе; зарегистрированные, а не раскрытые"
9;Имущество от ущерба;thefts;Число зарегистрированных краж (всего);stat.uz;888;да;2010;2025;240;единиц;частота;Зарегистрированные кражи;да;https://stat.uz/ru/ofitsialnaya-statistika/crime-and-justice;https://api.siat.stat.uz/media/uploads/sdmx/sdmx_data_888.json;"все кражи вместе: угоны автомобилей и кражи грузов отдельно не выделены; с 2024 года ряд резко вырос (14,9 тыс. → 48,4 тыс.) — вероятно, изменение учёта; тренд 2024 к 2023 читать с осторожностью"
9;Имущество от ущерба;robberies;Число зарегистрированных грабежей и разбоев (всего);stat.uz;880;нет (только республика);2010;2025;16;единиц;частота;Грабежи и разбои;нет;https://stat.uz/ru/ofitsialnaya-statistika/crime-and-justice;https://api.siat.stat.uz/media/uploads/sdmx/sdmx_data_880.json;только по республике, разреза регионов нет
9;Имущество от ущерба;—;НЕ НАЙДЕНО В ОТКРЫТЫХ ДАННЫХ;stat.uz, data.egov.uz;;;;;;;;;;;;краж из жилищ и предприятий отдельно нет — только все кражи вместе
10;Автогражданская ответственность;cars_per_100_households;Количество автомобилей на 100 домохозяйств;stat.uz;579;нет (только республика);2010;2025;16;штук;экспозиция;Автомобилей на 100 домохозяйств;нет;https://stat.uz/ru/ofitsialnaya-statistika/living-standards;https://api.siat.stat.uz/media/uploads/sdmx/sdmx_data_579.json;"ТОЛЬКО по республике, разреза регионов нет; это обеспеченность домохозяйств, а не число машин на учёте; подменять ею парк региона нельзя"
10;Автогражданская ответственность;road_accidents;Количество дорожно-транспортных происшествий (по регионам);data.egov.uz;6114e2b9114fbfdc20c354d2;да;2014;2023;150;единиц;частота;Дорожно-транспортные происшествия;да;https://data.egov.uz/rus/data/6114e2b9114fbfdc20c354d2;https://data.egov.uz/apiData/MainData/GetByFile?id=6114e2b9114fbfdc20c354d2&fileType=1&tableType=2;"2014–2023 годы; 2024 год лежит в отдельном наборе road_accidents_2024; это все ДТП по учёту органа статистики, а не страховые случаи"
10;Автогражданская ответственность;road_accidents_2024;Количество дорожно-транспортных происшествий (2024, по регионам);data.egov.uz;6114e27e114fbfdc20c354cc;да;2024;2024;15;единиц;частота;Дорожно-транспортные происшествия;да;https://data.egov.uz/rus/data/6114e27e114fbfdc20c354cc;https://data.egov.uz/apiData/MainData/GetByFile?id=6114e27e114fbfdc20c354cc&fileType=1&tableType=2;"в наборе столбцы нарастающим итогом (январь–март … январь–декабрь); берётся только январь–декабрь как год"
10;Автогражданская ответственность;road_injured;Количество пострадавших в дорожно-транспортных происшествиях (по регионам);data.egov.uz;6114e246114fbfdc20c354c8;да;2014;2023;150;человек;тяжесть;Пострадавшие в ДТП;да;https://data.egov.uz/rus/data/6114e246114fbfdc20c354c8;https://data.egov.uz/apiData/MainData/GetByFile?id=6114e246114fbfdc20c354c8&fileType=1&tableType=2;"2014–2023 годы; 2024 год лежит в отдельном наборе road_injured_2024; погибшие и раненые вместе, раздельно по регионам не даются"
10;Автогражданская ответственность;road_injured_2024;Количество пострадавших в дорожно-транспортных происшествиях (2024, по регионам);data.egov.uz;6114e1fd114fbfdc20c354c2;да;2024;2024;15;человек;тяжесть;Пострадавшие в ДТП;да;https://data.egov.uz/rus/data/6114e1fd114fbfdc20c354c2;https://data.egov.uz/apiData/MainData/GetByFile?id=6114e1fd114fbfdc20c354c2&fileType=1&tableType=2;"столбцы нарастающим итогом; берётся только январь–декабрь 2024; январь–март 2025 не сохраняется (неполный год)"
10;Автогражданская ответственность;road_death_rate;Смертность в результате дорожно-транспортных происшествий (ЦУР 3.6.1);data.egov.uz;61bc3675ae25c8ecefbfe0df;нет (только республика);2000;2020;21;на 100 000 человек;тяжесть;Смертность в ДТП на 100 000 жителей;нет;https://data.egov.uz/rus/data/61bc3675ae25c8ecefbfe0df;https://data.egov.uz/apiData/MainData/GetByFile?id=61bc3675ae25c8ecefbfe0df&fileType=1&tableType=2;"только по республике, разреза регионов нет; единица по методике ЦУР 3.6.1 (на 100 000 населения) — в самом наборе не подписана"
10;Автогражданская ответственность;freight_road;Объём перевезённых грузов автомобильным транспортом;stat.uz;479;да;2000;2025;390;млн т;экспозиция;Перевезено грузов автотранспортом;нет;https://stat.uz/ru/ofitsialnaya-statistika/services;https://api.siat.stat.uz/media/uploads/sdmx/sdmx_data_479.json;это объём, а не аварийность: частоты убытков по грузам в открытых данных нет
10;Автогражданская ответственность;passengers_road;Количество перевезённых пассажиров автомобильным транспортом;stat.uz;599;да;2000;2025;390;млн человек;экспозиция;Перевезено пассажиров автотранспортом;нет;https://stat.uz/ru/ofitsialnaya-statistika/services;https://api.siat.stat.uz/media/uploads/sdmx/sdmx_data_599.json;объём перевозок, а не аварийность
10;Автогражданская ответственность;—;НЕ НАЙДЕНО В ОТКРЫТЫХ ДАННЫХ;stat.uz, data.egov.uz;;;;;;;;;;;;"парка транспортных средств по регионам нет; числа договоров ОСАГО нет в отчётах НАПП"
11;Ответственность (авиация);freight_air;Объём перевезённых грузов воздушным транспортом;stat.uz;498;нет (только республика);2000;2025;26;тыс. т;экспозиция;Перевезено грузов воздушным транспортом;нет;https://stat.uz/ru/ofitsialnaya-statistika/services;https://api.siat.stat.uz/media/uploads/sdmx/sdmx_data_498.json;"только по республике; авиационных происшествий в открытых данных нет"
11;Ответственность (авиация);passengers_air;Количество отправленных пассажиров воздушным транспортом;stat.uz;614;нет (только республика);2000;2025;26;млн человек;экспозиция;Отправлено пассажиров воздушным транспортом;нет;https://stat.uz/ru/ofitsialnaya-statistika/services;https://api.siat.stat.uz/media/uploads/sdmx/sdmx_data_614.json;только по республике
11;Ответственность (авиация);—;НЕ НАЙДЕНО В ОТКРЫТЫХ ДАННЫХ;stat.uz, data.egov.uz;;;;;;;;;;;;авиационных происшествий нет — только объём перевозок по республике
12;Ответственность (море);—;НЕ НАЙДЕНО В ОТКРЫТЫХ ДАННЫХ;stat.uz, data.egov.uz;;;;;;;;;;;;морского и речного транспорта в статистике нет
13;Общая гражданская ответственность;disability_work_injury_m;Впервые признаны лицами с инвалидностью по причине трудового увечья (мужчины);stat.uz;3475;нет (только республика);2017;2024;8;человек;тяжесть;Инвалидность из-за трудового увечья (мужчины + женщины);нет;https://stat.uz/ru/ofitsialnaya-statistika/social-protection;https://api.siat.stat.uz/media/uploads/sdmx/sdmx_data_3475.json;"только по республике; мужчины и женщины — разные наборы (женщины — 3487)"
13;Общая гражданская ответственность;disability_work_injury_f;Впервые признаны лицами с инвалидностью по причине трудового увечья (женщины);stat.uz;3487;нет (только республика);2017;2024;8;человек;тяжесть;Инвалидность из-за трудового увечья (мужчины + женщины);нет;https://stat.uz/ru/ofitsialnaya-statistika/social-protection;https://api.siat.stat.uz/media/uploads/sdmx/sdmx_data_3487.json;только по республике
13;Общая гражданская ответственность;work_injury_fatal_rate;Производственные травмы со смертельным исходом на 100 000 работников по видам экономической деятельности;data.egov.uz;61166677114fbfdc20c3687d;нет (только республика);2020;2020;13;на 100 000 работников;частота;Смертельные травмы на производстве на 100 000 работников;нет;https://data.egov.uz/rus/data/61166677114fbfdc20c3687d;https://data.egov.uz/apiData/MainData/GetByFile?id=61166677114fbfdc20c3687d&fileType=1&tableType=2;"только по республике, разрез — виды деятельности, а не регионы; в наборе один год — 2020; свежее органом статистики на портале не выложено"
13;Общая гражданская ответственность;work_injury_nonfatal_rate;Несмертельные производственные травмы на 100 000 работников по видам экономической деятельности;data.egov.uz;6117852c96188a0f14ac90c4;нет (только республика);2020;2020;13;на 100 000 работников;частота;Несмертельные травмы на производстве на 100 000 работников;нет;https://data.egov.uz/rus/data/6117852c96188a0f14ac90c4;https://data.egov.uz/apiData/MainData/GetByFile?id=6117852c96188a0f14ac90c4&fileType=1&tableType=2;"только по республике, разрез — виды деятельности; один год — 2020"
13;Общая гражданская ответственность;work_accidents;Количество несчастных случаев на производстве (по видам деятельности);data.egov.uz;6117876296188a0f14ac90d3;нет (только республика);2020;2020;10;единиц;частота;Несчастные случаи на производстве;нет;https://data.egov.uz/rus/data/6117876296188a0f14ac90d3;https://data.egov.uz/apiData/MainData/GetByFile?id=6117876296188a0f14ac90d3&fileType=1&tableType=2;"только по республике; один год — 2020"
13;Общая гражданская ответственность;—;НЕ НАЙДЕНО В ОТКРЫТЫХ ДАННЫХ;stat.uz, data.egov.uz;;;;;;;;;;;;"производственный травматизм — только 2020 год и только по республике (по отраслям); числа исков о возмещении вреда нет"
13з;Ответственность заёмщиков за непогашение кредитов;grp_per_capita;Объём валового внутреннего (регионального) продукта на душу населения;stat.uz;660;да;2010;2025;240;в текущих ценах, тыс. сум;справочно;—;нет;https://stat.uz/ru/ofitsialnaya-statistika/national-accounts;https://api.siat.stat.uz/media/uploads/sdmx/sdmx_data_660.json;годовой
13з;Ответственность заёмщиков за непогашение кредитов;frauds;Число зарегистрированных мошенничеств (всего);stat.uz;901;нет (только республика);2010;2025;16;единиц;частота;Зарегистрированные мошенничества;нет;https://stat.uz/ru/ofitsialnaya-statistika/crime-and-justice;https://api.siat.stat.uz/media/uploads/sdmx/sdmx_data_901.json;"только по республике, разреза регионов нет; в паспорте набора у источника не заполнено имя показателя — название взято из каталога stat.uz"
13з;Ответственность заёмщиков за непогашение кредитов;enterprises_liquidated;Количество ликвидированных субъектов предпринимательства (по регионам);data.egov.uz;6108e1e02a2e256d868e88fb;да;2024;2024;15;единиц;частота;Ликвидированные субъекты предпринимательства;да;https://data.egov.uz/rus/data/6108e1e02a2e256d868e88fb;https://data.egov.uz/apiData/MainData/GetByFile?id=6108e1e02a2e256d868e88fb&fileType=1&tableType=2;"ликвидации по любой причине, не только банкротства; отдельного ряда банкротств нет; в наборе один полный год — 2024 (январь–декабрь); месячные столбцы 2025 года нарастающим итогом не сохраняются; без фермерских хозяйств (так у источника)"
13з;Ответственность заёмщиков за непогашение кредитов;bank_loans_by_type;Остаток кредитного портфеля банков по видам кредитования (ЦБ);data.egov.uz;6113c1ebdb32b99538e08a77;нет (только республика);2024-M12;2025-M12;30;млрд сум;экспозиция;Остаток кредитов банков (всего);нет;https://data.egov.uz/rus/data/6113c1ebdb32b99538e08a77;https://data.egov.uz/apiData/MainData/GetByFile?id=6113c1ebdb32b99538e08a77&fileType=1&tableType=2;"только по республике; просроченной и проблемной задолженности в наборе нет; набор ЦБ «Данные о проблемных кредитах коммерческих банков» на портале пуст"
13з;Ответственность заёмщиков за непогашение кредитов;—;НЕ НАЙДЕНО В ОТКРЫТЫХ ДАННЫХ;stat.uz, data.egov.uz;;;;;;;;;;;;"просроченной и проблемной задолженности банков нет (набор ЦБ «проблемные кредиты» пуст); банкротств отдельно от ликвидаций нет"
14;Кредиты;cpi_annual;Годовая динамика индекса потребительских цен (к декабрю предыдущего года);stat.uz;3003;нет (только республика);2000;2025;26;процент;справочно;—;нет;https://stat.uz/ru/ofitsialnaya-statistika/prices-and-indexes;https://api.siat.stat.uz/media/uploads/sdmx/sdmx_data_3003.json;только по республике, разреза регионов нет
14;Кредиты;grp_per_capita;Объём валового внутреннего (регионального) продукта на душу населения;stat.uz;660;да;2010;2025;240;в текущих ценах, тыс. сум;справочно;—;нет;https://stat.uz/ru/ofitsialnaya-statistika/national-accounts;https://api.siat.stat.uz/media/uploads/sdmx/sdmx_data_660.json;годовой
14;Кредиты;frauds;Число зарегистрированных мошенничеств (всего);stat.uz;901;нет (только республика);2010;2025;16;единиц;частота;Зарегистрированные мошенничества;нет;https://stat.uz/ru/ofitsialnaya-statistika/crime-and-justice;https://api.siat.stat.uz/media/uploads/sdmx/sdmx_data_901.json;"только по республике, разреза регионов нет; в паспорте набора у источника не заполнено имя показателя — название взято из каталога stat.uz"
14;Кредиты;enterprises_liquidated;Количество ликвидированных субъектов предпринимательства (по регионам);data.egov.uz;6108e1e02a2e256d868e88fb;да;2024;2024;15;единиц;частота;Ликвидированные субъекты предпринимательства;да;https://data.egov.uz/rus/data/6108e1e02a2e256d868e88fb;https://data.egov.uz/apiData/MainData/GetByFile?id=6108e1e02a2e256d868e88fb&fileType=1&tableType=2;"ликвидации по любой причине, не только банкротства; отдельного ряда банкротств нет; в наборе один полный год — 2024 (январь–декабрь); месячные столбцы 2025 года нарастающим итогом не сохраняются; без фермерских хозяйств (так у источника)"
14;Кредиты;bank_loans_by_type;Остаток кредитного портфеля банков по видам кредитования (ЦБ);data.egov.uz;6113c1ebdb32b99538e08a77;нет (только республика);2024-M12;2025-M12;30;млрд сум;экспозиция;Остаток кредитов банков (всего);нет;https://data.egov.uz/rus/data/6113c1ebdb32b99538e08a77;https://data.egov.uz/apiData/MainData/GetByFile?id=6113c1ebdb32b99538e08a77&fileType=1&tableType=2;"только по республике; просроченной и проблемной задолженности в наборе нет; набор ЦБ «Данные о проблемных кредитах коммерческих банков» на портале пуст"
14;Кредиты;financial_services;Объём финансовых услуг;stat.uz;1212;да;2010;2025;240;млрд сум;экспозиция;Объём финансовых услуг;нет;https://stat.uz/ru/ofitsialnaya-statistika/services;https://api.siat.stat.uz/media/uploads/sdmx/sdmx_data_1212.json;"объём услуг, а не риск; в балл не входит"
14;Кредиты;—;НЕ НАЙДЕНО В ОТКРЫТЫХ ДАННЫХ;stat.uz, data.egov.uz;;;;;;;;;;;;"просроченной задолженности по кредитам нет (набор ЦБ пуст); просроченная дебиторская и кредиторская задолженность предприятий по регионам — наборы на портале пустые или без периода"
15;Поручительство (гарантии);cpi_annual;Годовая динамика индекса потребительских цен (к декабрю предыдущего года);stat.uz;3003;нет (только республика);2000;2025;26;процент;справочно;—;нет;https://stat.uz/ru/ofitsialnaya-statistika/prices-and-indexes;https://api.siat.stat.uz/media/uploads/sdmx/sdmx_data_3003.json;только по республике, разреза регионов нет
15;Поручительство (гарантии);grp_per_capita;Объём валового внутреннего (регионального) продукта на душу населения;stat.uz;660;да;2010;2025;240;в текущих ценах, тыс. сум;справочно;—;нет;https://stat.uz/ru/ofitsialnaya-statistika/national-accounts;https://api.siat.stat.uz/media/uploads/sdmx/sdmx_data_660.json;годовой
15;Поручительство (гарантии);frauds;Число зарегистрированных мошенничеств (всего);stat.uz;901;нет (только республика);2010;2025;16;единиц;частота;Зарегистрированные мошенничества;нет;https://stat.uz/ru/ofitsialnaya-statistika/crime-and-justice;https://api.siat.stat.uz/media/uploads/sdmx/sdmx_data_901.json;"только по республике, разреза регионов нет; в паспорте набора у источника не заполнено имя показателя — название взято из каталога stat.uz"
15;Поручительство (гарантии);enterprises_liquidated;Количество ликвидированных субъектов предпринимательства (по регионам);data.egov.uz;6108e1e02a2e256d868e88fb;да;2024;2024;15;единиц;частота;Ликвидированные субъекты предпринимательства;да;https://data.egov.uz/rus/data/6108e1e02a2e256d868e88fb;https://data.egov.uz/apiData/MainData/GetByFile?id=6108e1e02a2e256d868e88fb&fileType=1&tableType=2;"ликвидации по любой причине, не только банкротства; отдельного ряда банкротств нет; в наборе один полный год — 2024 (январь–декабрь); месячные столбцы 2025 года нарастающим итогом не сохраняются; без фермерских хозяйств (так у источника)"
15;Поручительство (гарантии);bank_loans_by_type;Остаток кредитного портфеля банков по видам кредитования (ЦБ);data.egov.uz;6113c1ebdb32b99538e08a77;нет (только республика);2024-M12;2025-M12;30;млрд сум;экспозиция;Остаток кредитов банков (всего);нет;https://data.egov.uz/rus/data/6113c1ebdb32b99538e08a77;https://data.egov.uz/apiData/MainData/GetByFile?id=6113c1ebdb32b99538e08a77&fileType=1&tableType=2;"только по республике; просроченной и проблемной задолженности в наборе нет; набор ЦБ «Данные о проблемных кредитах коммерческих банков» на портале пуст"
15;Поручительство (гарантии);financial_services;Объём финансовых услуг;stat.uz;1212;да;2010;2025;240;млрд сум;экспозиция;Объём финансовых услуг;нет;https://stat.uz/ru/ofitsialnaya-statistika/services;https://api.siat.stat.uz/media/uploads/sdmx/sdmx_data_1212.json;"объём услуг, а не риск; в балл не входит"
15;Поручительство (гарантии);—;НЕ НАЙДЕНО В ОТКРЫТЫХ ДАННЫХ;stat.uz, data.egov.uz;;;;;;;;;;;;"просроченной задолженности и банкротств отдельно нет; есть ликвидации предприятий (2024)"
16;Прочие финансовые риски;cpi_annual;Годовая динамика индекса потребительских цен (к декабрю предыдущего года);stat.uz;3003;нет (только республика);2000;2025;26;процент;финансовый фон;Инфляция: индекс потребительских цен (к декабрю прошлого года);нет;https://stat.uz/ru/ofitsialnaya-statistika/prices-and-indexes;https://api.siat.stat.uz/media/uploads/sdmx/sdmx_data_3003.json;только по республике, разреза регионов нет
16;Прочие финансовые риски;grp_per_capita;Объём валового внутреннего (регионального) продукта на душу населения;stat.uz;660;да;2010;2025;240;в текущих ценах, тыс. сум;справочно;—;нет;https://stat.uz/ru/ofitsialnaya-statistika/national-accounts;https://api.siat.stat.uz/media/uploads/sdmx/sdmx_data_660.json;годовой
16;Прочие финансовые риски;frauds;Число зарегистрированных мошенничеств (всего);stat.uz;901;нет (только республика);2010;2025;16;единиц;частота;Зарегистрированные мошенничества;нет;https://stat.uz/ru/ofitsialnaya-statistika/crime-and-justice;https://api.siat.stat.uz/media/uploads/sdmx/sdmx_data_901.json;"только по республике, разреза регионов нет; в паспорте набора у источника не заполнено имя показателя — название взято из каталога stat.uz"
16;Прочие финансовые риски;enterprises_liquidated;Количество ликвидированных субъектов предпринимательства (по регионам);data.egov.uz;6108e1e02a2e256d868e88fb;да;2024;2024;15;единиц;частота;Ликвидированные субъекты предпринимательства;да;https://data.egov.uz/rus/data/6108e1e02a2e256d868e88fb;https://data.egov.uz/apiData/MainData/GetByFile?id=6108e1e02a2e256d868e88fb&fileType=1&tableType=2;"ликвидации по любой причине, не только банкротства; отдельного ряда банкротств нет; в наборе один полный год — 2024 (январь–декабрь); месячные столбцы 2025 года нарастающим итогом не сохраняются; без фермерских хозяйств (так у источника)"
16;Прочие финансовые риски;financial_services;Объём финансовых услуг;stat.uz;1212;да;2010;2025;240;млрд сум;экспозиция;Объём финансовых услуг;нет;https://stat.uz/ru/ofitsialnaya-statistika/services;https://api.siat.stat.uz/media/uploads/sdmx/sdmx_data_1212.json;"объём услуг, а не риск; в балл не входит"
16;Прочие финансовые риски;fx_rates;Курсы иностранных валют к суму, устанавливаемые ЦБ;data.egov.uz;6113bca7db32b99538e0898d;нет (только республика);2026-09-19;2026-09-19;74;сум за единицу валюты;финансовый фон;Курс доллара США (ЦБ);нет;https://data.egov.uz/rus/data/6113bca7db32b99538e0898d;https://data.egov.uz/apiData/MainData/GetByFile?id=6113bca7db32b99538e0898d&fileType=1&tableType=2;"набор отдаёт курс только на одну дату — история копится с каждым суточным обновлением; только по республике"
16;Прочие финансовые риски;—;НЕ НАЙДЕНО В ОТКРЫТЫХ ДАННЫХ;stat.uz, data.egov.uz;;;;;;;;;;;;"банкротств отдельно нет; курс валют — только на текущий день (история копится)"
16у;Урожай с/х культур;grain_production;Производство зерновых культур во всех категориях хозяйств;stat.uz;275;да;2010;2024;225;тыс. т;изменчивость, экспозиция;"Изменчивость сбора зерна (год к году); Валовой сбор зерновых";да;https://stat.uz/ru/ofitsialnaya-statistika/agriculture;https://api.siat.stat.uz/media/uploads/sdmx/sdmx_data_275.json;"валовой сбор, а не урожайность: посевных площадей по годам в открытых данных нет; падение сбора может быть и от сокращения посевов, а не от погоды"
16у;Урожай с/х культур;wheat_production;Производство пшеницы во всех категориях хозяйств;stat.uz;1458;да;2010;2024;225;тыс. т;изменчивость;Изменчивость сбора пшеницы (год к году);нет;https://stat.uz/ru/ofitsialnaya-statistika/agriculture;https://api.siat.stat.uz/media/uploads/sdmx/sdmx_data_1458.json;валовой сбор, а не урожайность
16у;Урожай с/х культур;crop_output;Общий объём продукции растениеводства;stat.uz;1451;да;2010;2024;225;млрд сум (текущие цены);экспозиция;Продукция растениеводства;нет;https://stat.uz/ru/ofitsialnaya-statistika/agriculture;https://api.siat.stat.uz/media/uploads/sdmx/sdmx_data_1451.json;в текущих ценах: рост включает инфляцию
16у;Урожай с/х культур;—;НЕ НАЙДЕНО В ОТКРЫТЫХ ДАННЫХ;stat.uz, data.egov.uz;;;;;;;;;;;;"урожайности по годам и посевных площадей нет (наборы урожайности без года, посевные площади хлопчатника пусты); погодных потерь и гибели посевов нет"
17;Правовая защита;—;НЕ НАЙДЕНО В ОТКРЫТЫХ ДАННЫХ;stat.uz, data.egov.uz;;;;;;;;;;;;числа судебных дел нет (набор Верховного суда «Данные о судебных решениях» на портале пуст)
