id;Набор;Источник;Страница набора;Адрес данных;Периодичность;Единица;Регионы;Период от;Период до;Строк в базе;Зачем сюрвейеру;Ограничения
population;Численность постоянного населения (всего);stat.uz;https://stat.uz/ru/ofitsialnaya-statistika/demography;https://api.siat.stat.uz/media/uploads/sdmx/sdmx_data_246.json;на начало года;тысяч человек;да;2010;2026;255;Знаменатель проникновения страхования по регионам: премии на душу населения.;"значения на начало года, а премии НАПП — за период; сопоставлять надо премии года N с населением на начало года N"
household_size;Информация о среднем составе домашних хозяйств;stat.uz;https://stat.uz/ru/ofitsialnaya-statistika/living-standards;https://api.siat.stat.uz/media/uploads/sdmx/sdmx_data_1325.json;ежегодный;человек;да;2010;2025;240;Средний размер домохозяйства: из него и населения получается число домохозяйств — знаменатель для страхования жилья.;"само число домохозяйств по регионам орган статистики открыто не публикует; деление населения на средний состав — это уже расчёт, а не данные источника; показатель выборочный (обследование домохозяйств)"
housing_fund_area;Общая площадь жилищного фонда;stat.uz;https://stat.uz/ru/ofitsialnaya-statistika/environment;https://api.siat.stat.uz/media/uploads/sdmx/sdmx_data_1244.json;ежегодный;на конец года, кв. м;да;2010;2025;240;Жилой фонд региона: экспозиция по классам 8 и 9 и база для средней площади жилья.;"на конец года; свежесть — год назад"
dwellings_count;Количество квартир (домов);stat.uz;https://stat.uz/ru/ofitsialnaya-statistika/environment;https://api.siat.stat.uz/media/uploads/sdmx/sdmx_data_1245.json;ежегодный;на конец года, единиц;да;2010;2025;240;Число жилых единиц в регионе: вместе с площадью фонда даёт среднюю площадь квартиры.;на конец года
housing_fund_by_walls_brick;Распределение жилищного фонда по материалу стен: жжёный кирпич;stat.uz;https://stat.uz/ru/ofitsialnaya-statistika/environment;https://api.siat.stat.uz/media/uploads/sdmx/sdmx_data_1256.json;ежегодный;на конец года, тысяч кв. м;да;2010;2025;240;Доля огнестойких конструкций в регионе — фон для коэффициента «конструкция» класса 8.;"это структура всего фонда, а не конкретного объекта; коэффициент объекта по ней калибровать нельзя"
housing_commissioned;Общая площадь введённого в эксплуатацию жилья;stat.uz;https://stat.uz/ru/ofitsialnaya-statistika/investments;https://api.siat.stat.uz/media/uploads/sdmx/sdmx_data_1905.json;годовая и квартальная;тысяча квадратных метров;да;2010;2026-Q2;645;Ввод жилья: новый фонд, который приходит на страхование, и признак активности рынка.;в одном наборе смешаны годовые и квартальные столбцы — они разведены по полю period
house_price_index;Динамика индекса цен на рынке жилья (к предыдущему кварталу);stat.uz;https://stat.uz/ru/ofitsialnaya-statistika/prices-and-indexes;https://api.siat.stat.uz/media/uploads/sdmx/sdmx_data_1305.json;ежеквартально;процент;да;2022-Q1;2026-Q1;255;Индексация страховых стоимостей жилья по регионам там, где площадок объявлений нет.;"это ИНДЕКС (к предыдущему кварталу), а не цена квадратного метра; уровня цен орган статистики открыто не даёт; ряд начинается с 2022-Q1"
house_price_index_primary;Динамика индекса цен на первичном рынке жилья (к предыдущему кварталу);stat.uz;https://stat.uz/ru/ofitsialnaya-statistika/prices-and-indexes;https://api.siat.stat.uz/media/uploads/sdmx/sdmx_data_1306.json;ежеквартально;процент;да;2020-Q2;2026-Q1;360;То же для новостроек.;индекс, не уровень цен
house_price_index_secondary;Динамика индекса цен на вторичном рынке жилья (к предыдущему кварталу);stat.uz;https://stat.uz/ru/ofitsialnaya-statistika/prices-and-indexes;https://api.siat.stat.uz/media/uploads/sdmx/sdmx_data_1307.json;ежеквартально;процент;да;2020-Q2;2026-Q1;360;То же для вторичного жилья.;индекс, не уровень цен
cpi_annual;Годовая динамика индекса потребительских цен (к декабрю предыдущего года);stat.uz;https://stat.uz/ru/ofitsialnaya-statistika/prices-and-indexes;https://api.siat.stat.uz/media/uploads/sdmx/sdmx_data_3003.json;ежегодно;процент;нет;2000;2025;26;Инфляция: индексация лимитов, франшиз и базовых ставок между версиями тарифа.;только по республике, разреза регионов нет
construction_price_index_m;Динамика индекса цен на инвестиции в основной капитал и строительные работы (к предыдущему месяцу);stat.uz;https://stat.uz/ru/ofitsialnaya-statistika/prices-and-indexes;https://api.siat.stat.uz/media/uploads/sdmx/sdmx_data_1301.json;ежемесячный;процент;нет;2010-M01;2026-M08;12800;Приведение страховой стоимости строений и СМР к дате договора.;"строки — не регионы, а виды затрат (сводный индекс, СМР, материалы …); разреза регионов нет; месяцы до 2021 года подписаны кириллической «М», позже латинской «M» — период нормализуется к виду ГГГГ-MNN"
construction_price_index_y;Годовая динамика индекса цен на инвестиции в основной капитал и строительные работы (к декабрю предыдущего года);stat.uz;https://stat.uz/ru/ofitsialnaya-statistika/prices-and-indexes;https://api.siat.stat.uz/media/uploads/sdmx/sdmx_data_1302.json;ежегодно;процент;нет;2010;2025;16;Годовая индексация страховых стоимостей строений.;только по республике
grp;Объём валового внутреннего (регионального) продукта;stat.uz;https://stat.uz/ru/ofitsialnaya-statistika/national-accounts;https://api.siat.stat.uz/media/uploads/sdmx/sdmx_data_1299.json;ежегодный;в текущих ценах, млрд сум;да;2010;2025;240;ВРП региона: масштаб экономики — база для оценки потенциала сборов и для сравнения регионов между собой.;годовой, публикуется с задержкой
grp_per_capita;Объём валового внутреннего (регионального) продукта на душу населения;stat.uz;https://stat.uz/ru/ofitsialnaya-statistika/national-accounts;https://api.siat.stat.uz/media/uploads/sdmx/sdmx_data_660.json;ежегодный;в текущих ценах, тыс. сум;да;2010;2025;240;Платёжеспособность региона.;годовой
cars_per_100_households;Количество автомобилей на 100 домохозяйств;stat.uz;https://stat.uz/ru/ofitsialnaya-statistika/living-standards;https://api.siat.stat.uz/media/uploads/sdmx/sdmx_data_579.json;ежегодный;штук;нет;2010;2025;16;Косвенная экспозиция по классу 3 и ОСАГО: парка машин по регионам в открытых данных нет, это единственный открытый измеритель автомобилизации.;"ТОЛЬКО по республике, разреза регионов нет; это обеспеченность домохозяйств, а не число машин на учёте; подменять ею парк региона нельзя"
emergencies;Статистика произошедших чрезвычайных ситуаций (МЧС);data.egov.uz;https://data.egov.uz/rus/data/674026018f55e7be2f46f1f0;https://data.egov.uz/apiData/MainData/GetByFile?id=674026018f55e7be2f46f1f0&fileType=1&tableType=2;квартальная;случаев;нет;2025-Q2;2026-Q2;6;Частота чрезвычайных ситуаций — фон для рисков классов 8 и 9.;"в наборе всего два периода: II квартал 2025 и II квартал 2026; нет разреза регионов, нет сумм ущерба и числа пострадавших объектов; для расчёта убыточности классов 8 и 9 этого недостаточно"
