группа;код;единица;сделок;медиана_сум_за_единицу;мин;макс;первая_дата;последняя_дата;период_дней;источник;url;примечание
дизельное топливо;diesel;т;2546;16789000.0;163350.0;23450000.0;2026-09-25;2026-09-30;30;uzex.uz реестр сделок;https://uzex.uz/Trade/List;"копия базы, загрузка 02.10.2026; кг приведены к т"
дизельное топливо;diesel;л;27;16500.01;15700.0;48000.0;2026-09-25;2026-09-30;30;uzex.uz реестр сделок;https://uzex.uz/Trade/List;"копия базы, загрузка 02.10.2026; кг приведены к т"
дизельное топливо;diesel;шт;2;4350000.0;700000.0;8000000.0;2026-09-25;2026-09-25;30;uzex.uz реестр сделок;https://uzex.uz/Trade/List;"копия базы, загрузка 02.10.2026; кг приведены к т"
бензин;petrol;т;2581;13385000.0;13175000.0;23850775.0;2026-09-25;2026-09-30;30;uzex.uz реестр сделок;https://uzex.uz/Trade/List;"копия базы, загрузка 02.10.2026; кг приведены к т"
бензин;petrol;л;1;11800.0;11800.0;11800.0;2026-09-28;2026-09-28;30;uzex.uz реестр сделок;https://uzex.uz/Trade/List;"копия базы, загрузка 02.10.2026; кг приведены к т"
печное топливо;heating_oil;т;24;8033024.97;7860024.97;12490099.9;2026-09-25;2026-09-30;30;uzex.uz реестр сделок;https://uzex.uz/Trade/List;"копия базы, загрузка 02.10.2026; кг приведены к т"
прочее топливо (газ, уголь, авиатопливо, мазут);fuel_other;т;648;10459499.0;4730.0;22511000.0;2026-09-25;2026-09-30;30;uzex.uz реестр сделок;https://uzex.uz/Trade/List;"копия базы, загрузка 02.10.2026; кг приведены к т"
масла и смазки;oils;т;23;18810000.0;17606999.9;65000000.0;2026-09-25;2026-09-30;30;uzex.uz реестр сделок;https://uzex.uz/Trade/List;"копия базы, загрузка 02.10.2026; кг приведены к т"
масла и смазки;oils;шт;15;1800000.0;1098000.0;13794000.0;2026-09-25;2026-09-29;30;uzex.uz реестр сделок;https://uzex.uz/Trade/List;"копия базы, загрузка 02.10.2026; кг приведены к т"
масла и смазки;oils;л;10;86440.0;22300.0;117200.0;2026-09-25;2026-09-30;30;uzex.uz реестр сделок;https://uzex.uz/Trade/List;"копия базы, загрузка 02.10.2026; кг приведены к т"
масла и смазки;oils;метр;1;90450.0;90450.0;90450.0;2026-09-29;2026-09-29;30;uzex.uz реестр сделок;https://uzex.uz/Trade/List;"копия базы, загрузка 02.10.2026; кг приведены к т"
металл, арматура, прокат;metal;т;189;8610010.0;75315.5;86000000.0;2026-09-25;2026-09-30;30;uzex.uz реестр сделок;https://uzex.uz/Trade/List;"копия базы, загрузка 02.10.2026; кг приведены к т"
металл, арматура, прокат;metal;метр;14;411424.5;14507.0;5101536.0;2026-09-25;2026-09-30;30;uzex.uz реестр сделок;https://uzex.uz/Trade/List;"копия базы, загрузка 02.10.2026; кг приведены к т"
металл, арматура, прокат;metal;м²;3;335000.0;335000.0;335000.0;2026-09-25;2026-09-28;30;uzex.uz реестр сделок;https://uzex.uz/Trade/List;"копия базы, загрузка 02.10.2026; кг приведены к т"
металл, арматура, прокат;metal;рулон;1;410000.0;410000.0;410000.0;2026-09-28;2026-09-28;30;uzex.uz реестр сделок;https://uzex.uz/Trade/List;"копия базы, загрузка 02.10.2026; кг приведены к т"
цветные металлы;nonferrous;т;134;183972817.0;2300000.0;187819000.0;2026-09-25;2026-09-30;30;uzex.uz реестр сделок;https://uzex.uz/Trade/List;"копия базы, загрузка 02.10.2026; кг приведены к т"
цемент;cement;т;693;590505.0;6195.0;2600016.0;2026-09-25;2026-09-30;30;uzex.uz реестр сделок;https://uzex.uz/Trade/List;"копия базы, загрузка 02.10.2026; кг приведены к т"
мука и зерно;grain;т;1334;3211880.0;784.0;14550000.0;2026-09-25;2026-09-30;30;uzex.uz реестр сделок;https://uzex.uz/Trade/List;"копия базы, загрузка 02.10.2026; кг приведены к т"
хлопок;cotton;т;149;194080.75;470.0;19500000.0;2026-09-25;2026-09-30;30;uzex.uz реестр сделок;https://uzex.uz/Trade/List;"копия базы, загрузка 02.10.2026; кг приведены к т"
химия и удобрения;chemicals;т;3176;9775390.0;495005.0;140000000.0;2026-09-25;2026-09-30;30;uzex.uz реестр сделок;https://uzex.uz/Trade/List;"копия базы, загрузка 02.10.2026; кг приведены к т"
химия и удобрения;chemicals;л;108;125250.0;25000.0;350000.0;2026-09-25;2026-09-30;30;uzex.uz реестр сделок;https://uzex.uz/Trade/List;"копия базы, загрузка 02.10.2026; кг приведены к т"
химия и удобрения;chemicals;шт;47;169999.0;12500.0;1722036.0;2026-09-25;2026-09-30;30;uzex.uz реестр сделок;https://uzex.uz/Trade/List;"копия базы, загрузка 02.10.2026; кг приведены к т"
химия и удобрения;chemicals;г;8;1274.72;501.0;6150.0;2026-09-25;2026-09-30;30;uzex.uz реестр сделок;https://uzex.uz/Trade/List;"копия базы, загрузка 02.10.2026; кг приведены к т"
химия и удобрения;chemicals;м³;5;9023.29;8286.43;9142.86;2026-09-28;2026-09-29;30;uzex.uz реестр сделок;https://uzex.uz/Trade/List;"копия базы, загрузка 02.10.2026; кг приведены к т"
прочее;other;т;493;12400000.0;4000.0;389200000.0;2026-09-25;2026-09-30;30;uzex.uz реестр сделок;https://uzex.uz/Trade/List;"копия базы, загрузка 02.10.2026; кг приведены к т"
прочее;other;м²;142;38830.83;19500.0;160255.02;2026-09-25;2026-09-30;30;uzex.uz реестр сделок;https://uzex.uz/Trade/List;"копия базы, загрузка 02.10.2026; кг приведены к т"
прочее;other;шт;75;2450.0;1736.0;1400000.0;2026-09-25;2026-09-30;30;uzex.uz реестр сделок;https://uzex.uz/Trade/List;"копия базы, загрузка 02.10.2026; кг приведены к т"
прочее;other;г;69;1510144.5;24184.0;1623493.05;2026-09-25;2026-09-30;30;uzex.uz реестр сделок;https://uzex.uz/Trade/List;"копия базы, загрузка 02.10.2026; кг приведены к т"
прочее;other;л;43;36430.0;364.34;380000.0;2026-09-25;2026-09-30;30;uzex.uz реестр сделок;https://uzex.uz/Trade/List;"копия базы, загрузка 02.10.2026; кг приведены к т"
прочее;other;метр;15;900000.0;14000.0;900000.0;2026-09-28;2026-09-30;30;uzex.uz реестр сделок;https://uzex.uz/Trade/List;"копия базы, загрузка 02.10.2026; кг приведены к т"
прочее;other;м³;1;4250000.0;4250000.0;4250000.0;2026-09-30;2026-09-30;30;uzex.uz реестр сделок;https://uzex.uz/Trade/List;"копия базы, загрузка 02.10.2026; кг приведены к т"
