2.4 Hayotni sug`urta qilish sohasidagi sug‘urta majburiyatlari to`g`risidagi ma`lumotlar,2.4 Hayotni sug`urta qilish sohasidagi sug‘urta majburiyatlari to`g`risidagi ma`lumotlar,2.4 Hayotni sug`urta qilish sohasidagi sug‘urta majburiyatlari to`g`risidagi ma`lumotlar,2.4 Hayotni sug`urta qilish sohasidagi sug‘urta majburiyatlari to`g`risidagi ma`lumotlar,2.4 Hayotni sug`urta qilish sohasidagi sug‘urta majburiyatlari to`g`risidagi ma`lumotlar
,,,,mln. so‘mda
№,Sug‘urta kompaniyalari nomi,Umumiy sug‘urta majburiyatlari,Umumiy sug‘urta majburiyatlari,Umumiy sug‘urta majburiyatlari
№,Sug‘urta kompaniyalari nomi,2025-01-01 00:00:00,2026-01-01 00:00:00,"O‘zgarish, %"
,Umumiy,27462012.761063006,53485924.48437281,0.9476330795464412
1,"""APEX LIFE INSURANCE"" AJ",25718407.97142318,49839435.05796501,0.9378895891745607
2,"""TBC SUG‘URTA"" AJ",0,1588961.3885,0
3,"""ALFA LIFE INSURANCE"" AJ",1115217.3114873134,1546671.494553375,0.38687902225141335
4,"""KAFOLAT HAYOT INSURANCE"" AJ",346204.95923316997,389246.83344412205,0.12432483435906905
5,"""O’ZBEKINVEST HAYOT SUG‘URTA KOMPANIYASI"" AJ",70310.84360000001,116955.5342,0.663406783530613
6,"""AGROS HAYOT"" AJ",211871.67531934215,4654.175710311343,-0.9780330442788241
7,"""PRESTIGE INSURANCE"" AJ",0,0,0
