,2024-yil yanvar-dekabr,2025-yil yanvar-dekabr
Sug‘urta tashkilotlari soni,33,36
hayotni sug`urta qilish sohasi,5,7
umumiy sug‘urta sohasi,28,29
To‘lovlarni kafolatlash jamg‘armasi a'zolari bo‘lgan sug‘urta  tashkilotlarining soni,25,25
Sug‘urta tashkilotlarining umumiy ustav kapitali (trln. so‘mda),2.96369508006,4.00550260606
,,
,,
,,
,,
,,
,,
,,
,2024-yil yanvar-dekabr,2025-yil yanvar-dekabr
"Jami investitsiyalar, shu jumladan:","6,5 trln. so`m","9,6 trln. so`m"
Depozitlar (omonatlar),0.7006058335414269,0.6321117075161838
Qimmatli qog‘ozlar,0.19927284028012962,0.1458735930717152
Ko‘chmas mulk,0.06919993312735744,0.173575981504649
Tashkilotlar ustav fondidiagi ishtiroki,0.015052219411574527,0.008953127558249235
Boshqa investitsiyalar,0.015869173639511503,0.0394855903492027
,,
,,
,,
,,
,,
,,
,,
,,
,,
,,
,2024-yil yanvar-dekabr,2025-yil yanvar-dekabr
Sug‘urta mukofotlari,"9,8 trln. so`m","13,5 trln. so`m"
majburiy sug‘urta,0.06803597650372806,0.06636051414789364
ixtiyoriy sug‘urta,0.9026540531322046,0.8900787467486523
hayotni sug`urta qilish sohasi,0.029309970364067267,0.04356073910345414
,,
,2024-yil yanvar-dekabr,2025-yil yanvar-dekabr
Sug‘urta to‘lovlari,"2,2 trln. so`m",3 trln. so`m
majburiy sug‘urta,0.1626716414346515,0.12895439302372416
ixtiyoriy sug‘urta,0.7777158863834832,0.8239978401347783
hayotni sug`urta qilish sohasi,0.05961247218186523,0.04704776684149761
